0,2,3,5,6,10,16,18,19,20,24,25,26,27,38,41,42,45,47,48,49,50,51,52,53,54,55,56,57,58,59,60,61,62,63,64,65,66,67,68,70,71,72,73,74,75,76,77,80,81,83,84,85,87,88,89,90,91,92,93,95,98,99,100,101,102,103,104,107,109,110,114,117,120,122,127,129,130,147,157,158,162,173,187,215
11.091562263794406,0.4524508692365827,-0.4524508692365827,9.933333333333334,201.225,0.0,1.8666666666666667,16.550051211511672,10.112552782110448,2.042720588927014,5.8961032394140656,0.2032804504377142,2.2925951390532595,2.464953756163773,2.1564108306777956,-2.0299999999999994,3599.3743683136177,1.90830321656312,10.05365155780638,5.749511833283905,0.0,0.0,0.0,6.093240070938415,0.0,4.794537184071822,0.0,0.0,36.39820241076966,11.452591282926406,12.433896197141983,0.0,9.53140013787187,16.865688499868007,0.0,5.316788604006331,0.0,0.0,7.04767198267719,42.46456947923127,5.749511833283905,10.05365155780638,4.794537184071822,5.749511833283905,0.0,13.140912053615605,0.0,0.0,0.0,10.772448428929591,38.33,6.093240070938415,4.794537184071822,0.0,5.749511833283905,10.772448428929591,7.04767198267719,6.06636706846161,36.39820241076966,5.316788604006331,5.126759259259259,4.40541832010582,0.0,0.5763425925925927,13.383852749433103,-0.4524508692365827,0.0,1.535182350718065,1.0,0.0,0.0,0.0,0.0,3.0,1.0,0.0,2.0,2.5580000000000007,0.0,0.0,0.0,0.0,1.0,0.0,0.0
5.9376562106324,0.05212962962963,-2.918478835978836,11.61111111111111,350.5909999999999,0.0,1.7222222222222223,35.499020362158454,10.47071059374657,2.237519142795497,8.0729787332724,0.2158046032822062,2.261184336373165,3.006125183376143,4.972432894378645,0.3899999999999998,6946.358281338363,4.494247868158743,4.5237471617118175,5.022633313741326,5.153109816892792,5.879988336435371,0.0,6.718607232363179,9.047494323423637,0.0,4.983978520947208,0.0,34.802819670697545,19.913841467842857,11.806856088638648,18.23639724276716,13.571241485135452,53.328282991699375,0.0,4.983978520947208,0.0,13.847474399381248,13.213763929025836,21.264743512837057,5.879988336435371,4.5237471617118175,0.0,5.879988336435371,41.52142690306073,18.19774244997304,20.85435041206228,0.0,15.198376444375445,0.0,40.58,6.718607232363179,0.0,21.078364780810816,13.213763929025836,0.0,6.06636706846161,13.847474399381248,0.0,4.983978520947208,16.056113473167045,0.4988730368690701,0.0,0.05212962962963,1.421966805240615,0.0,1.3662916071778506,0.0,0.0,0.0,0.0,1.0,0.0,9.0,6.0,0.0,1.0,4.718100000000002,1.0,0.0,0.0,0.0,0.0,0.0,0.0
12.611418379883837,0.113804497419286,-1.0284014655244815,20.392857142857142,416.304,0.0,1.8214285714285712,35.53908973147812,10.08891601780199,2.6152215765726248,6.554401659899356,-0.1490798940492189,3.195228205986146,1.721481494739987,5.21314875878425,-2.479999999999998,2171247.0323573537,4.49388941398866,9.473725907600098,22.05971315351801,0.0,6.103966387748303,0.0,5.969305287951848,4.794537184071822,0.0,5.261891554738487,0.0,67.38118952215433,41.67438489623849,5.563451491696996,5.917906046161393,14.26826309167192,29.17118506841688,5.261891554738487,0.0,17.250802561719567,19.95144078712955,0.0,70.7282433888433,17.568244979360085,4.736862953800049,0.0,11.49902366656781,23.20187978046503,5.969305287951848,9.53140013787187,28.581915429250326,0.0,0.0,59.32000000000001,12.073271675700152,10.056428738810308,21.742270735877497,17.062475158264807,0.0,0.0,30.34148838068032,50.248531054481575,0.0,11.397899512505774,9.530405787327686,0.231394620126017,0.2892627430591366,18.293881632746352,0.6151906779955121,3.8740361388918383,0.0,0.0,1.0,0.0,0.0,0.0,6.0,6.0,3.0,3.0,6.177980000000003,1.0,0.0,1.0,0.0,2.0,0.0,0.0
6.0918720080624835,0.0945679012345679,-0.5348601662887378,11.22222222222222,320.04599999999994,0.0,0.9444444444444444,35.539279951338116,9.927788407359309,2.207679507771397,6.446098788801404,0.8868649639057902,2.339274363032339,2.394110502884274,3.718125276542579,-0.3999999999999995,12051.94151834261,3.330091331517386,0.0,4.836269690250055,0.0,0.0,0.0,0.0,0.0,0.0,0.0,23.20187978046503,47.46734805431147,35.392371257240434,15.963172673644046,0.0,0.0,46.40375956093006,0.0,0.0,0.0,10.754175736411447,0.0,69.70310615856953,0.0,0.0,0.0,0.0,46.40375956093006,4.836269690250055,0.0,0.0,10.045266627482652,0.0,0.0,4.836269690250055,0.0,5.917906046161393,10.045266627482652,11.126902983393991,0.0,0.0,48.53093654769288,0.0,0.0,1.3783352229780808,2.049486016628874,-0.0945679012345679,15.03703255787912,0.0,0.0,0.0,0.0,0.0,0.0,0.0,0.0,4.0,3.0,0.0,2.0,5.929000000000001,0.0,2.0,0.0,0.0,0.0,0.0,0.0
10.990245653817082,0.4205763416477706,-1.963631897203325,12.5,370.49,0.0,0.95,35.582600580623456,9.874227861219472,2.4944786897252405,6.6812929361664795,0.0849886260457824,2.3796126068069703,2.622374710790276,4.258684609440006,-0.1499999999999995,23186.94524072712,3.0370637568559187,5.106527394840706,0.0,5.601050810983688,3.7925359355297714,0.0,0.0,0.0,0.0,0.0,0.0,82.27016772500902,35.392371257240434,10.045266627482652,0.0,5.106527394840706,58.00469945116258,0.0,0.0,0.0,9.39358674651346,0.0,69.70310615856953,0.0,0.0,0.0,0.0,58.00469945116258,8.899063330370478,5.601050810983688,0.0,10.045266627482652,0.0,20.23,9.39358674651346,5.106527394840706,0.0,21.172169610876644,0.0,0.0,48.53093654769288,0.0,0.0,-1.963631897203325,12.039363189720332,-0.9715016376921132,0.0,12.916723915903813,0.0,0.0,0.0,1.0,0.0,0.0,0.0,0.0,6.0,2.0,0.0,2.0,5.599500000000001,0.0,3.0,0.0,0.0,0.0,0.0,0.0
6.824158950617283,0.0466820987654317,-1.3746913580246911,66.63157894736842,380.9129999999999,0.0,1.263157894736842,35.540308675380096,9.725070007982096,2.8893323855120308,6.653212334758468,0.2373438586922135,2.9115223693703705,1.802907459793631,10.21579330365118,1.44,38778.56643764397,0.9859582678778774,4.736862953800049,9.748344582882218,4.33335411348544,0.0,0.0,0.0,0.0,0.0,0.0,23.20187978046503,46.40375956093006,30.09244580757158,0.0,22.2725054797238,4.736862953800049,69.60563934139509,0.0,0.0,23.671624184645573,32.710453094790275,0.0,10.064572704227194,0.0,0.0,0.0,0.0,69.60563934139509,26.28963147186426,4.736862953800049,23.671624184645573,0.0,0.0,12.53,14.081698696367658,0.0,24.04374486781939,21.900384796549982,6.4208216229260096,0.0,0.0,0.0,0.0,4.346471403376166,0.6422839506172853,0.0,0.7758024691358014,0.0,1.6332879818594104,0.0,0.0,0.0,4.0,1.0,0.0,4.0,7.0,0.0,0.0,5.0,4.481400000000002,0.0,4.0,2.0,0.0,1.0,0.0,0.0
6.761998456790122,0.0663580246913577,-1.3655246913580248,58.77777777777778,364.9139999999999,0.0,1.2222222222222223,35.540308479450225,9.752512084981031,2.8483537413512976,6.653218348957602,0.3053403489815749,2.9746967394496187,2.032344649126246,9.415855929642316,1.22,20189.26677064456,0.9734449954580696,0.0,9.748344582882218,4.33335411348544,0.0,0.0,0.0,0.0,0.0,0.0,23.20187978046503,58.55579977459783,30.09244580757158,0.0,10.064572704227194,0.0,69.60563934139509,0.0,0.0,23.671624184645573,20.502520319293662,0.0,22.216612917894956,0.0,0.0,0.0,0.0,69.60563934139509,14.081698696367658,0.0,23.671624184645573,0.0,0.0,0.0,14.081698696367658,0.0,11.835812092322788,21.900384796549982,6.4208216229260096,0.0,0.0,0.0,12.152040213667762,-1.3655246913580248,0.6537654320987669,0.0,0.8151543209876535,0.0,5.396980347694634,0.0,0.0,0.0,4.0,0.0,0.0,4.0,6.0,0.0,0.0,4.0,5.270200000000001,0.0,4.0,4.0,0.0,0.0,0.0,0.0
11.091562263794406,0.4367283950617284,-0.4524508692365827,30.185185185185187,492.0569999999999,0.0,1.2222222222222223,35.50500229265778,9.972830708858853,2.464268325059907,6.44768509563482,0.2032783775969004,2.6972508674652924,1.991111060656885e-07,8.013120751604946,-0.2899999999999992,846936.7723841019,5.6205389721136365,10.05365155780638,5.749511833283905,0.0,0.0,0.0,6.093240070938415,0.0,4.794537184071822,0.0,69.60563934139509,36.39820241076966,11.452591282926406,12.433896197141983,32.26252720923436,9.53140013787187,86.4713278412631,0.0,5.316788604006331,0.0,32.26252720923436,7.04767198267719,42.46456947923127,5.749511833283905,10.05365155780638,4.794537184071822,5.749511833283905,69.60563934139509,45.403439262849965,0.0,0.0,0.0,10.772448428929591,38.33,38.35576728017278,4.794537184071822,0.0,5.749511833283905,10.772448428929591,7.04767198267719,6.06636706846161,36.39820241076966,5.316788604006331,5.126759259259259,1.785047949735448,0.0,0.5763425925925927,13.383852749433103,-0.4524508692365827,0.0,1.535182350718065,1.0,1.0,0.0,0.0,0.0,9.0,1.0,0.0,3.0,6.202400000000003,0.0,6.0,0.0,0.0,1.0,0.0,0.0
10.382503779289491,0.5477777777777779,-0.5477777777777779,10.9,162.214,0.0,2.3,32.1664346897438,10.891554329380549,1.9413806038900887,8.127968139176359,0.1532208902905333,1.988615511683862,3.608044380766722,1.4220032440153507,-0.7100000000000001,147.1575478646058,4.196814348969283,5.316788604006331,5.043716986591482,0.0,0.0,0.0,6.093240070938415,4.8375885837366335,4.794537184071822,0.0,11.761884949391115,5.15571272675054,13.179506383202028,7.04767198267719,0.0,9.632125767808455,22.898842006921015,0.0,5.316788604006331,5.15571272675054,6.923737199690624,13.303441166188597,0.0,0.0,5.316788604006331,4.794537184071822,0.0,11.761884949391115,24.440398223718493,4.8375885837366335,0.0,0.0,0.0,50.69,6.093240070938415,4.794537184071822,0.0,5.043716986591482,0.0,18.809556932068304,6.923737199690624,6.255769183511404,15.310089914493505,0.0,6.459555933484506,0.0,0.0,0.0,1.3054402872260014,1.7575462962962962,1.478447656840514,1.0,0.0,0.0,0.0,0.0,5.0,1.0,0.0,0.0,1.0388,1.0,0.0,0.0,0.0,0.0,0.0,0.0
13.074418864398124,0.2196033845637017,-0.5617524486646517,11.153846153846152,352.4780000000001,0.0,1.4615384615384617,16.174228632379325,10.031553386212572,2.294148018309765,5.992191341589644,0.0358262099622874,2.567302586602795,2.290346313235774,4.180270702519702,-2.6199999999999997,372248.6058470589,4.718858609761886,0.0,0.0,0.0,0.0,11.814359458703011,0.0,15.01486576525403,5.008912523954531,0.0,0.0,36.249741388469445,70.86842738692255,11.126902983393991,5.538925252383345,9.589074368143644,11.814359458703011,0.0,10.434703921064916,0.0,53.50217007345309,0.0,70.28182693771626,0.0,5.425791397110385,0.0,0.0,0.0,22.362197235040888,6.4208216229260096,13.847474399381248,0.0,0.0,49.41,5.538925252383345,9.589074368143644,11.814359458703011,11.126902983393991,17.54772460632,10.572364015651528,12.13273413692322,64.95052134076116,12.349528596801008,0.0,1.4139670729402871,6.5334682430844255,-0.5109894389854703,13.148183496626231,0.9178674873494288,11.67372533656732,0.0,1.0,0.0,0.0,0.0,0.0,4.0,3.0,0.0,2.0,4.451540000000004,1.0,0.0,0.0,3.0,0.0,0.0,0.0
11.316003401360549,0.0107407407407411,-1.860735071806501,52.21052631578947,406.92899999999986,0.0,1.3157894736842106,35.54030974828978,9.828011504319116,2.820580394458581,7.747130331701795,0.2072894135005547,2.5435556914189767,2.1877260443323916,8.946869492336543,1.55,17026.56179835863,1.5894427466458492,0.0,9.748344582882218,4.33335411348544,0.0,0.0,11.361316488136412,8.366170865299415,0.0,4.208898492164469,23.20187978046503,46.40375956093006,0.0,11.835812092322788,23.27833663325303,12.575069357463883,80.9669558295315,0.0,0.0,11.835812092322788,14.081698696367658,13.213763929025836,10.064572704227194,0.0,0.0,0.0,0.0,69.60563934139509,31.504361117557963,19.727487353435823,11.835812092322788,0.0,0.0,35.53,37.27882727682686,4.208898492164469,23.27833663325303,0.0,0.0,0.0,0.0,0.0,0.0,19.746629818594105,0.2099363819601927,0.0,-0.9108950617283962,0.0,0.0,0.0214814814814823,0.0,0.0,2.0,1.0,0.0,2.0,10.0,0.0,1.0,3.0,3.689800000000001,0.0,4.0,2.0,0.0,0.0,0.0,0.0
11.316003401360549,0.0107407407407411,-1.860735071806501,52.21052631578947,406.92899999999986,0.0,1.3157894736842106,35.54030974828978,9.828011504319116,2.820580394458581,7.747130331701795,0.2072894135005547,2.5435556914189767,2.1877260443323916,8.946869492336543,1.55,17026.56179835863,1.5894427466458492,0.0,9.748344582882218,4.33335411348544,0.0,0.0,11.361316488136412,8.366170865299415,0.0,4.208898492164469,23.20187978046503,46.40375956093006,0.0,11.835812092322788,23.27833663325303,12.575069357463883,80.9669558295315,0.0,0.0,11.835812092322788,14.081698696367658,13.213763929025836,10.064572704227194,0.0,0.0,0.0,0.0,69.60563934139509,31.504361117557963,19.727487353435823,11.835812092322788,0.0,0.0,35.53,37.27882727682686,4.208898492164469,23.27833663325303,0.0,0.0,0.0,0.0,0.0,0.0,19.746629818594105,0.2099363819601927,0.0,-0.9108950617283962,0.0,0.0,0.0214814814814823,0.0,0.0,2.0,1.0,0.0,2.0,10.0,0.0,1.0,3.0,3.689800000000001,0.0,4.0,2.0,0.0,0.0,0.0,0.0
0.0,0.0,0.0,0.0,26.982,3.0,1.0,26.982,26.982,0.0,5.754,5.754,0.0,0.0,0.0,0.5324675324675323,0.0,4.0446626544187545,0.0,0.0,0.0,0.0,0.0,0.0,0.0,0.0,0.0,0.0,0.0,0.0,17.36106511960754,0.0,0.0,17.36106511960754,0.0,0.0,0.0,0.0,0.0,0.0,0.0,0.0,0.0,0.0,0.0,17.36106511960754,0.0,0.0,0.0,0.0,0.0,0.0,0.0,17.36106511960754,0.0,0.0,0.0,0.0,0.0,0.0,0.0,0.0,0.0,0.0,0.0,0.0,0.0,0.0,0.0,0.0,0.0,0.0,0.0,1.0,0.0,0.0,0.0,-0.3808,0.0,0.0,0.0,0.0,0.0,0.0,0.0
0.0,0.0,0.0,0.0,58.933,1.0,1.0,0.0,0.0,0.0,0.0,0.0,0.0,0.0,0.0,0.5064935064935063,0.0,4.403929403929406,0.0,0.0,0.0,0.0,0.0,0.0,0.0,0.0,0.0,0.0,0.0,0.0,16.77879776869357,0.0,16.77879776869357,0.0,0.0,0.0,0.0,0.0,0.0,0.0,0.0,0.0,0.0,0.0,0.0,0.0,16.77879776869357,0.0,0.0,0.0,0.0,0.0,0.0,16.77879776869357,0.0,0.0,0.0,0.0,0.0,0.0,0.0,0.0,0.0,0.0,0.0,0.0,0.0,0.0,0.0,0.0,0.0,0.0,0.0,1.0,0.0,0.0,0.0,-0.0025,0.0,0.0,0.0,0.0,0.0,0.0,0.0
0.0,0.0,0.0,0.0,63.546,1.0,1.0,0.0,0.0,0.0,0.0,0.0,0.0,0.0,0.0,0.5194805194805194,0.0,4.21948051948052,0.0,0.0,0.0,0.0,0.0,0.0,0.0,0.0,0.0,0.0,0.0,0.0,17.068678152405656,0.0,17.068678152405656,0.0,0.0,0.0,0.0,0.0,0.0,0.0,0.0,0.0,0.0,0.0,0.0,0.0,17.068678152405656,0.0,0.0,0.0,0.0,0.0,0.0,17.068678152405656,0.0,0.0,0.0,0.0,0.0,0.0,0.0,0.0,0.0,0.0,0.0,0.0,0.0,0.0,0.0,0.0,0.0,0.0,0.0,1.0,0.0,0.0,0.0,-0.0025,0.0,0.0,0.0,0.0,0.0,0.0,0.0
0.0,0.0,0.0,0.0,200.59,0.0,1.0,0.0,0.0,0.0,0.0,0.0,0.0,0.0,0.0,0.9350649350649348,0.0,1.2128427128427133,0.0,0.0,0.0,0.0,0.0,0.0,0.0,0.0,0.0,0.0,0.0,0.0,27.66892822964067,0.0,27.66892822964067,0.0,0.0,0.0,0.0,0.0,0.0,0.0,0.0,0.0,0.0,0.0,0.0,0.0,27.66892822964067,0.0,0.0,0.0,0.0,0.0,0.0,27.66892822964067,0.0,0.0,0.0,0.0,0.0,0.0,0.0,0.0,0.0,0.0,0.0,0.0,0.0,0.0,0.0,0.0,0.0,0.0,0.0,1.0,0.0,0.0,0.0,-0.0025,0.0,0.0,0.0,0.0,0.0,0.0,0.0
8.520833333333334,0.0,-5.166666666666666,9.666666666666666,161.45299999999995,0.0,1.1666666666666667,0.0,0.0,0.0,0.0,0.0,0.7219280948873623,0.0,0.0,0.4933766233766233,3.6096404744368114,225.27163146815272,9.105499747380728,0.0,0.0,0.0,0.0,19.477968898871303,8.417796984328938,0.0,0.0,0.0,0.0,0.0,10.399000581649608,0.0,37.00126563058097,10.399000581649608,0.0,0.0,0.0,0.0,0.0,0.0,0.0,0.0,0.0,0.0,0.0,17.523296731709664,29.876969480520913,0.0,0.0,0.0,80.25999999999999,10.399000581649608,0.0,19.477968898871303,0.0,0.0,0.0,0.0,0.0,0.0,34.083333333333336,0.0,0.0,0.0,0.0,0.0,0.0,-5.166666666666666,0.0,0.0,0.0,0.0,0.0,6.0,0.0,0.0,0.0,-1.3404999999999996,0.0,0.0,0.0,0.0,0.0,0.0,0.0
5.564062941755792,0.8422222222222223,0.8422222222222223,10.363636363636363,176.731,0.0,1.181818181818182,35.4956627255872,10.0923459652067,1.8889759534336712,6.173407228702908,0.5857648712114191,2.0339309928768716,2.6909155266923976,2.25444525346191,0.29,292.8860629742695,10.29,0.0,0.0,0.0,0.0,0.0,0.0,0.0,0.0,0.0,11.600939890232516,51.8694885601727,6.4208216229260096,5.880003444970339,0.0,0.0,11.600939890232516,0.0,0.0,0.0,58.29031018309871,5.880003444970339,0.0,0.0,0.0,0.0,0.0,11.600939890232516,5.880003444970339,0.0,0.0,0.0,0.0,0.0,0.0,0.0,0.0,0.0,5.880003444970339,51.36657298340809,0.0,0.0,6.923737199690624,0.0,0.0,0.0,0.8422222222222223,0.0,10.947389280815209,2.257436666317889,0.0,0.0,0.0,0.0,0.0,0.0,1.0,8.0,0.0,0.0,4.365900000000004,0.0,1.0,0.0,0.0,0.0,0.0,7.0
8.018518518518519,0.0601851851851853,-0.0601851851851853,15.0,75.111,0.0,2.2,16.251800155972372,10.408391820218489,1.8075405750417275,4.429166558893617,0.2734819810346206,1.3787834934861756,2.5395388613593908,0.2879834411740013,-0.08,9.65148445440323,3.92,10.84019487200289,0.0,0.0,0.0,0.0,0.0,0.0,0.0,0.0,0.0,0.0,6.923737199690624,6.041840829147961,6.606881964512918,5.106527394840706,0.0,0.0,0.0,5.733667477162185,12.965578028838586,6.606881964512918,0.0,0.0,5.733667477162185,0.0,0.0,0.0,17.755250188501584,0.0,0.0,0.0,0.0,46.25,0.0,0.0,12.64872279366088,0.0,0.0,0.0,6.923737199690624,0.0,0.0,0.0,8.018518518518519,5.041666666666667,0.0,-0.0601851851851853,0.0,1.8333333333333337,0.0,3.0,0.0,0.0,0.0,0.0,2.0,1.0,0.0,0.0,-0.6741000000000001,0.0,0.0,0.0,0.0,0.0,0.0,0.0
9.12536906750287,0.3626812915886692,0.3626812915886692,10.466666666666669,206.32900000000004,0.0,1.4666666666666666,16.25463560155537,10.050382206508266,1.9388431926487424,5.25282210295115,0.4747395984326501,2.257122002738398,2.0706728961148544,2.7553455255066424,-0.98,2717.5748912970303,5.458270590623322,5.106527394840706,5.749511833283905,0.0,0.0,0.0,0.0,0.0,0.0,0.0,0.0,51.16057945124389,30.537828874472233,0.0,0.0,5.106527394840706,0.0,0.0,0.0,0.0,51.8694885601727,0.0,29.828919765543436,5.749511833283905,0.0,0.0,5.749511833283905,0.0,5.106527394840706,6.4208216229260096,0.0,0.0,0.0,20.23,0.0,0.0,0.0,5.749511833283905,6.4208216229260096,44.08838122925306,12.13273413692322,12.13273413692322,6.923737199690624,0.0,9.12536906750287,1.3363810416141768,0.3626812915886692,7.571016943814563,9.191412560636946,2.2464724281761064,0.0,1.0,0.0,0.0,0.0,0.0,1.0,7.0,0.0,1.0,4.295200000000005,0.0,0.0,0.0,1.0,0.0,0.0,5.0
14.652744241404331,0.0745622914062071,-1.0823988298848162,22.833333333333332,922.1659999999998,0.0,1.878787878787879,32.133483914717274,9.83813507040465,2.52823953659991,7.095148669551164,-0.1551894876962286,3.887822424985525,1.143738377132944,14.454912710467267,-5.65,358101557534423.0,9.084010606759316,34.057343351949214,18.12552248744388,0.0,11.814359458703011,5.907179729351506,12.00041980028992,29.171039781189023,15.204307102129412,0.0,11.336785877934735,40.3402515508226,81.353606809624,85.77904149748184,46.88393769195529,33.4464118279592,51.96166979836023,0.0,44.98627840730844,11.332896515558172,116.50445825217446,40.39862070620536,70.82870065821764,22.514758973090913,10.742580001116716,4.794537184071822,0.0,11.336785877934735,134.57348224648135,48.03827429565198,11.332896515558172,0.0,33.41768390517197,171.54000000000002,41.324177703495515,23.97268592035911,49.07155192133411,56.8699358122071,44.67506339171742,27.321628239573624,30.154132557268756,32.2176414379994,66.92529520542489,14.24025005468818,8.124796798038222,9.269637860866895,-1.8242852949711377,7.107904639054137,5.159200048453199,17.53100915604603,3.2986324212832336,2.0,1.0,3.0,3.0,6.0,17.0,9.0,0.0,8.0,5.750000000000005,7.0,0.0,0.0,1.0,2.0,1.0,0.0
2.1203703703703702,1.2760185185185189,1.2760185185185189,9.666666666666666,154.21199999999996,0.0,0.75,13.961331628236495,10.068819284791342,1.9123006747664757,5.62192401149373,1.620063319774303,2.2067946744792137,2.457149480139045,1.880911470030613,-1.5599999999999996,1023.9527289583552,1.3739359404482387,0.0,0.0,0.0,0.0,0.0,0.0,0.0,0.0,0.0,0.0,60.6636706846161,11.126902983393991,0.0,0.0,0.0,0.0,0.0,0.0,0.0,0.0,0.0,60.6636706846161,11.126902983393991,0.0,0.0,0.0,0.0,0.0,0.0,0.0,0.0,11.126902983393991,0.0,0.0,0.0,0.0,0.0,0.0,11.126902983393991,0.0,12.13273413692322,48.53093654769288,0.0,0.0,2.5520370370370373,0.0,20.781296296296297,0.0,0.0,0.0,0.0,0.0,0.0,0.0,0.0,0.0,1.0,0.0,2.0,3.353600000000002,0.0,0.0,0.0,0.0,0.0,0.0,0.0
11.547578976419056,0.0388269305578383,-0.0388269305578383,10.458333333333334,428.37700000000007,0.0,2.0,79.9187312751653,10.283473186594753,2.0469832267135124,9.102411220504104,-0.1153287707387194,2.543579738945543,2.0255603976554073,4.507280519196942,-1.22,226175.11038703765,6.350639280292179,15.740104602853368,10.421058796818908,0.0,5.907179729351506,0.0,0.0,4.794537184071822,4.983978520947208,12.628789148012991,0.0,11.761884949391115,58.0809999154658,28.443931254557697,6.606881964512918,9.901064578912528,57.73304677722356,0.0,4.983978520947208,0.0,16.21178857396156,29.538069185184945,41.00139842975354,0.0,10.633577208012662,11.50524905251859,0.0,40.32061799535346,34.902177622311704,4.794537184071822,0.0,0.0,0.0,74.25,0.0,4.794537184071822,12.514061693864424,24.536294413420404,20.08154924470299,0.0,11.761884949391115,36.39820241076966,44.17628877492221,0.7255354410875281,14.754924089950396,0.7706886349581156,1.19741494704314,11.51063612595584,0.3970948473257278,0.5052679088805723,0.0,3.0,0.0,0.0,1.0,0.0,8.0,8.0,0.0,2.0,3.657900000000002,1.0,0.0,0.0,0.0,0.0,0.0,0.0
7.569444444444445,0.25,0.25,6.0,46.069,0.0,2.0,16.248991329327918,10.90816803508637,1.3402935186707778,3.835802335589486,0.3184056131739115,0.9182958340544896,1.6329931618554523,0.0,-0.04,2.754887502163469,1.9600000000000033,5.106527394840706,0.0,0.0,0.0,0.0,0.0,0.0,0.0,0.0,0.0,0.0,6.923737199690624,6.606881964512918,0.0,5.106527394840706,0.0,0.0,0.0,0.0,6.923737199690624,6.606881964512918,0.0,0.0,0.0,0.0,0.0,0.0,11.713409359353625,0.0,0.0,0.0,0.0,20.23,0.0,0.0,6.606881964512918,0.0,0.0,0.0,6.923737199690624,0.0,0.0,0.0,7.569444444444445,0.0,0.0,0.0,0.0,1.9305555555555556,0.0,1.0,0.0,0.0,0.0,0.0,1.0,0.0,0.0,0.0,-0.0014,0.0,0.0,0.0,0.0,0.0,0.0,0.0
5.7493962532977685,0.3049363797661617,0.3049363797661617,12.75,338.44400000000013,0.0,1.4166666666666667,16.696930085781094,10.025871892229487,2.164059030890006,5.482388014713298,0.0100758097537773,3.0376745307837045,1.6321742102088128,3.8579616008891455,-1.3,374214.1631217753,6.3032766047595485,23.684314769000245,0.0,11.49902366656781,6.792942306099827,0.0,0.0,0.0,0.0,0.0,0.0,26.689117645233267,36.10128036616923,6.606881964512918,33.03440982256459,23.684314769000245,0.0,0.0,0.0,0.0,46.1376428555982,39.827352128664415,23.259637120317212,11.49902366656781,9.473725907600098,0.0,11.49902366656781,0.0,39.827352128664415,27.238292448839076,0.0,0.0,0.0,46.150000000000006,0.0,0.0,0.0,39.827352128664415,43.78919212278477,11.126902983393991,0.0,6.06636706846161,19.913841467842857,27.60799664607838,0.0,2.440732839870855,1.65512722863759,4.115497714590081,4.377014216137228,8.47029802135253,0.0,0.0,0.0,1.0,0.0,0.0,5.0,13.0,0.0,2.0,3.7177000000000024,0.0,0.0,0.0,1.0,5.0,0.0,1.0
8.704536407155455,0.0362654320987647,-0.0746296296296291,9.285714285714286,265.914,0.0,1.0,35.50069559863489,10.132631376421894,2.1917384017738093,6.503035179724944,1.4460403234362809,2.1641757289633556,3.7817196239994977,3.1923040691486455,-0.6399999999999999,1177.3115965560655,1.6287921069730855,0.0,12.138442625584547,0.0,0.0,0.0,0.0,0.0,0.0,10.523783109476971,0.0,46.40375956093006,0.0,0.0,31.217436238359294,0.0,46.40375956093006,10.523783109476971,0.0,0.0,0.0,0.0,31.217436238359294,12.138442625584547,0.0,0.0,0.0,46.40375956093006,0.0,0.0,22.66222573506152,20.090533254965305,0.0,47.58,0.0,0.0,31.217436238359294,0.0,0.0,0.0,12.138442625584547,0.0,0.0,0.0,17.220708616780048,-0.0846604938271595,0.0,3.49641975308642,0.0,0.0,0.0,0.0,0.0,0.0,0.0,0.0,6.0,0.0,0.0,1.0,4.04356,2.0,0.0,0.0,0.0,0.0,0.0,0.0
9.200987654320986,0.0090432098765425,-0.3632098765432092,10.416666666666666,266.33799999999997,0.0,0.8333333333333334,35.502568113069785,10.314709771715224,2.17495916143332,6.55208347634766,0.4757325841893683,2.0815718239857546,3.603567451474547,3.4434307347924333,0.4699999999999999,416.3143647971509,1.5681178591367897,5.106527394840706,10.045266627482652,5.749511833283905,0.0,0.0,0.0,0.0,0.0,0.0,0.0,58.00469945116258,0.0,0.0,15.067899941223978,5.106527394840706,58.00469945116258,0.0,0.0,0.0,0.0,0.0,25.11316656870663,5.749511833283905,0.0,0.0,5.749511833283905,58.00469945116258,5.106527394840706,0.0,0.0,25.11316656870663,0.0,20.23,0.0,5.106527394840706,30.86267840199054,0.0,0.0,0.0,0.0,0.0,0.0,0.0,9.014629629629631,0.0,-0.3632098765432092,0.0,0.0,0.0,0.0,1.0,0.0,0.0,0.0,0.0,6.0,0.0,0.0,1.0,4.6592,0.0,0.0,0.0,0.0,0.0,0.0,0.0
12.885649368435262,0.3178234998638436,-0.3178234998638436,10.75,308.13899999999995,0.0,1.75,35.49683537166785,10.173876989365414,2.095649695091704,6.385107725357089,0.4854661767278622,2.40622052046577,2.0944528914451297,3.2778724717247565,-1.8399999999999992,42917.34920302747,2.550486487436766,4.736862953800049,17.316244507613703,0.0,0.0,0.0,0.0,4.983978520947208,4.39041504767482,0.0,0.0,23.20187978046503,42.46456947923127,11.219476885354403,15.925558245822383,9.127278001474869,34.10480471254609,0.0,4.983978520947208,0.0,0.0,0.0,64.52390051937289,11.49902366656781,4.736862953800049,4.39041504767482,11.49902366656781,23.20187978046503,4.983978520947208,0.0,5.817220841045894,10.045266627482652,10.902924932081056,22.12,0.0,4.39041504767482,5.817220841045894,32.44721522613152,0.0,12.13273413692322,36.52867891392113,0.0,4.983978520947208,18.618779564958317,1.6338291945948884,0.6408441463004957,0.7453167747645266,10.79328028330674,1.6050077160493827,0.0,0.0,0.0,0.0,0.0,1.0,0.0,5.0,2.0,0.0,3.0,5.4730000000000025,1.0,0.0,0.0,0.0,1.0,0.0,0.0
12.844830089443183,0.2647663926681782,-4.908340655706728,11.347826086956522,335.28200000000004,0.0,1.391304347826087,19.41318207995752,10.090056498341951,2.384602951581411,5.76023818832512,-0.3925979096432907,2.4402512812373476,3.6993779362256016,3.093677114331587,-2.390000000000001,62314.25671767691,4.299219696317904,4.899909730850477,0.0,5.687386274683562,0.0,11.374772549367124,6.176298517443475,20.228636537531145,0.0,13.17124514302446,0.0,13.847474399381248,12.84164324585202,25.22224694874837,15.410073589332338,23.0178672406598,17.062158824050687,0.0,0.0,0.0,32.865416162676745,17.989422542675626,37.92482216615136,0.0,4.899909730850477,30.233403967075148,0.0,0.0,22.936134909460492,6.176298517443475,20.228636537531145,0.0,0.0,89.52,32.961144656142935,33.3998816805556,18.776899086508713,24.97437738277524,0.0,4.899909730850477,13.847474399381248,0.0,0.0,38.53449026832955,22.35532690854119,-3.6054195011337864,0.0,0.6957407407407405,-3.8342715419501143,4.066060563114134,0.0,0.0,0.0,0.0,0.0,0.0,10.0,7.0,0.0,1.0,4.148200000000004,3.0,3.0,0.0,0.0,0.0,0.0,0.0
2.2407407407407405,1.3112962962962964,1.3112962962962964,10.857142857142858,178.23399999999995,0.0,0.7142857142857143,13.991352165126289,10.041217094255412,1.9465697763062877,5.974985320549642,1.764859750005029,2.2605062195621475,2.5237326453890008,2.61403104906987,-1.8199999999999992,3255.1289561694925,1.080316882093769,0.0,0.0,0.0,0.0,0.0,0.0,0.0,0.0,0.0,0.0,48.53093654769288,33.677630994782405,0.0,0.0,0.0,21.544896857859182,0.0,0.0,0.0,0.0,0.0,60.6636706846161,0.0,0.0,0.0,0.0,0.0,0.0,0.0,0.0,0.0,21.544896857859182,0.0,0.0,0.0,0.0,0.0,0.0,21.544896857859182,0.0,0.0,60.6636706846161,0.0,5.245185185185186,0.0,0.0,21.42148148148148,0.0,0.0,0.0,0.0,0.0,0.0,0.0,0.0,0.0,0.0,0.0,3.0,3.993000000000002,0.0,0.0,0.0,0.0,0.0,0.0,0.0
2.309074074074074,1.3179454837490554,1.3179454837490554,12.0,252.316,0.0,1.1,14.126846279404475,9.910302212042632,2.094115295590412,6.2828822351626625,1.7826781613557423,2.518598159082093,2.230840176230173,4.37090389940122,-2.5999999999999988,105539.33725817603,1.1630091486510117,0.0,0.0,0.0,0.0,0.0,0.0,0.0,0.0,0.0,0.0,66.73003775307771,49.156160784179974,0.0,0.0,0.0,43.089793715718365,0.0,0.0,0.0,0.0,0.0,72.79640482153933,0.0,0.0,0.0,0.0,0.0,0.0,0.0,0.0,0.0,43.089793715718365,0.0,0.0,0.0,0.0,0.0,0.0,43.089793715718365,0.0,0.0,72.79640482153933,0.0,10.82069397203326,0.0,0.0,26.51263936130007,0.0,0.0,0.0,0.0,0.0,0.0,0.0,0.0,0.0,0.0,0.0,5.0,5.737200000000003,0.0,0.0,0.0,0.0,0.0,0.0,0.0
10.762425070336777,0.4184259259259262,-0.7716577958343829,12.8,206.28499999999997,0.0,1.7333333333333334,16.36640479713451,9.96847176089875,2.123540108955398,5.749768182058132,-0.13786206865191,2.1655069394400757,2.7590371332701524,2.4940956097181957,-1.31,1862.335967918465,3.387630631562938,5.106527394840706,0.0,0.0,0.0,0.0,5.969305287951848,4.794537184071822,0.0,0.0,0.0,38.112942673227685,30.38936785217202,0.0,5.917906046161393,9.901064578912528,5.969305287951848,0.0,0.0,5.917906046161393,33.10993926815928,0.0,35.392371257240434,0.0,0.0,0.0,0.0,0.0,11.075832682792557,11.21535880699783,5.917906046161393,0.0,0.0,37.3,11.887211334113244,4.794537184071822,0.0,5.917906046161393,11.984273114623004,5.563451491696996,6.923737199690624,24.26546827384644,13.847474399381248,0.0,8.850157339170236,2.1401341647770225,-0.5579103678508441,7.871574074074074,1.04338529856387,6.056901087595532,0.0,1.0,0.0,0.0,0.0,0.0,2.0,4.0,1.0,1.0,3.073200000000001,0.0,0.0,0.0,0.0,0.0,0.0,0.0
10.2421053405546,0.1645103064136459,-0.5796218690994226,12.848484848484848,454.6110000000003,0.0,1.4242424242424243,16.512200901098844,9.694752867535843,2.3593277045457106,5.471867144281715,0.2922567453199359,2.840656625635782,2.0233334188492673,6.424875284976213,-2.9099999999999997,15777873.299051952,6.326433951969804,23.84736154605067,0.0,22.99804733313562,0.0,0.0,0.0,0.0,0.0,5.261891554738487,0.0,25.980208536304467,74.16517056076962,6.544756405912575,39.92340194729918,18.947451815200196,0.0,5.261891554738487,4.899909730850477,5.917906046161393,38.52492973755605,48.576374959612465,47.52510539416365,29.067268645927893,18.947451815200196,0.0,22.99804733313562,0.0,53.47628469046295,11.835812092322788,17.249018913692154,0.0,0.0,63.95,5.414990469396779,5.261891554738487,5.917906046161393,11.49902366656781,49.41445283886799,5.563451491696996,28.439190165110137,30.33183534230805,37.9306444941628,21.583324082126506,10.2421053405546,1.6046474762988463,2.9873437787268267,14.511702267869502,2.611084525448425,6.060729342286187,8.669128563148337,0.0,0.0,0.0,0.0,0.0,6.0,13.0,1.0,2.0,5.093080000000005,2.0,0.0,0.0,0.0,4.0,4.0,0.0
5.054012345679012,0.5570987654320989,0.5570987654320989,7.5,98.96,0.0,1.25,35.498558017336876,10.970234924568343,1.612704084033165,6.254551773714507,1.5224887609926128,1.3709505944546687,1.9747448713915896,0.6428571428571428,0.58,6.854752972273344,2.58,0.0,0.0,0.0,0.0,0.0,0.0,0.0,0.0,0.0,23.20187978046503,0.0,0.0,11.760006889940678,0.0,0.0,23.20187978046503,0.0,0.0,0.0,0.0,11.760006889940678,0.0,0.0,0.0,0.0,0.0,23.20187978046503,11.760006889940678,0.0,0.0,0.0,0.0,0.0,0.0,0.0,0.0,11.760006889940678,0.0,0.0,0.0,0.0,0.0,0.0,0.0,0.0,1.1141975308641978,0.0,0.0,0.0,0.0,0.0,0.0,0.0,0.0,0.0,2.0,1.0,0.0,0.0,1.464,0.0,2.0,0.0,0.0,0.0,0.0,0.0
5.5975617283950605,0.4899691358024696,0.4899691358024696,9.666666666666666,181.449,0.0,1.5555555555555556,35.499014189005436,10.35889204397731,1.94444509340604,6.4263588622458006,1.704596867560242,1.7965675742516063,3.1716780304409156,1.85577387699275,0.0899999999999999,104.20091930659318,1.751071234522005,0.0,0.0,0.0,0.0,0.0,0.0,0.0,0.0,0.0,0.0,34.802819670697545,18.19910120538483,5.022633313741326,10.045266627482652,0.0,34.802819670697545,0.0,0.0,0.0,0.0,0.0,33.267001146608806,0.0,0.0,0.0,0.0,34.802819670697545,0.0,0.0,0.0,15.067899941223978,0.0,0.0,0.0,0.0,0.0,15.067899941223978,0.0,0.0,18.19910120538483,0.0,0.0,0.0,1.620030864197532,0.0,0.0,4.951820987654321,0.0,0.0,0.0,0.0,0.0,0.0,0.0,0.0,3.0,0.0,0.0,1.0,3.6468000000000007,0.0,0.0,0.0,0.0,0.0,0.0,0.0
9.444444444444445,0.1666666666666669,0.1666666666666669,6.5,58.08,0.0,1.5,16.136528004376032,10.55082225459374,1.619125488728841,5.717069246232807,-0.114492595333523,0.8112781244591328,2.803039487674051,0.0,-0.33,3.2451124978365313,6.883957759412302,4.794537184071822,5.783244946364939,0.0,0.0,0.0,0.0,0.0,0.0,0.0,0.0,0.0,13.847474399381248,0.0,0.0,4.794537184071822,5.783244946364939,0.0,0.0,0.0,13.847474399381248,0.0,0.0,0.0,0.0,0.0,0.0,0.0,5.783244946364939,4.794537184071822,0.0,0.0,0.0,17.07,0.0,4.794537184071822,5.783244946364939,0.0,0.0,13.847474399381248,0.0,0.0,0.0,0.0,0.0,0.0,0.1666666666666669,0.0,0.0,3.0555555555555554,0.0,0.0,0.0,0.0,0.0,0.0,1.0,0.0,0.0,0.0,0.5952999999999999,0.0,0.0,0.0,0.0,0.0,0.0,0.0
9.25,0.8333333333333333,-0.9814814814814812,6.4,72.06299999999999,0.0,2.2,16.364473207101216,10.68151440868254,1.7299978202955717,5.783563706313226,-0.1309031732899962,1.3787834934861756,3.204805417886435,0.174620426250861,-0.79,9.65148445440323,3.21,5.106527394840706,0.0,0.0,0.0,0.0,5.969305287951848,0.0,4.794537184071822,0.0,0.0,6.578935683598497,0.0,6.076020106833881,0.0,9.901064578912528,5.969305287951848,0.0,0.0,0.0,0.0,0.0,12.654955790432378,0.0,0.0,0.0,0.0,0.0,11.075832682792557,4.794537184071822,0.0,0.0,0.0,37.3,5.969305287951848,4.794537184071822,0.0,0.0,6.076020106833881,0.0,0.0,0.0,6.578935683598497,0.0,7.604166666666666,0.0,-0.9814814814814812,0.0,0.8333333333333333,2.960648148148148,0.0,1.0,0.0,0.0,0.0,0.0,2.0,1.0,0.0,0.0,0.2569999999999999,0.0,0.0,0.0,0.0,0.0,0.0,0.0
2.0,2.0,2.0,8.0,78.11399999999999,0.0,0.5,13.646993161855452,10.37900683814456,1.5737245910733595,4.985993161855451,1.718006838144549,1.719973094021975,3.000000000000001,0.6666666666666671,-0.78,34.3994618804395,0.5823992601400448,0.0,0.0,0.0,0.0,0.0,0.0,0.0,0.0,0.0,0.0,36.39820241076966,0.0,0.0,0.0,0.0,0.0,0.0,0.0,0.0,0.0,0.0,36.39820241076966,0.0,0.0,0.0,0.0,0.0,0.0,0.0,0.0,0.0,0.0,0.0,0.0,0.0,0.0,0.0,0.0,0.0,0.0,36.39820241076966,0.0,0.0,0.0,0.0,0.0,12.0,0.0,0.0,0.0,0.0,0.0,0.0,0.0,0.0,0.0,0.0,0.0,1.0,1.6866,0.0,0.0,0.0,0.0,0.0,0.0,0.0
4.0,4.0,4.0,3.0,32.046,0.0,1.0,15.006999999999998,13.006999999999998,0.7258611718914241,3.2619999999999996,1.2619999999999998,1.0,1.0,0.0,-0.08,2.0,-14.580000000000016,0.0,0.0,0.0,0.0,0.0,0.0,11.685340540532478,0.0,0.0,0.0,0.0,0.0,0.0,0.0,0.0,0.0,0.0,0.0,11.685340540532478,0.0,0.0,0.0,0.0,11.685340540532478,0.0,0.0,0.0,0.0,0.0,0.0,0.0,0.0,52.04,0.0,0.0,0.0,0.0,0.0,0.0,0.0,0.0,11.685340540532478,0.0,0.0,0.0,8.0,0.0,0.0,0.0,0.0,4.0,0.0,0.0,0.0,0.0,2.0,0.0,0.0,0.0,-1.1812,0.0,0.0,0.0,0.0,0.0,0.0,0.0
8.36111111111111,1.5,-1.5,6.0,63.01200000000001,0.0,2.0,16.87317440486154,13.134757125847123,1.6506178161317808,3.831460780433154,-0.7424608904065827,0.8112781244591328,2.803039487674051,0.0,-0.8,3.2451124978365313,0.0750000000000001,5.20725302477729,0.0,0.0,0.0,5.086619042932543,0.0,0.0,0.0,0.0,10.114318268765572,0.0,0.0,0.0,0.0,10.293872067709833,0.0,0.0,0.0,0.0,0.0,0.0,10.114318268765572,0.0,0.0,0.0,0.0,0.0,10.293872067709833,0.0,10.114318268765572,0.0,0.0,63.370000000000005,5.086619042932543,0.0,0.0,0.0,0.0,0.0,0.0,0.0,0.0,0.0,13.63888888888889,0.0,0.0,0.0,0.0,0.0,0.0,1.0,0.0,0.0,0.0,0.0,4.0,0.0,0.0,0.0,-0.3477,1.0,0.0,0.0,0.0,0.0,0.0,0.0
4.993827160493827,0.0987654320987647,-0.0987654320987649,8.0,165.834,0.0,0.8333333333333334,35.543795903521655,11.221517558122912,1.8759279385243848,6.672996403618484,2.251521850095896,1.3609640474436813,3.675948764555208,1.2857142857142858,0.8999999999999999,13.609640474436812,3.104081632653062,0.0,8.982936348315857,0.0,0.0,0.0,0.0,0.0,0.0,0.0,0.0,46.40375956093006,0.0,0.0,0.0,0.0,46.40375956093006,0.0,0.0,0.0,0.0,0.0,8.982936348315857,0.0,0.0,0.0,0.0,46.40375956093006,0.0,0.0,0.0,0.0,0.0,0.0,0.0,0.0,8.982936348315857,0.0,0.0,0.0,0.0,0.0,0.0,-0.1975308641975297,0.0,0.0,0.0,0.0,0.0,0.0,0.0,0.0,0.0,0.0,0.0,0.0,4.0,0.0,0.0,0.0,3.0682,0.0,0.0,0.0,0.0,0.0,0.0,0.0
5.613765432098765,0.4174382716049387,0.4174382716049387,9.666666666666666,181.449,0.0,1.3333333333333333,35.49994069905176,10.358676907309334,1.9822844948465512,6.4741478437772555,1.7045030686844014,1.8289585849367005,3.2478347337367026,2.1350761296712277,0.0899999999999999,109.73751509620202,1.5113363246814933,0.0,0.0,0.0,0.0,0.0,0.0,0.0,0.0,0.0,0.0,40.86918673915916,12.13273413692322,0.0,15.067899941223978,0.0,34.802819670697545,0.0,0.0,0.0,0.0,0.0,33.26700114660881,0.0,0.0,0.0,0.0,34.802819670697545,0.0,0.0,0.0,15.067899941223978,0.0,0.0,0.0,0.0,0.0,15.067899941223978,0.0,0.0,18.19910120538483,0.0,0.0,0.0,1.397376543209878,0.0,0.0,5.127067901234568,0.0,0.0,0.0,0.0,0.0,0.0,0.0,0.0,3.0,0.0,0.0,1.0,3.6468000000000007,0.0,0.0,0.0,0.0,0.0,0.0,0.0
4.9567901234567895,0.0895061728395067,0.0895061728395067,7.0,131.389,0.0,1.6,35.53934101259008,11.24175916168245,1.70133481820837,6.578145152858435,2.3625631189483385,1.3787834934861756,3.1431973062780685,0.7423074889580903,0.6099999999999999,9.65148445440323,4.6099999999999985,0.0,4.491468174157928,0.0,0.0,0.0,0.0,0.0,0.0,0.0,0.0,34.802819670697545,0.0,5.535201928878213,0.0,0.0,34.802819670697545,0.0,0.0,0.0,0.0,0.0,10.026670103036142,0.0,0.0,0.0,0.0,34.802819670697545,0.0,0.0,0.0,0.0,0.0,0.0,0.0,0.0,4.491468174157928,0.0,5.535201928878213,0.0,0.0,0.0,0.0,0.0895061728395067,0.0,1.08641975308642,0.0,0.0,0.0,0.0,0.0,0.0,0.0,0.0,0.0,0.0,3.0,0.0,0.0,0.0,2.5017000000000005,0.0,0.0,0.0,0.0,0.0,0.0,0.0
6.761998456790122,0.0663580246913577,-1.3655246913580248,58.77777777777778,364.9139999999999,0.0,1.2222222222222223,35.540308479450225,9.752512084981031,2.8483537413512976,6.653218348957602,0.3053403489815749,2.9746967394496187,2.032344649126246,9.415855929642316,1.22,20189.26677064456,0.9734449954580696,0.0,9.748344582882218,4.33335411348544,0.0,0.0,0.0,0.0,0.0,0.0,23.20187978046503,58.55579977459783,30.09244580757158,0.0,10.064572704227194,0.0,69.60563934139509,0.0,0.0,23.671624184645573,20.502520319293662,0.0,22.216612917894956,0.0,0.0,0.0,0.0,69.60563934139509,14.081698696367658,0.0,23.671624184645573,0.0,0.0,0.0,14.081698696367658,0.0,11.835812092322788,21.900384796549982,6.4208216229260096,0.0,0.0,0.0,12.152040213667762,-1.3655246913580248,0.6537654320987669,0.0,0.8151543209876535,0.0,5.396980347694634,0.0,0.0,0.0,4.0,0.0,0.0,4.0,6.0,0.0,0.0,4.0,5.270200000000001,0.0,4.0,4.0,0.0,0.0,0.0,0.0
12.165822625346436,0.2019850718064999,-2.404323655902691,11.894736842105264,317.332,0.0,2.0526315789473686,32.92114473623378,10.239342015961965,2.1703309535395716,8.670590571577103,0.3534547847182647,2.4636960843609743,2.29629490763367,8.017986058402064,-0.79,21581.977699002135,3.2114949859410507,9.047494323423637,11.393489107349618,0.0,5.693537600778055,5.559266895052007,0.0,4.794537184071822,0.0,4.681802935145184,5.098681808301038,17.34611923257809,35.32131502167503,14.219595082555069,5.386224214464796,9.047494323423637,39.78504341761092,0.0,14.99386983910109,0.0,5.876788389733356,14.219595082555069,34.61927235297027,0.0,5.559266895052007,0.0,0.0,17.075262396891215,29.21346492165616,26.73113880179564,0.0,0.0,10.902924932081056,66.24000000000001,5.693537600778055,4.794537184071822,11.436055284785365,10.902924932081056,0.0,30.283122813813417,18.19910120538483,6.06636706846161,10.312066903955904,11.534348544973543,8.391357079868985,-2.030692336090815,0.2456601158982112,7.06439848058565,0.0,0.0,2.9843683337532543,0.0,0.0,0.0,1.0,0.0,9.0,5.0,0.0,2.0,1.9995,3.0,0.0,0.0,0.0,0.0,0.0,0.0
12.29876557207245,0.0820061728395067,-3.733513125157472,12.55,359.573,0.0,1.85,35.497888731668695,10.17879918244117,2.289690795168807,7.483867563783217,0.1593330577281155,2.3697773312019206,3.0473402647740433,4.39542588906685,-0.22,19870.582922128106,4.956874048732614,4.5237471617118175,0.0,5.759164871656176,0.0,0.0,7.822697123132171,9.047494323423637,4.565048284931329,0.0,0.0,34.802819670697545,32.046575604766076,16.121286734316534,18.23639724276716,18.13628977006678,48.3846816654859,0.0,0.0,0.0,13.847474399381248,13.213763929025836,39.34302125344269,0.0,0.0,0.0,0.0,42.62551679382972,13.213763929025836,18.13628977006678,0.0,10.045266627482652,5.759164871656176,44.760000000000005,7.822697123132171,4.565048284931329,18.972928800682013,15.608718119179647,5.535201928878213,6.06636706846161,25.980208536304467,0.0,0.0,27.64589406441589,0.7726096518854464,1.546752015621064,0.0820061728395067,4.730544217687075,0.0,3.685665793653108,-3.733513125157472,0.0,0.0,0.0,0.0,0.0,8.0,7.0,0.0,1.0,5.7283000000000035,0.0,0.0,0.0,0.0,0.0,0.0,0.0
5.684814814814814,0.2215664630049547,-2.7681046863189724,11.894736842105264,304.35200000000003,0.0,1.7894736842105263,32.45299196758458,10.184875724288906,2.2230067579811426,8.072941405037223,0.2154416423098133,2.276126367037253,2.9903765648588534,4.5597470556933,-0.55,10959.548457284374,5.146214182684139,4.5237471617118175,5.824404497999927,0.0,5.879988336435371,0.0,6.718607232363179,9.047494323423637,4.983978520947208,4.983978520947208,0.0,13.847474399381248,20.771211599071872,29.485057198110113,13.213763929025836,13.571241485135452,18.525463321001823,0.0,9.967957041894415,0.0,40.53659204461451,13.213763929025836,17.584699561309996,5.879988336435371,4.5237471617118175,0.0,5.879988336435371,6.718607232363179,23.18172097092025,20.85435041206228,6.923737199690624,0.0,0.0,53.47,6.718607232363179,0.0,5.917906046161393,19.093752265461205,11.518332492848389,0.0,6.06636706846161,34.61868599845312,9.967957041894415,16.555021730914586,0.0,0.8363397581254727,1.365992640883514,1.7410416666666666,0.0,7.777433757453599,0.0,0.0,0.0,0.0,1.0,0.0,7.0,7.0,0.0,1.0,3.5847200000000026,2.0,0.0,0.0,1.0,0.0,0.0,0.0
10.319524207754728,0.2823611111111113,-0.7075745884773665,17.235294117647058,255.665,0.0,2.4705882352941178,35.49569630975407,10.253797734264952,2.208596377676596,6.288780680917709,-0.4853785077795498,2.6832992674103697,2.07497963702644,2.526395715816789,-1.8899999999999997,9370.081041797011,3.0352995421515283,10.216698334856808,10.254517342632514,5.0323138419217255,0.0,5.959554568743835,0.0,0.0,15.09829678971278,0.0,0.0,17.667306958694127,11.629818560158606,25.8311127893508,0.0,5.0323138419217255,17.56049445897635,0.0,15.200676855804016,5.101407525739722,6.544756405912575,13.08951281182515,39.16045728589165,0.0,5.316788604006331,0.0,0.0,11.600939890232516,33.96526947428839,6.544756405912575,10.114318268765572,5.153109816892792,0.0,83.66,5.0323138419217255,10.114318268765572,5.959554568743835,24.78737903463052,5.563451491696996,0.0,17.163120370925164,6.06636706846161,15.402174650693262,0.0,16.171751512771383,0.9251369992441424,0.2823611111111113,3.5160115898211135,1.643287037037037,1.8401127313065144,0.0,1.0,0.0,1.0,1.0,0.0,8.0,3.0,0.0,2.0,0.6878999999999995,4.0,0.0,0.0,0.0,0.0,0.0,0.0
0.0,0.0,0.0,0.0,58.443,0.0,1.0,0.0,0.0,0.0,0.0,0.0,0.0,0.0,0.0,1.29,0.0,0.0651937984496124,12.407033161179976,0.0,0.0,0.0,0.0,29.557286032607937,0.0,0.0,0.0,0.0,0.0,0.0,0.0,0.0,41.96431919378791,0.0,0.0,0.0,0.0,0.0,0.0,0.0,0.0,41.96431919378791,0.0,0.0,0.0,0.0,0.0,0.0,0.0,0.0,0.0,0.0,0.0,41.96431919378791,0.0,0.0,0.0,0.0,0.0,0.0,0.0,0.0,0.0,0.0,0.0,0.0,0.0,0.0,0.0,0.0,0.0,0.0,0.0,2.0,0.0,0.0,0.0,-5.992,0.0,0.0,0.0,0.0,0.0,0.0,0.0
8.25,1.75,-1.75,6.0,62.004000000000005,0.0,1.5,16.87317440486154,13.134757125847123,1.4524974748823534,4.031813168239524,-0.4024815483591008,0.8112781244591328,2.803039487674051,0.0,-0.8,3.2451124978365313,0.0750000000000001,15.321571293542863,0.0,0.0,0.0,0.0,0.0,0.0,0.0,0.0,0.0,0.0,0.0,0.0,5.086619042932543,5.086619042932543,0.0,0.0,0.0,0.0,0.0,0.0,15.321571293542863,0.0,0.0,0.0,0.0,0.0,5.086619042932543,0.0,15.321571293542863,0.0,0.0,66.2,5.086619042932543,0.0,0.0,0.0,0.0,0.0,0.0,0.0,0.0,0.0,14.75,0.0,0.0,0.0,0.0,0.0,0.0,0.0,0.0,0.0,0.0,0.0,4.0,0.0,0.0,0.0,-0.2391,1.0,0.0,0.0,0.0,0.0,0.0,0.0
0.0,0.0,0.0,0.0,74.922,3.0,1.0,0.0,0.0,0.0,0.0,0.0,0.0,0.0,0.0,0.5584415584415583,0.0,3.7212322561159783,0.0,0.0,0.0,0.0,0.0,0.0,0.0,0.0,0.0,0.0,0.0,0.0,17.953359329236232,0.0,0.0,17.953359329236232,0.0,0.0,0.0,0.0,0.0,0.0,0.0,0.0,0.0,0.0,0.0,17.953359329236232,0.0,0.0,0.0,0.0,0.0,0.0,0.0,17.953359329236232,0.0,0.0,0.0,0.0,0.0,0.0,0.0,0.0,0.0,0.0,0.0,0.0,0.0,0.0,0.0,0.0,0.0,0.0,0.0,1.0,0.0,0.0,0.0,-0.3808,0.0,0.0,0.0,0.0,0.0,0.0,0.0
0.0,0.0,0.0,0.0,51.996,0.0,1.0,0.0,0.0,0.0,0.0,0.0,0.0,0.0,0.0,0.5324675324675323,0.0,4.0446626544187545,0.0,0.0,0.0,0.0,0.0,0.0,0.0,0.0,0.0,0.0,0.0,0.0,17.36106511960754,0.0,17.36106511960754,0.0,0.0,0.0,0.0,0.0,0.0,0.0,0.0,0.0,0.0,0.0,0.0,0.0,17.36106511960754,0.0,0.0,0.0,0.0,0.0,0.0,17.36106511960754,0.0,0.0,0.0,0.0,0.0,0.0,0.0,0.0,0.0,0.0,0.0,0.0,0.0,0.0,0.0,0.0,0.0,0.0,0.0,1.0,0.0,0.0,0.0,-0.0025,0.0,0.0,0.0,0.0,0.0,0.0,0.0
0.0,0.0,0.0,0.0,54.938,1.0,1.0,0.0,0.0,0.0,0.0,0.0,0.0,0.0,0.0,0.5194805194805194,0.0,4.21948051948052,0.0,0.0,0.0,0.0,0.0,0.0,0.0,0.0,0.0,0.0,0.0,0.0,17.068678152405656,0.0,17.068678152405656,0.0,0.0,0.0,0.0,0.0,0.0,0.0,0.0,0.0,0.0,0.0,0.0,0.0,17.068678152405656,0.0,0.0,0.0,0.0,0.0,0.0,17.068678152405656,0.0,0.0,0.0,0.0,0.0,0.0,0.0,0.0,0.0,0.0,0.0,0.0,0.0,0.0,0.0,0.0,0.0,0.0,0.0,1.0,0.0,0.0,0.0,-0.0025,0.0,0.0,0.0,0.0,0.0,0.0,0.0
14.370633101580664,0.0061038220493339,-1.882823749315799,25.323943661971832,995.1889999999996,0.0,1.4507042253521127,16.475354661600253,9.941297658563723,2.3727936362194404,6.001497748367086,-0.1464299609745427,3.306557387477124,2.7294126914222736,11.961456867109918,-7.1000000000000005,304763900042757.44,20.037444910460973,63.21789405269429,35.906243458795636,5.959554568743835,35.443078376109035,5.907179729351506,11.938610575903695,38.554165021138424,9.589074368143644,0.0,0.0,95.3306218749306,57.43294005186969,33.0409535989547,23.98161930921905,58.10075240012785,59.24842325010807,0.0,36.80064135488846,40.131363871605615,129.34610149802648,20.702225929867296,71.97242668123029,0.0,43.36806657836235,0.0,0.0,0.0,137.41862506314337,54.30851923337246,23.671624184645573,0.0,0.0,343.14,119.91440830748267,53.3638894463278,49.70655432350552,11.993926152995275,10.463361222547473,33.89490368858294,33.957029247183286,43.331592648832554,43.47207204027215,5.813005534998213,35.498132926789694,12.377493382186245,-12.57867295709001,0.997784721383116,4.640501266451771,14.87133572215676,2.8228439441531603,12.0,0.0,1.0,0.0,0.0,22.0,15.0,10.0,2.0,0.618399999999993,2.0,0.0,2.0,0.0,1.0,1.0,0.0
5.881172839506172,0.4367283950617284,-0.4367283950617286,55.5,290.832,0.0,0.4166666666666667,35.50499758566224,9.97283070885883,2.4639586119207117,6.4474638509306414,0.5439823508572583,2.0815718239857546,2.7602520756252087,5.85670992092715,1.74,416.3143647971509,2.0438996745290456,0.0,0.0,0.0,0.0,0.0,0.0,0.0,0.0,0.0,69.60563934139509,0.0,0.0,0.0,32.26252720923436,0.0,69.60563934139509,0.0,0.0,0.0,32.26252720923436,0.0,0.0,0.0,0.0,0.0,0.0,69.60563934139509,32.26252720923436,0.0,0.0,0.0,0.0,0.0,32.26252720923436,0.0,0.0,0.0,0.0,0.0,0.0,0.0,0.0,0.0,-2.620370370370371,0.0,0.0,0.0,0.0,0.0,0.0,0.0,1.0,0.0,0.0,0.0,6.0,0.0,0.0,1.0,3.644400000000001,0.0,6.0,0.0,0.0,0.0,0.0,0.0
7.325462962962961,1.2924691358024694,-3.3048277777777777,11.25,385.4820000000001,0.0,0.7,0.0,0.0,0.0,0.0,0.0,2.563881311380527,2.2388084635451477,17.572269683009328,-1.2512987012987011,65635.36157134149,2.5017452585550712,0.0,0.0,0.0,0.0,0.0,127.90506365534478,0.0,0.0,0.0,0.0,0.0,0.0,0.0,0.0,0.0,36.909557628420565,0.0,0.0,0.0,0.0,0.0,90.99550602692418,0.0,10.73811719734691,0.0,0.0,8.921165754168323,17.25027467690533,0.0,0.0,0.0,0.0,0.0,17.25027467690533,0.0,0.0,0.0,0.0,10.73811719734691,0.0,18.19910120538483,72.79640482153933,3.877407407407408,0.0,0.0,0.0,31.62306851851853,0.0,0.0,7.325462962962961,0.0,0.0,0.0,0.0,0.0,2.0,3.0,0.0,3.0,2.8923000000000014,0.0,0.0,0.0,0.0,0.0,0.0,0.0
10.199797003163406,0.3308805744520031,-0.9913425925925924,9.692307692307692,200.621,0.0,2.3076923076923075,35.49569099780396,10.20517232463618,2.0200133612164364,6.3020777021833885,-0.1388134649375345,2.0205556711929047,2.719441518462691,1.7232231582486262,-1.22,705.1739292463237,2.951371503336311,9.843390348640757,5.749511833283905,6.606881964512918,0.0,0.0,5.969305287951848,0.0,4.794537184071822,0.0,0.0,11.600939890232516,30.686289896772447,5.022633313741326,0.0,14.637927532712576,17.570245178184365,0.0,0.0,0.0,6.923737199690624,6.606881964512918,28.785186010823153,5.749511833283905,4.736862953800049,0.0,5.749511833283905,11.600939890232516,17.682714647305474,4.794537184071822,6.923737199690624,5.022633313741326,0.0,46.53,5.969305287951848,4.794537184071822,6.606881964512918,10.772145147025231,5.563451491696996,0.0,18.19910120538483,6.923737199690624,0.0,4.995015432098765,8.9804860936144,0.8275462962962965,-0.4433796296296293,5.03282281431091,0.0,1.4777144746787605,0.0,1.0,0.0,0.0,0.0,0.0,4.0,3.0,0.0,1.0,2.11182,0.0,0.0,0.0,1.0,1.0,0.0,0.0
11.57087962962963,0.255138888888889,0.255138888888889,10.076923076923077,203.35099999999997,0.0,1.6153846153846154,32.16658626567382,10.370458621096477,2.1017729765611706,8.130213897084628,0.2228219753579674,2.1363552360198685,3.7993393278259617,2.792430454911796,-0.18,679.3609650543182,5.967938870866066,4.899909730850477,0.0,0.0,0.0,5.239211713172287,0.0,4.794537184071822,0.0,0.0,0.0,32.53309654846299,19.26246486877803,18.842366418571935,0.0,4.794537184071822,17.001096662563402,0.0,4.899909730850477,0.0,40.0336764678499,18.842366418571935,0.0,0.0,0.0,4.794537184071822,0.0,11.761884949391115,28.981487862594705,0.0,0.0,0.0,0.0,20.31,0.0,4.794537184071822,5.239211713172287,0.0,38.10483128734997,11.761884949391115,0.0,4.899909730850477,20.771211599071872,0.0,0.255138888888889,0.0,0.9471844293272864,0.0,3.1799074074074074,8.136797052154195,0.0,0.0,0.0,0.0,0.0,0.0,3.0,6.0,0.0,0.0,3.3716000000000026,1.0,0.0,0.0,0.0,0.0,0.0,0.0
2.3402777777777777,1.3230120937263796,1.3230120937263796,12.0,252.31599999999997,0.0,1.1,14.238293777060392,9.965278232242024,2.209735585964954,6.228088996214336,1.697941464903372,2.8399049635701936,2.120569654932486,4.392004425602147,-2.5999999999999988,125895.82694003024,1.1198586037116531,0.0,0.0,0.0,0.0,0.0,0.0,0.0,0.0,0.0,0.0,66.73003775307771,49.865069893108775,0.0,0.0,0.0,21.544896857859182,0.0,0.0,0.0,0.0,0.0,72.79640482153933,22.253805966787983,0.0,0.0,0.0,0.0,0.0,0.0,0.0,0.0,43.798702824647165,0.0,0.0,0.0,0.0,0.0,0.0,43.798702824647165,0.0,0.0,72.79640482153933,0.0,5.448110355253213,5.482974300831445,0.0,26.40224867724868,0.0,0.0,0.0,0.0,1.0,0.0,0.0,0.0,0.0,0.0,0.0,5.0,5.640400000000003,0.0,0.0,0.0,0.0,0.0,0.0,0.0
14.607685185185185,0.1372078136810282,-1.2751022303881248,18.125,331.34700000000004,0.0,1.9583333333333333,19.142215575449036,10.090180914172324,2.2763834013284954,5.932587448237475,0.0694556947879947,3.403898859383535,1.9485981247024455,4.729110360732636,-2.41,672746.5705685618,2.4478616810646066,19.89032537748887,11.38067233274289,0.0,5.428790391900541,0.0,5.969305287951848,4.794537184071822,9.184952231746642,0.0,0.0,0.0,24.97437738277524,43.80393423887613,11.204086992299825,14.291479626587348,22.559616494716465,0.0,9.883888251797686,0.0,18.88348407499998,31.07893535450078,39.933577617251544,0.0,15.64548872675735,10.077801322358384,0.0,0.0,41.82195795423421,0.0,5.817220841045894,0.0,10.902924932081056,74.57000000000001,17.215316520898284,19.086016810659167,16.991516535309753,24.293599804124977,25.93115605767717,12.263210640074686,6.06636706846161,9.467009378641832,5.316788604006331,16.43241047808012,12.6196285019594,0.1594360985134804,-1.755300643086537,3.07809812505249,3.290533509700176,2.9606282188163497,0.0,2.0,1.0,1.0,1.0,0.0,7.0,3.0,0.0,4.0,1.5833,2.0,0.0,0.0,0.0,0.0,0.0,0.0
9.5831819099311,0.4522990601837104,0.4522990601837104,10.5625,220.356,0.0,1.5,16.2553365848802,10.039311064402884,1.983080453699985,5.310944742264692,0.4656383170133577,2.301127981493152,2.051992852019489,3.0412843200330197,-0.98,4560.835659319427,5.199946727170801,5.106527394840706,5.749511833283905,0.0,0.0,0.0,0.0,0.0,0.0,0.0,0.0,63.64776814263151,24.471461806010623,0.0,0.0,5.106527394840706,0.0,0.0,0.0,0.0,58.29031018309871,0.0,29.828919765543436,5.749511833283905,0.0,0.0,5.749511833283905,0.0,5.106527394840706,6.4208216229260096,0.0,0.0,0.0,20.23,0.0,5.106527394840706,0.0,5.749511833283905,11.984273114623004,44.94575136048208,6.06636706846161,18.19910120538483,6.923737199690624,0.0,9.5831819099311,1.0935723996388682,0.4522990601837104,7.66952474914055,10.286560972363642,2.2481942420754653,0.0,1.0,0.0,0.0,0.0,0.0,1.0,8.0,0.0,1.0,4.685300000000005,0.0,0.0,0.0,1.0,0.0,0.0,6.0
14.983653155706726,0.0433587910472832,-1.3153294094140051,20.26923076923077,361.3730000000001,0.0,2.0,19.142220377842765,10.052547816243749,2.3039713587389965,5.968800079492716,0.0694010281909732,2.6008121369340973,2.0040889154009784,5.191841670562343,-2.609999999999999,825393.7397774052,2.4384574228435856,24.210309458133068,17.857719730893475,11.5667326743298,5.428790391900541,0.0,5.969305287951848,4.794537184071822,9.184952231746642,0.0,0.0,0.0,20.037776250829424,32.37586919526338,16.944765761229018,19.028342580387395,22.559616494716465,0.0,9.467009378641832,0.0,12.965578028838586,44.73348930169088,33.867210548789934,5.749511833283905,15.065563076551069,10.077801322358384,5.749511833283905,0.0,60.376421632274784,0.0,5.817220841045894,0.0,10.902924932081056,75.01,17.215316520898284,19.086016810659167,23.59839849982267,30.04311163740888,19.15587988028676,6.196843571613076,4.567099647791355,18.871318913218293,4.899909730850477,22.556683437263793,9.363410540086193,-0.2238168012843333,-1.5426565069196736,0.9940744415049962,1.3426119614512473,5.075710339627637,2.0152775955562405,1.0,0.0,2.0,1.0,0.0,8.0,2.0,1.0,4.0,1.544,3.0,0.0,0.0,0.0,1.0,0.0,0.0
11.188993764172334,0.2947741874527583,-0.7112500000000002,27.526315789473685,263.381,0.0,2.1578947368421053,16.46539639440762,9.710122820183672,2.400635735961338,5.3286974071123305,-0.0619228023056036,2.4097190192698603,2.297593905275676,4.191040321472326,-1.06,19617.522535875934,3.097196784151031,14.743300079491233,5.749511833283905,0.0,0.0,0.0,0.0,0.0,0.0,0.0,0.0,24.97437738277524,44.633172839826614,12.462662452073968,12.71084835226122,9.843390348640757,0.0,0.0,4.899909730850477,5.917906046161393,31.284337302687725,27.749897912544487,29.828919765543436,5.749511833283905,4.736862953800049,0.0,5.749511833283905,0.0,37.75633503823567,5.601050810983688,5.917906046161393,0.0,0.0,32.7,5.601050810983688,5.106527394840706,0.0,5.917906046161393,37.120184599671504,6.4208216229260096,7.109797541277533,24.26546827384644,18.995253696204855,5.28546981292517,11.188993764172334,0.2872685185185186,1.1143126417233558,7.89740197467876,4.243043194129504,0.9243152399848829,5.808075003149408,1.0,1.0,0.0,0.0,0.0,3.0,4.0,0.0,2.0,2.634600000000001,1.0,0.0,0.0,0.0,1.0,1.0,0.0
9.23611111111111,0.3055555555555556,-0.979938271604938,7.4,94.497,0.0,2.2,35.495662722282944,10.837969113105547,1.830233270837389,6.25610078884128,-0.133570712199482,1.3787834934861756,2.847378923087672,0.3429477090771533,-0.24,9.65148445440323,3.759999999999999,5.106527394840706,5.880003444970339,0.0,0.0,0.0,5.969305287951848,4.794537184071822,0.0,0.0,11.600939890232516,0.0,0.0,0.0,0.0,9.901064578912528,17.570245178184365,0.0,0.0,0.0,0.0,5.880003444970339,0.0,0.0,0.0,0.0,0.0,11.600939890232516,16.955836127762893,4.794537184071822,0.0,0.0,0.0,37.3,5.969305287951848,4.794537184071822,5.880003444970339,0.0,0.0,0.0,0.0,0.0,0.0,0.0,7.590277777777778,0.0,-1.2854938271604937,0.0,0.0,0.0,0.0,1.0,0.0,0.0,0.0,0.0,3.0,1.0,0.0,0.0,0.3097999999999999,0.0,1.0,0.0,0.0,0.0,0.0,0.0
9.555555555555555,0.6111111111111112,-0.6111111111111112,8.75,78.13600000000001,0.0,1.5,32.19696040763108,11.91219608757485,1.571634336328628,7.829987043024964,0.6900118228151252,0.8112781244591328,2.803039487674051,0.0,0.1499999999999999,3.2451124978365313,126.37222222222238,0.0,0.0,0.0,0.0,0.0,0.0,4.208898492164469,0.0,0.0,0.0,0.0,0.0,23.31110740992712,0.0,4.208898492164469,10.799569042904308,0.0,0.0,0.0,0.0,12.511538367022808,0.0,0.0,0.0,0.0,0.0,0.0,16.720436859187277,10.799569042904308,0.0,0.0,0.0,17.07,10.799569042904308,4.208898492164469,0.0,0.0,0.0,0.0,12.511538367022808,0.0,0.0,9.555555555555555,0.0,0.0,0.0,0.0,3.2777777777777777,0.0,-0.6111111111111112,0.0,0.0,0.0,0.0,0.0,2.0,0.0,0.0,0.0,-0.0052999999999999,0.0,0.0,0.0,0.0,0.0,0.0,0.0
7.0,1.0,1.0,3.0,32.042,0.0,1.5,16.235703028195374,11.774296971804633,0.8391720167738221,3.1778074852252667,0.3989925147747331,1.0,1.0,0.0,-0.04,2.0,-27.040000000000028,5.106527394840706,0.0,0.0,0.0,0.0,0.0,0.0,0.0,0.0,0.0,0.0,0.0,7.109797541277533,0.0,5.106527394840706,0.0,0.0,0.0,0.0,0.0,7.109797541277533,0.0,0.0,0.0,0.0,0.0,0.0,12.21632493611824,0.0,0.0,0.0,0.0,20.23,0.0,0.0,0.0,0.0,7.109797541277533,0.0,0.0,0.0,0.0,0.0,7.0,0.0,0.0,0.0,0.0,0.0,1.0,1.0,0.0,0.0,0.0,0.0,1.0,0.0,0.0,0.0,-0.3915,0.0,0.0,0.0,0.0,0.0,0.0,0.0
5.652793209876543,0.8708796296296297,-2.8911694444444436,12.0,282.18600000000004,0.0,1.75,0.0,0.0,0.0,0.0,0.0,1.5920001314822056,3.1117661943884265,7.244198732573899,1.6687012987012988,36.61600302409073,7.668701298701299,0.0,0.0,0.0,0.0,0.0,65.96257519054059,0.0,0.0,0.0,0.0,0.0,0.0,0.0,0.0,0.0,41.7604522146533,0.0,0.0,0.0,24.202122975887292,0.0,0.0,0.0,0.0,0.0,0.0,26.76349726250497,14.996954952148332,0.0,0.0,4.436742530344651,0.0,0.0,14.996954952148332,0.0,0.0,0.0,17.27838577619667,0.0,0.0,0.0,6.923737199690624,0.8708796296296297,0.0,0.0,0.0,0.0,2.205763888888889,2.09947962962963,16.95837962962963,0.0,0.0,0.0,0.0,0.0,4.0,3.0,0.0,0.0,3.4418000000000015,0.0,0.0,0.0,0.0,0.0,0.0,1.0
