,fPC1,fPC2,fPC3,fPC4,sub_full,y,Repetition
0,-15.511229372689419,-7.464525895381435,-11.97016811150867,-0.3788097665385713,1-2Dichloroethane,3,1-2Dichloroethane0
1,-9.971800029924754,-7.86861127279017,-11.892268169163504,-0.06663820116831352,1-2Dichloroethane,3,1-2Dichloroethane1
2,2.546133813351662,-12.323048511392752,-6.262961883332477,-1.7690553513682596,1-2Dichloroethane,3,1-2Dichloroethane2
3,2.462757954355157,0.7461032377404557,0.31160732653618595,2.997403997114275,1-chlorodecane,3,1-chlorodecane0
4,-0.7050211653036568,-0.3262153596176925,-0.2114394127313264,0.6478216829508534,2A1,3,2A10
5,3.358975618582299,-7.348233343956866,2.4421910374855336,-4.181720362432731,2A1,3,2A11
6,7.157891199904143,18.00472141521867,-12.270004558962736,-2.117563471863272,4-octylphenol,1,4-octylphenol0
7,8.13155442394475,18.360443697194096,-8.761003268329246,-3.573749722653864,4-octylphenol,1,4-octylphenol1
8,2.6415371036559834,2.2768697891783383,6.363189411750296,2.5898159249736166,124-Trichlorobenzene,3,124-Trichlorobenzene0
9,2.280881564555075,0.14969588821375934,1.0988559941524607,2.443810451149081,124-Trichlorobenzene,3,124-Trichlorobenzene1
10,1.4910090186026643,-0.09931004741401578,0.7031016839355914,2.7210570187575036,A736,4,A7360
11,2.8549919732095206,-1.2064698738512487,1.0075695753455938,0.6747720765518502,A736,4,A7361
12,2.1239800246574445,-0.26593830126784945,1.0055568822727134,2.57143136994724,A736,4,A7362
13,2.166027146824125,-0.11087320958377964,0.06589467612789014,2.65347513423019,Acetone,3,Acetone0
14,2.3018689826367265,1.735916535098914,1.4196081940963354,1.0327820054271262,Acide Acrylique,3,Acide Acrylique0
15,2.655987493783807,2.9587459784722405,-0.6663759119575053,-0.7743169241798779,Acide Acrylique,3,Acide Acrylique1
16,-1.4829811937964132,-1.3302020446194696,1.2882976222571831,0.259276386169621,Acide Acrylique,3,Acide Acrylique2
17,-2.241326075240151,-1.2988588465733282,0.09137266295785614,-4.466030897032017,alphaEndosulfan,2,alphaEndosulfan0
18,-5.493122263173814,-0.623601244975476,-0.7371977618497674,0.08008943631146599,alphaEndosulfan,2,alphaEndosulfan1
19,-1.7084413967784602,0.268667989034821,-1.094323312981226,-2.053636031874135,alphaEndosulfan,2,alphaEndosulfan2
20,3.576563359393981,3.790919906378076,5.1891864161204415,0.51407760982595,Anthracene,5,Anthracene0
21,2.8228461783236325,1.004347301506663,1.316016215061842,2.21528277089696,Anthracene,5,Anthracene1
22,2.726298884789483,-2.4329623871176325,1.7079160286357016,2.466675487201805,Benzene,5,Benzene0
23,2.338961649786641,0.27803428503035105,0.3836574571286917,2.68788154481869,Benzo(a)pyrene,5,Benzo(a)pyrene0
24,2.2381742981184614,0.9540809315087545,0.2980514420354031,2.9530373197526285,Benzo(a)pyrene,5,Benzo(a)pyrene1
25,1.0214289587239906,-4.458214138033189,-0.6496539402966595,-1.968416381626811,betaEndosulfan,2,betaEndosulfan0
26,2.932368614428315,0.7674623338723212,-0.5117190272173134,0.9267839633162779,betaEndosulfan,2,betaEndosulfan1
27,2.103547556278002,4.671546058001747,-2.675031215396268,-1.5651033089648074,betaEndosulfan,2,betaEndosulfan2
28,3.63525041348788,0.8364813685281177,0.8110626768361847,2.687625473471324,Biphenyl,5,Biphenyl0
29,0.2216583565078557,4.541016935982409,-0.23979933121152494,8.369428347780834,Carbaryl,1,Carbaryl0
30,0.6141355155783389,2.830745045995054,0.07181434575018954,7.050976546156771,Carbaryl,1,Carbaryl1
31,-4.21576919124868,-6.218527113228964,-14.117095237838702,1.7408734210997718,Chlorothalonil,3,Chlorothanolil0
32,-10.80824623722339,1.4887475916816417,-5.344527260161957,-5.561976229996826,Chlorothalonil,3,Chlorothanolil1
33,-8.011142193503174,8.119919144509586,-7.455440608188559,-1.5065234643423235,Chlorothalonil,3,Chlorothanolil2
34,3.1473239845155523,0.7937226816224917,0.87630972116462,1.2636626059071405,Chlorpyrifos,1,Chlorpyrifos0
35,5.775125788949345,-3.369546509433315,-0.30917356339738034,-2.7363596752394486,Chlorpyrifos,1,Chlorpyrifos1
36,8.27157434930409,-12.691995355345265,4.5296877404553735,-9.522595908008476,Cypermethrine,1,Cypermethrine0
37,14.61162404108292,-12.880863138459889,4.323918593337158,-4.154435547648621,Cypermethrine,1,Cypermethrine1
38,2.200270112710719,8.972251130207171,-6.899031066444319,-3.9547667318285997,DDD(2-4),1,DDD(2-4)0
39,2.1447992781770697,5.828707065826417,-1.905194417297006,-0.9349444980458952,DDD(2-4),1,DDD(2-4)1
40,1.0597167356143917,21.918747239188626,1.1095408464961787,-4.979486153947295,DDD(2-4),1,DDD(2-4)2
41,2.1241306683913397,-0.497778842737382,-2.7460019375420206,2.5213286127478876,Dicofol,1,Dicofol0
42,2.0257768826264995,0.24149414643459263,-4.534588180363736,1.9355891830213712,Dicofol,1,Dicofol1
43,2.5259714251742205,-0.8363125597856089,0.9773188560429193,1.363058968424319,Dieldrin,2,Dieldrin0
44,2.9371660328281193,13.476762135090473,9.432897901709795,-2.185073732879882,Dieldrin,2,Dieldrin1
45,-3.637424896413891,9.640683809596794,3.6577779266470163,-2.1314141093323182,H40,1,H400
46,-4.821758474691092,10.001339649589514,6.255654186171525,-2.8777667910625966,H40,1,H401
47,-0.9444925850205554,11.387447296087428,17.644795380120733,-2.7756391380545127,H40,1,H402
48,3.2394715179524916,3.5967347897192132,4.848713709480204,0.15912768176816783,Hydrazine,3,Hydrazine0
49,1.0622142283814753,0.7309353029048455,3.072133696441261,2.983556412478996,Hydrazine,3,Hydrazine1
50,3.024779189414733,-0.5093132865896532,-0.30216035535711233,2.8664667012830787,Ibuprofen,1,Ibuprofen0
51,3.471841244290422,-9.433981366757662,5.254052588109206,4.888944203030786,Isodrin,2,Isodrin0
52,3.0014759814013647,-6.487762029375578,4.0954065999073075,6.341196326367578,Isodrin,2,Isodrin1
53,1.7416825194035963,0.051604769577622486,0.26866841539465397,2.6969732701229963,L1000,3,L10000
54,3.487202948759822,-0.5251679916092615,-3.822023187220409,1.6484979526733168,L1000,3,L10001
55,4.869272664805106,-14.338477397108608,1.1675175148632477,-5.128647035810531,Lindane,1,Lindane0
56,-16.28733518285802,-1.9216748210124674,3.0240756869726186,-1.0077114507085405,Methomyl,3,Methomyl0
57,-8.904017276907501,-1.693193726664614,1.0241793267067365,-0.15662871713522938,Methomyl,3,Methomyl1
58,-16.605014069821017,-2.229131569575117,3.150836214347474,-2.3514418006099325,Methomyl,3,Methomyl2
59,-16.848665059626743,-1.5395008858724617,2.880734924027575,-1.4016611822417635,Methomyl,3,Methomyl3
60,-15.44143944160766,-2.2989428242566325,1.846295939436842,-1.3688023433713126,Methomyl,3,Methomyl4
61,-15.363531354620468,-2.052470688470472,2.9051657175269034,-1.3395200540706693,Methomyl,3,Methomyl5
62,-15.198214392581397,-2.1381173950454966,2.2176383335442447,-1.4531179464615287,Methomyl,3,Methomyl6
63,10.753571634391305,2.7029105071193014,-2.4090013809780215,1.110572861986291,Nitric Acid,3,Nitric Acid0
64,2.74011693145935,-0.20606665285005746,0.6753766257205086,2.9618366303500565,Pentachlorophenol,3,Pentachlorophenol0
65,2.6904396031179036,0.02770254241129069,0.640852484624162,2.5013547073979376,Pentachlorophenol,3,Pentachlorophenol1
66,2.908078773104337,-2.792622316475041,0.7048483678899082,-3.440151152581063,PiperonylButoxide,6,PiperonylButoxide0
67,1.807422983276824,-0.15169204430807776,0.5806541578743143,1.698639611325991,PiperonylButoxide,6,PiperonylButoxide1
68,6.770445513799883,-3.185409066072475,-0.20678103364696146,-13.60043631811222,Quinoxyfen,1,Quinoxyfen0
69,18.719093148440038,-1.1671680089237115,-8.73545419825248,-0.6862036136755052,Quinoxyfen,1,Quinoxyfen1
70,3.183281526031402,8.741320335006588,-3.337622061315522,-4.75001875674059,Quinoxyfen,1,Quinoxyfen2
71,2.0450060926998295,2.5200460228192196,0.7355767850733564,1.599374202587907,Tebufenozide,1,Tebufenozide0
72,2.355353222883078,0.1311214150025357,-0.40978729347517595,2.819759830761796,Tebufenozide,1,Tebufenozide1
73,15.615353880042605,-8.00888947651568,1.7520219644567825,0.3163657537653395,Tetrachloroethylene,3,Tetrachloroethylene0
74,14.428169910189713,-13.319225580806096,1.9737184220010897,-7.578940426850756,Tetrachloroethylene,3,Tetrachloroethylene1
75,-14.672734629399546,-2.126400636051265,1.8277854440276597,-1.6354390009213817,Trichlorobenzene(123),3,Trichlorobenzene(123)0
76,-4.6380306591802345,-1.2758440738909447,-2.5209444040203675,0.9527188332978337,Trichlorobenzene(123),3,Trichlorobenzene(123)1
77,-7.794093585385921,-1.4611161889742497,0.8593905261590353,-0.6045832727306257,Trichlorobenzene(123),3,Trichlorobenzene(123)2
78,-7.875378991752314,-1.8982337489138013,0.5442298652832886,-2.080488106123355,Trichlorobenzene(123),3,Trichlorobenzene(123)3
79,0.5281085866610423,-10.298944744346118,-1.109931859999807,5.856632563849936,Trichloroethylene,3,Trichloroethylene0
80,-1.1349337395226673,0.1867704825506278,1.2354386863581357,0.642994473934632,Trichloroethylene,3,Trichloroethylene1
81,-8.53593324313732,-4.722048231551285,-0.19728473414611863,0.3147396002493982,Trichloroethylene,3,Trichloroethylene2
82,-0.28663163212497034,0.5951698776352519,1.9714154816048077,1.5744230960134373,Trifluralin,7,Trifluralin0
83,-3.1458813268160446,0.4443140367428297,-1.493003117259666,2.104833145335923,Trifluralin,7,Trifluralin1
84,-7.887303459590168,-0.7473789369063341,3.2307460866653885,0.32101701280259154,Trifluralin,7,Trifluralin2
85,0.47213986023847626,1.0310809646209336,-2.455278116596064,3.0184748404805073,Trifluralin,7,Trifluralin3
86,2.3322919150644825,0.915648952361857,0.7305717731558828,2.0871420456322283,Verapamil,6,Verapamil0
87,2.9032197117423455,0.8414472345210086,0.711556935266238,2.754025670703583,Verapamil,6,Verapamil1
88,2.79355012953362,1.618433864705885,-0.06018315511066235,3.232128812029565,Verapamil,6,Verapamil2
