"","bspline_1_1","bspline_2_1","bspline_3_1","bspline_4_1","bspline_5_1","bspline_6_1","bspline_7_1","bspline_8_1","bspline_9_1","bspline_1_2","bspline_2_2","bspline_3_2","bspline_4_2","bspline_5_2","bspline_6_2","bspline_7_2","bspline_8_2","bspline_9_2","bspline_1_3","bspline_2_3","bspline_3_3","bspline_4_3","bspline_5_3","bspline_6_3","bspline_7_3","bspline_8_3","bspline_9_3"
"1-2Dichloroethane",0.042859950206979,0.310416980887883,0.514033048766382,0.269480112960332,0.0432431614519545,0.119166320771748,-0.161778078245258,0.0231242212402489,-0.338246072263911,0.319171851112785,0.691449264719943,0.543240083536789,0.561443430722969,0.348070310727021,0.50458025640626,-0.0287324564446578,0.087622443651282,0.0469159404190385,0.150049445582541,-0.239516349454831,0.327802520537494,-0.311698492128032,-0.767715643951837,-0.787530033275143,-0.680812424675976,-0.770545782703064,-0.611039981644253
"1-chlorodecane",-0.0012663269082302,0.0212297344488871,-0.0143353313991194,0.0355292602886218,0.015667741559506,0.0116948308755646,0.0606068544011266,0.070957248573666,0.0206552934475203,0.00712506799058949,-0.00977619788024,-0.00201311704873594,0.148825965142675,0.0403903993236592,-0.0116773416755821,0.0405627615972552,0.148953361412198,0.0222860391832614,0,0,0,0,0,0,0,0,0
"124-Trichlorobenzene",0.011510792727695,0.0128482665425325,0.0275044208125438,0.015711864361267,0.0280358370676902,-0.0105425595556612,0.0114999636458914,0.0114221143180655,0.00284260740756263,-0.0146936592246825,0.478748631539411,0.16135289576427,0.0918613034032997,-0.0188321781223675,0.0513859424055285,0.00105066429759635,-0.00855080774348756,0.00415580923106407,0.0847817397678588,0.0135678546681241,-0.00652679368075991,0.00686784891380517,0.00720379693613946,-0.0341522235289635,0.132569521430906,0.020250378884764,0.100817682119042
"4-octylphenol",0.191932261457496,-0.285599292711028,0.468840362857609,-0.461324266669494,2.32348310921153,0.614176484957933,1.7872151736365,-0.477825081295552,0.949290566576122,0.00693782470451355,0.3079186364263,0.739378532384097,1.1375453321278,1.13880220113408,0.917011010407712,2.1218130351933,1.43671485569628,1.46394285491842,0.0663195405970607,-0.115656053496287,0.181565092131921,0.119775167264651,0.269533574069743,0.454727051048726,0.754861222277493,0.741362684299467,0.656515341204209
"A736",0.000126642711790382,-0.000204001813051058,0.000288170680860203,0.00146542134569099,0.000543539579830356,-0.000548398908298611,0.0014935253159083,-0.0168930498081808,0.000283824511736235,0.048967055876076,0.150572798169336,0.0261741189261544,-0.0263231347664854,0.0144714730798949,0.012535647522663,0.0111082940043962,-0.0106967754383099,0.00438704831904199,-0.00151437259243641,0,-0.00343237610634048,0,0,0,0.0215188361190909,-0.0123671179172658,0.0044809305783349
"Acetone",-0.103767717152899,0.243696428504648,-0.228607872009673,0.45952815124089,0.298283662700934,0.0379303268142035,0.193872491506862,-0.0359831218222183,0.0639831126331579,0.000814188710245463,0.000120706822821866,-0.00676890618059027,0.0293417766166466,0.0396911597089486,0.107608552269589,-0.0589175143758093,0.0556420367692804,-0.00651288311418872,-0.0158548049237448,0.0257658226102428,-0.03744030795809,0.043701629344802,-0.120702915922302,-0.0517367987070071,-0.0426854872836144,-0.120099243775571,0.0667071195019266
"Acide Acrylique",0.0027422744742782,0.0027082810279454,-0.0120392157689072,0.0174060477992288,-0.0417221222705022,0.00128362024442492,-0.0113667807464407,-0.0340108621759486,-0.056793886251437,-0.185644033177594,1.03429560804453,0.782049765891275,0.82678212930761,0.391554803389307,-0.205220918903982,0.232542881466527,-0.05864037116353,-0.156064299138031,-0.000929033991170465,0.00149793290919938,-0.00212244307531679,0.00230018977923107,-0.00432607165177656,0.00793742584085675,-0.0134205484204331,0.0195071936515422,0.017711328746732
"Anthracene",0.0168038689075457,0.0203822385144464,0.00550325685046225,0.031755516857197,0.0128406529388232,0.0517040004008455,0.011609127211547,-0.00520503471647535,0.0247493056012309,0.0315735647233191,0.004299369061236,0.399947021950084,0.192446160548036,0.396673210666034,0.000298278106432501,0.0539687433322266,0.0167704148075822,0.0170140738453586,0.0115970186253977,-0.0331972564909366,0.0949231698066454,-0.0220102336070159,0.0169561498323132,0.0341578191928359,0.0818012303467635,0.442470442486123,0.324282097010374
"Benzene",-0.00321004167440695,0.00511402683573894,-0.00696094123472051,0.0065793350942025,0.000965622976407269,0.00929865152013232,0.0102252732996541,0.0192412214867911,0.0124475314518444,0.0546834443405144,-0.0925355479806521,0.145042676056095,-0.13320225021546,-0.208625908548048,-0.37703885119297,-0.143765832838321,-0.14659231367049,-0.0995766098319836,0.00782330075580936,-0.00396889358299532,-0.0349869720726007,0.0426747364957088,-0.158554274535198,0.0879812253509221,-0.0599329843846971,0.0336377250439778,-0.0120739766699432
"Benzo(a)pyrene",0.00369784072907524,0.0098424174919944,0.0140720163353428,0.00718067090564909,0.00152854037354092,-0.00070407943340718,0.0123639701293299,0.00838192249635772,0.00263817744990228,0.0172317483332202,-0.0067593518979357,0.0209916145538321,-0.0219060743218169,0.0424620377612611,0.148207878707892,0.029882393703103,0.103350562450768,0.0488919459997777,-0.0372896450298066,0.0604197534044436,-0.0867294340624588,0.0950639819578204,0.327702331286066,-0.0569211985467141,0.0527243297971582,0.0045551261253619,-0.0054489881403663
"Biphenyl",0.0566832110141121,0.00186946591612304,0.0684699170072716,0.0370776259706533,0.0313608060634542,-0.0208829117263544,0.0663098684744036,-0.0133992817807467,0.0330664592879805,0.0825990393378928,-0.121780352131629,0.552184213619969,-0.0708014424261559,0.402995290782078,0.117974520555035,0.106671254569303,-0.0393438749966061,0.00941817685132318,0,0,0,0,0,0,0,0,0
"Carbaryl",0.00313444061729542,0.0109922353786757,-0.0017181764740885,0.0140251581489531,-0.013149332100893,0.0151989311804281,0.0035712514743909,-0.00474994752164885,0.00854933211141693,0.00340460894546137,-0.00369249883572039,-0.00175616947701836,0.0110189488585863,0.0652999554525898,-0.0131050157408606,0.0772304512257032,-0.100560849448447,0.0492629799086013,0.291573661431063,0.152779045189269,0.24516730871743,0.0472880149341655,0.0458540603380304,-0.0451365179519577,0.0369032702990898,-0.00559794917133865,0.0450638362677755
"Chlorothalonil",0.134601396800331,-0.215327902325567,0.60934206974483,0.328879817148242,0.163571018807748,0.231086151398621,-0.189809246151717,-0.0736871587744753,-0.0787889429935674,0.168793949933172,-0.119618262111202,0.286641188062742,-0.00797679005318079,0.127561913949245,0.665429465662305,0.324525010295639,0.225794053701353,-0.0580954093417758,-0.00974297181065573,0.00582939140354926,0.0797871881545971,-0.195303847117068,0.1763675194281,0.066027652641917,0.102011760397685,0.224948864659752,-0.170551878392645
"Cypermethrine",0.0222123901599809,-0.0253866864196253,0.0483776510888262,-0.0337826970799151,0.0766614916917943,-0.146127689898626,0.403408036943997,0.0609625825748189,0.144369891442411,-0.064849668962869,0.378829671951597,1.26809602957273,1.56118997690581,0.888698669786335,-0.651167339699019,-0.573606814442198,-0.782296438443527,-0.758429445007852,-0.0282268047796483,0.063946112599942,-0.149366178893864,0.0347983137092616,-0.0254174690599978,0.0360076724111538,-0.0803410979670483,0.0257750000433864,0.0123441301243049
"DDD(2-4)",0.00484973969646436,0.00207410197331887,0.00537655208700424,0.035371553780605,0.0155633957108043,0.00933779008557221,0.018709115095163,0.0137610216238322,0.0102476481251465,0.0731000207328042,0.233601831304735,0.869749781770459,1.32709517730012,1.57504672909832,1.21287717380121,1.43782391589435,0.886859950305084,1.18260555095996,0.295939414327725,0.654288490516891,0.257487542742294,1.26258817599618,0.530517479662063,0.533736261244002,0.607542245926753,0.42309736790332,0.408925228089191
"Dicofol",0.0195762517856968,0.28221176741584,0.198577945969393,0.091318713439113,0.284692979821352,-0.0684886787323735,0.119280413918093,-0.0249463764081398,0.0742280713143072,-0.0429044991975836,0.0635301279205252,-0.0594481616126836,0.100323779424486,0.123846659178274,0.222286743319538,-0.147119290402295,0.183286204722741,0.0690694405992716,-0.0157877142249729,0.147408000185126,-0.0411280009076322,-0.109588621139726,0.0676622889209565,0.0874162797098537,0.0897265007013796,-0.0247400218123116,0.058538745357475
"H40",0.0263596619057231,-0.0228030676899624,0.087158660033891,-0.00506714026050922,0.178467148176416,-0.146491708810048,0.0267871619085745,-0.341204212910365,-0.0587512714302968,-0.0542327055990637,0.408753590283339,1.10102167630507,0.337139214863092,0.175427605130635,0.624431495877095,0.967920306347945,0.259003938477811,0.527446957299172,0.17364797416195,-0.153960004319835,-0.00406838388651983,-0.257933570238965,0.00946420124292089,0.489021872128728,0.350599679993521,0.273807908483683,0.245807141631597
"Ibuprofen",0.0306563821658327,-0.048658033770859,0.0755960182481849,0.0186116540236162,-0.079572726163409,0.166978300786795,0.105057644886369,-0.0329826561364508,0.0689017284763425,0.000145093784443965,-0.000273642254515917,0.00057075700227242,-0.00123236786743804,0.00990997572622926,-0.00626228974136268,0.00442848400553407,-0.00252791767446119,0.000913483959518518,-0.011195766755161,0.0180417174268479,-0.0255180866645609,0.027501085668922,-0.04955665259766,0.00752868877398404,-0.00151966107172159,-7.62706299362423e-05,0.000160739133754046
"Isodrin",-0.00041771894789249,0.0102510173835509,-0.0152218361145513,0.0307393051121787,-0.00619213530828192,0.0270439619097443,-0.0065998872115948,0.107720598947299,-0.0245151738762157,-0.114003927003586,0.177432370810847,-0.262667753981616,-0.352327334868306,-0.640175709617425,-0.621929858189115,-0.583871528245277,-0.82342785430084,-0.908640572475482,0,0,0,0,0,0,0,0,0
"L1000",0.0098051802907206,0.0024592367160065,0.0207444901721039,0.00722812670731371,0.0567091052590388,-0.103671545214269,0.488132366138016,-0.330850268403323,0.181772102718385,0.18957041479143,0.181037709621831,0.694056200019442,0.0842583182082343,0.327679735716109,-0.0953876191332949,0.0607116033515677,-0.00620018386345161,0.0502762987164557,0.0385744759874354,-0.0597247889056943,0.0683674216088223,0.0341703053343549,-0.0531011793641994,0.0933300738464902,-0.0243994455324158,0.0236597742445237,-0.00988102521418529
"Lindane",0.0251485056651854,0.0423187245430193,0.0140973404670287,0.0134136909498112,0.049941256740562,0.0149894490996476,-0.00917457167452407,0.00534402746148473,-0.00196571562154713,-0.0510133866693217,0.0823708878031727,-0.117261007627663,0.128909774465762,-0.263181094009872,-0.177116158021624,-0.547520404413408,-0.577213567863052,-0.621382125849367,-0.0325757994374095,0.0522355623198859,-0.0726462768069464,0.0737220250153088,-0.00312476280037595,-0.00260594094914789,0.00271086040881319,-0.00176572140761848,0.000668985719066963
"Methomyl",0.0214479810053985,0.0234625415589431,0.0368439406470684,0.0462721687520877,0.0617332259363807,0.0201976358284287,-0.607736831979651,-0.892662848335085,-0.794156019996013,0,0.000183950543079229,0,0.000282229061008,-0.00052848968510848,0.00095406020700557,0,0,0,-0.000632912637077755,0.0010292318923261,0,0.00175950244670635,-0.00466285576562443,0.0062888952585284,-0.00870957245745945,0.0081925736207898,0.00165394078658633
"Nitric Acid",0.0250425474589804,0.0243924275688254,0.737599512011863,0.500201254254935,0.771363635372163,0.616640400146252,0.886250819694581,-0.125016250413437,0.77878448265101,0.241780985004421,0.923498195208627,0.872507764551709,1.03812975230582,0.0079019969763299,0.803702356882734,-0.00552316081283589,0.113734396944672,0.0216310901001041,0,0,0,0,0,0,0,0,0
"Pentachlorophenol",0.0368488321832929,-0.0112989078562153,0.0843181914110438,0.0234752383140592,0.141028674560281,0.294295892304539,-0.050737047783252,0.115506864960201,0.0291053024771464,-0.00381420795209744,0.00604045380576008,-0.00063370978868474,-0.00361619809081117,0.0472896997768957,-0.140729131934992,0.0775693769343015,0.00767770155006397,0.0138588617839837,0.000365838536297782,-0.00060436510433993,0.00092324005988986,-0.0012253826469354,0.0051629433605626,-0.0307961657353044,0.203900750412905,-0.0376807856320655,0.00261835974702433
"PiperonylButoxide",-0.13959264915449,0.259553632791978,-0.211023454914924,0.413420357474637,0.37054706578932,-0.057764778225721,0.276950321245065,-0.065719879021134,0.223513526206558,0.334567458286229,0.0437763947200189,0.567925025680486,0.104742267861563,0.216302238466363,0.0671013701923677,0.034557709738482,-0.0184443581688057,0.0174427004961936,0,0,0,0,0,0,0,0,0
"Quinoxyfen",0.104739054590157,0.278421463364852,0.445454569529346,0.28165878609582,0.212628799786008,0.259927924235936,0.08011982864021,0.0229672558604302,0.154861951763595,0.866997222866122,1.51867981891414,0.668963519256586,0.859061510388008,0.5014391799094,0.685319266308754,0.765971851009114,0.420507123848521,0.542427542755197,0.292570262283925,0.059764522262085,0.254461574449841,0.150019729087966,0.368338263913013,0.71902393426999,0.579493541245367,0.383780104189198,0.689080144573729
"Tebufenozide",-0.0005377547679826,0.000917411599462879,-0.00152815304044819,0.00237834813756635,-0.0032287754286756,0.0126559410455629,-0.00241410447175822,0.0251578599031528,0.024030700461413,-0.0246346240971394,0.150025195040608,0.0997802390229151,0.0518440882371415,0.189917593941157,0.24843945708815,0.0797507218491858,-0.00422592800081265,0.0083104032979567,0.0120661603816483,-0.0195213740641195,0.0279663114319827,-0.0313340891332907,0.071419167442239,-0.0450804321055807,0.185719531296601,0.072086931861382,0.0394294474469051
"Tetrachloroethylene",0.0917171313510911,0.149094574229741,0.922395295840942,0.744822644632835,0.367497160131341,1.47984712786384,0.268928599878008,0.879080847079164,0.988977843383741,-0.006423352246049,1.20837622505789,0.143484243257736,0.475674347519224,-0.518035236906333,-0.208768120482472,-0.621785090625039,-0.397585919087746,-0.559495982503276,0.0132065659103671,-0.0212902584554221,0.03015085970198,-0.032625061166586,0.0610019707194075,-0.20282420425855,-0.00068271051807826,-0.0875980055693395,-0.098074366537455
"Trichloroethylene",0.131369611188644,0.787930666181183,0.918473643475511,0.183399153599407,0.00603760448851903,0.0893588038090378,-0.0300083374880379,0.0457692202333873,-0.052264189661893,0.260621587307647,1.0762201537751,0.0646342929280717,-0.273613393769438,0.0185420502244701,-0.344104382782672,0.094297539607439,-0.0509240355345007,-0.112540195957927,0.079395274492498,-0.133725399629199,-0.0648118619201609,-0.582174688776185,-0.351891551207955,-0.54984662724022,-0.428434536217262,-0.196061914263226,-0.215973775377201
"Trifluralin",0.00111270741618335,0,0,0.0463173686896035,0,0,-0.0167478657561606,-0.0321389211631705,-0.189514308454843,0,0,0,0,0,0,0,0,0,0.00272678508105156,0.0454330498332983,-0.0640796027817314,0.0684527126101338,-0.0404078022758686,0.0306433230792895,0.0623234039890436,0.121406565885146,0.0122281260214167
"Verapamil",0.00637203727854123,0.0017047815491958,-0.00379311136292262,0.00480944167613687,0.00227400379130178,0.00462417793889161,0.00159745940105921,0.0018760996958482,0.00379968578352461,-0.0241039586328403,0.0393765154690564,0.188339296256738,0.0700853997061907,0.124290848574602,-0.0626392531779808,0.577273455545369,-0.133315900394993,0.155308105390008,-0.0184030569768199,0.0297059866426071,-0.042246373927194,0.0463066653343948,-0.0042701176066589,0.00955173584011005,-0.0234382178677257,0.0131461921292669,0.00597855472435895
"alphaEndosulfan",0.0214374682926785,0.0572050982538723,0.0088087003326387,0.0158047398327751,0.0642171638453795,0.00522270902901285,-0.029301742404357,-0.0653901465847106,0.0441233594637658,0.0725459215848668,-0.116861246931914,0.165082766011819,-0.177241475513276,0.314345605527475,0.296321196548684,0.127007665877498,0.30254668574978,0.106007583574445,-0.00324595326956408,-0.171263618195904,-0.211030998025562,-0.0449229294991227,-0.149272133455442,0.111005941527232,-0.202764759657698,0.00596191696657461,0.0132082314501823
"betaEndosulfan",0.045943552645152,0.15153859045989,-0.0530825966892267,0.399559877400989,0.516399973930105,-0.021132622395618,0.0851775928071457,0.0611985268608479,0.0380955811448036,0.00900810581464317,-0.0147219607118921,0.0217716391442022,-0.0266578813951844,0.0888649784999444,0.0837171179387846,0.24428171372552,-0.05825407908892,0.0527239712411465,0.00171782396577896,-0.00275353644015325,0.00382676327400802,-0.00389600153659741,0.00413083556700321,0.0170530522528971,-0.223436608292227,-0.117631785327026,-0.152641718219144
