"","X1","X2","X3","X5","X6","X7","X8","X9","X15","X16","X19","X20","X21","X22","X23","X24","X25","X26","X28","X29","X30","X31","X32","X33","X34","X35","X36","X37","X38","X39","X40","X41","X42","X43","X44","X46","X47","X50","X53","X54","X58","X59","X60","X61","X62","X64","X65","X66","X67","X68","X70","X71","X72","X73","X74","X75","X76","X77","X78","X79","X81","X83","X84","X85","X87","X88","X89","X94","X95","X96","X97","X99","X101","X103","X104","X106","X107","X108","X109","X110","X111","X112","X113","X114","X115","X116","X117","X118","X119","X120","X121","X122","X123","X124","X125","X128","X129","X130","X131","X137","X142","X143","X147","X148","X149","X157","X158","X159","X166","X168","X173","X176","X177","X187","X190","X191","name"
"1","0.850287592495497","-0.086784321994367","-0.0884940980702034","-0.395136160364717","-0.346489081619795","-0.358508836479229","-0.341960233770263","-0.156718813155217","0.25889199474526","0.986501285135706","-0.352443034429577","-0.0873491524307246","-0.150005190552374","0.176432951329981","-0.611061463567896","-0.23921817357018","-0.495789960995581","0.220390215753391","0.128886292470815","-0.130593013933466","-0.0614808317003757","-0.286566984034179","-0.0353577721628434","-0.0674464939041085","-0.287649079925612","-0.173982825733646","-0.450249211643351","-0.151865967349213","-0.440835655911009","-0.170956675537916","-0.400287626366496","-0.904865228934927","-0.162221430433985","-0.325927772423482","-0.334297155604323","-0.231931702319689","0.613667861734844","-0.396852769461037","-0.513831201585227","1.17617223224962","-0.449593977984703","0.272410403903876","-0.771810886433173","0.291597525731956","-0.505434412960952","0.387361678885071","-0.5329025141826","-0.716105836731869","-0.0134134800839996","0.452182703613966","0.278757181067675","1.46764766017732","0.578671131671773","0.706441651163951","-0.897895364046418","-0.14569171132626","-0.574271204529219","-0.624998639797823","-0.663451926055197","0.81336362162959","0.736640133340351","0.191077964817544","-0.132268922834819","0.169655555383065","-0.74663188587161","-0.31785626383241","0.313587198096492","-0.822704747889292","-0.0125257459657795","-0.829165825685494","0.32678234722465","-0.380489243782832","0.913817822149645","-0.536438021121989","0.722893937580615","-0.0725928563588239","0.40540140367399","0.220777493799612","-0.394316387334313","-0.327436506636292","-0.435919105905028","0.791512673291024","0.93089916208841","-0.288892102032128","0.703743942961568","-0.450129278661549","-0.350770093406554","-0.0106721373308974","0.519915326773996","-0.426043581376427","-0.335145662976937","-0.423934215809747","-0.408321868600977","-0.317812186918913","-0.417477124948836","-0.567196965579871","0.165047402175901","-0.422905636484613","-0.141494418337703","-0.288892102032128","0.660407430351155","0.723990658342274","-0.429013530112202","1.49515867483792","-0.220034626792004","-0.532673945343624","-0.346551070873298","0.791512673291024","0.93089916208841","-0.0764862681684307","0.498923325898738","-0.882579950158088","-0.288892102032128","-0.197985446785213","-0.162221421130762","-0.162221421130762","carbaryl"
"2","-0.647522865111837","-0.61883339194148","-1.78765034764503","-0.285528980528922","0.525444140228033","0.559675307712515","0.523499004488779","0.266336343668155","0.332797362541186","0.666386899714348","0.120958275761147","0.353513768548113","-0.656118203313397","0.673574684613274","-0.0721838698649999","1.62290468230292","-0.480198066302199","0.175231184352291","0.0769888274437916","0.244554615406783","0.125441319798763","0.44846194809384","0.163742489751397","0.0136097287090828","0.642449602715206","-0.230379205088238","0.559144042910037","-0.356813998359923","0.402613971119001","-0.388637382415802","0.420796511832133","0.742233077732846","-0.16222143037637","0.495808285340789","0.518530645219136","0.314398462102702","-0.105005571712564","1.80395307306021","0.887269399326252","-0.429876150007927","-0.0776529805232846","0.229610589698669","0.62628615901468","0.802400575033847","0.845362372255168","0.343153862541012","-0.5329025141826","-0.141041765255637","0.476738797846631","-0.396582319887721","0.297386546888724","0.304180820538288","-0.323320679483116","0.732954849012475","0.687140146789793","0.063977864413271","1.52538010260966","-0.624998639797823","-0.0196220101589091","-0.796974861922053","-0.389682840854235","0.257239087370089","-0.0823163121231339","-0.543715462032324","1.03493199195321","0.252037651084208","-0.528526651697487","1.24450769779725","1.11748767131008","0.819818013189876","-0.157638669365488","-0.380489243782832","-0.668011800814896","-0.168466035436562","-0.285500456845759","0.186019194419486","-0.621615485633451","0.556359284375023","-0.394316387334313","-0.327436506636292","-0.435919105905028","-0.322468126155602","-0.883160743519773","1.54075787750468","-0.106627870145692","-0.450129278661549","-0.350770093406554","1.20595151839141","-0.642248344838465","1.2203621229257","0.644510890340264","0.918524134254453","-0.408321868600977","-0.317812186918913","-0.417477124948836","0.780647292511547","-0.405116350795394","0.641107391582464","0.269334008456289","1.54075787750468","-0.430700498055101","-0.376475142337982","0.347296667233688","-0.398708979956778","-0.220034626792004","-0.532673945343624","-0.346551070873298","-0.322468126155602","-0.883160743519773","-0.439796041968477","-0.403890311441835","0.441289975079044","-0.288892102032128","-0.197985446785213","-0.162221421130762","-0.162221421130762","chlorpyrifos"
"3","1.29198295156022","-0.536864081297819","-0.485338768255249","0.288171797561463","0.909047823846034","0.914055807481605","0.910711500308689","0.949733135459755","0.280007814115524","0.886245680910335","-0.383685338321197","1.20831989985144","-0.408254750004538","0.853693451762035","-0.395116692095366","0.323897419503145","-0.934459582292997","1.51809774104133","1.09095638914136","1.04110453379561","0.95986175155444","0.910320033473154","1.04745819916355","0.928477479352692","0.835011623531253","1.01256286483261","0.866952479973004","0.934408077576133","0.474712733650104","0.770149570200203","0.411562320393231","-1.21114383967893","-0.162221393119773","0.948679233550911","0.785364104213799","1.00444859065815","0.538299984042001","1.88778524682007","0.228653810237744","-0.429876150007927","0.87890048984782","-0.196544855755772","-0.318113434670449","0.890532937531028","-0.0495638026288305","-0.318877783530325","2.07388940152762","0.112446463850563","-0.573643931798673","1.58375887259589","1.96622962247743","0.349019417978269","-0.323320679483116","1.87475886603694","-0.0121887274212006","-0.443045514018674","0.38536629857761","2.6580238158121","0.522847501276748","1.81767260733747","-0.389682840854235","0.8082877258744","0.345399572126882","0.952563433207754","1.09104596854101","0.545885860078351","-0.528526651697487","0.218981640958076","0.635863215457908","0.00439771578901352","0.429190594538798","-0.272690401066617","1.56311586540738","0.506923998490836","-0.285500456845759","1.04805936368052","-0.621615485633451","0.556359284375023","0.60461846057928","-0.327436506636292","0.317032077021838","-0.322468126155602","0.93089916208841","-0.288892102032128","0.703743942961568","0.97528010376669","-0.350770093406554","0.800410299817309","-0.642248344838465","0.397159270774635","-0.335145662976937","0.918524134254453","1.14330123208274","-0.317812186918913","0.640131591588215","0.568273592461954","0.735211155147196","1.36020897920089","0.950806878062015","-0.288892102032128","0.660407430351155","0.723990658342274","0.347296667233688","-0.398708979956778","-0.220034626792004","-0.532673945343624","0.850625355779912","-0.322468126155602","0.93089916208841","-0.439796041968477","1.40173696323931","0","-0.288892102032128","-0.197985446785213","-0.162221421130762","-0.162221421130762","cypermethrine"
"4","-0.602705200269591","-0.562430581639086","-0.145276208410265","-0.310934618239206","0.347135821994018","0.378105170820642","0.342193416814095","0.136165526184041","-0.898958767390922","-1.0573059448622","-0.596658556866999","0.285981497920741","-0.598971959279538","0.356586450558991","-0.226071472963132","0.23125397149835","0.355235883256139","0.287500520539906","0.0600180753688617","0.166967758387828","0.0723904848350571","0.264132999609318","0.192646044480549","0.0986895063227682","0.246986311336813","0.0571971820642652","0.281144476127218","0.0626223300635474","0.0269261148049901","0.0250493999623711","0.0644389743698128","0.204543961093367","-0.162221430288482","0.207837920363798","0.233958388196146","0.324303363280944","-0.692917526763984","-0.396852769461037","-0.513831201585227","-0.429876150007927","0.602754723218625","0.513307876688575","-0.771810886433173","-0.913565706195271","0.588835810725588","-0.318877783530325","-0.5329025141826","-0.269501646972327","-0.573643931798673","1.54271605334232","-0.542155064797437","-0.647595093938644","-0.323320679483116","-0.461875563709034","0.873517909204017","-0.490024169509877","-0.574271204529219","-0.624998639797823","0.129036122484347","1.0817533688882","-0.389682840854235","-0.93601351404426","-0.232672263425319","-0.543715462032324","-0.246444715100164","0.010123617579194","0.34129594893492","0.730831124286011","-0.542594278535994","0.912009949648399","-0.456608613929101","0.574296224588644","1.13243291389079","-0.536438021121989","-0.285500456845759","0.186019194419486","-0.621615485633451","-0.78596787792662","-0.394316387334313","-0.327436506636292","-0.435919105905028","-0.322468126155602","0.93089916208841","-0.288892102032128","0.703743942961568","-0.450129278661549","-0.350770093406554","-0.821754574479104","-0.642248344838465","-0.151642630659406","-0.335145662976937","0.113049124215933","-0.408321868600977","-0.317812186918913","-0.417477124948836","0.179435083942675","0.165047402175901","1.23756745161969","0.332051303873447","-0.288892102032128","-0.430700498055101","-0.376475142337982","-0.429013530112202","-0.398708979956778","-0.220034626792004","0.694090292417449","-0.346551070873298","-0.322468126155602","0.93089916208841","-0.439796041968477","-0.403890311441835","0.882579950158088","-0.288892102032128","-0.197985446785213","-0.162221421130762","-0.162221421130762","DDD(2-4)"
"5","0.820843307638916","-0.129147332199076","-1.12973642075996","-0.227458951476845","0.641605777960516","0.694391411243185","0.634622363401735","0.331421752410212","-0.812735838295674","-1.04499385311522","-0.667453139292273","0.935057800488556","-1.17130771247244","0.641800315604918","-1.16898615228593","0.43244159045576","-0.643056901275558","0.3454944545325","0.243210747943889","0.391305940061294","0.169173466055812","0.462942565489682","0.313738503892782","0.145667105859336","0.352036440650425","0.146008581690567","0.648554148667781","0.149384071196092","0.188833428528495","0.0515850469661842","0.112083072603553","0.374698744840038","-0.162221430096802","0.469705677598514","0.169920262063217","0.540943883222423","-0.0292667087796329","1.02264583620213","-0.513831201585227","-0.429876150007927","0.602754723218625","0.109369953380702","-0.771810886433173","-0.267889418339285","1.01860534653638","-0.318877783530325","-0.5329025141826","-0.32600479126927","-0.573643931798673","1.54271605334232","-0.542155064797437","-0.647595093938644","-0.323320679483116","-0.461875563709034","1.31637122751663","-0.321569989307409","-0.0103479259680729","-0.624998639797823","-0.146113326584321","1.0817533688882","-0.389682840854235","-0.341151509938486","0.131353702189183","0.216076047191791","-0.74663188587161","0.859660077597899","-0.528526651697487","1.16336816778979","-0.745619118522146","1.33081951616332","-0.420569615495015","-0.833078643584279","0.852045102524588","-0.536438021121989","-0.285500456845759","0.358427228271692","0.40540140367399","-0.450386087351209","-0.394316387334313","-0.327436506636292","-0.435919105905028","-0.322468126155602","0.93089916208841","-0.288892102032128","0.703743942961568","-0.450129278661549","-0.350770093406554","-0.416213355905001","0.519915326773996","0.397159270774635","-0.335145662976937","-0.155442545796907","-0.408321868600977","-0.317812186918913","-0.417477124948836","0.18017387059696","0.165047402175901","1.07526371903875","0.464938736719242","-0.288892102032128","-0.430700498055101","-0.376475142337982","-0.429013530112202","-0.398708979956778","-0.220034626792004","1.30747241129799","-0.346551070873298","-0.322468126155602","0.93089916208841","-0.439796041968477","-0.403890311441835","1.32386992523713","-0.288892102032128","-0.197985446785213","-0.162221421130762","-0.162221421130762","dicofol"
"6","-0.389890486688431","-0.626073461773024","-0.723941348169877","3.3088912058952","0.702450682231366","0.76466016686532","0.692931599296198","0.298879048039183","-0.386807534419151","-0.350980681483087","-0.864605123288503","1.82868021311375","-1.24833323656168","1.30402805494137","-1.32790549460987","0.408421140119466","-0.453382855221922","1.11021638522593","0.189791671394881","0.217063019181492","0.0813232457985033","0.483477721494821","0.228711894167426","0.312729323001459","0.598415422647197","0.749486937304623","1.21760019605769","1.30703412089921","1.97309540966736","1.78006790202425","2.26149564881707","1.45688316946886","-0.162221429828405","0.0788729488319034","-0.545019531180221","0.518545163858023","-0.0773087713609917","-0.396852769461037","-0.513831201585227","-0.429876150007927","0.369779747282436","-0.576288809858907","0.935715205008667","-0.3146302943962","1.44837488234717","-0.318877783530325","3.04414837000036","0.642308397806301","-0.573643931798673","-0.844997002850779","-0.542155064797437","-0.647595093938644","-0.323320679483116","-0.461875563709034","1.75922454582923","0.399489005813905","-0.0973558225506323","2.09400995678554","-0.364919722546792","-0.620085236226655","-0.389682840854235","-0.567569573784975","0.505827204555906","-0.543715462032324","1.28556879902873","0.91525913799162","-0.0265922166992288","1.77251751313338","-0.0932016696505734","2.04514822188866","-0.566893885014383","-0.380489243782832","-0.85605148167257","-0.536438021121989","-0.285500456845759","0.272223211345589","-0.621615485633451","-0.450386087351209","3.60142300432006","1.45007595796072","3.3288368087293","-0.322468126155602","-0.883160743519773","-0.288892102032128","-0.916999683252952","3.35096240781375","2.61128847313768","-0.416213355905001","-0.642248344838465","0.671560221491656","0.644510890340264","-0.692425885822588","4.24654743345016","2.09756043366483","3.81295774119937","-0.68682908014592","1.87553866108979","0.524514695066804","0.272526807760188","-0.288892102032128","-0.430700498055101","-0.376475142337982","-0.429013530112202","-0.398708979956778","-0.220034626792004","1.92085453017852","2.04780178243312","-0.322468126155602","-0.883160743519773","3.91992124363207","0.498923325898738","1.76515990031618","-0.288892102032128","-0.197985446785213","-0.162221421130762","-0.162221421130762","dieldrin"
"7","-0.407955355691473","-0.59992306790555","-0.717625280726809","2.79581193604691","0.609055534631889","0.666310956717604","0.599301576105103","0.201250934926098","-0.406256315418079","-0.441701357513432","-0.828333081234456","1.73593843241937","-1.22815234021584","1.25481172852299","-1.31730984140334","0.408426284730492","-0.368730892787784","1.20104161472449","0.111923711986258","0.16264780273266","0.0223928792257227","0.426576924452956","0.138700366721821","0.198243562636519","0.489447540627551","0.552476256434545","1.04206692317054","0.997221264435336","1.73349967337955","1.36580738325242","1.9495780749132","1.30714695977179","-0.162221430148404","0.0777810965603907","-0.508613998956495","0.449706397567139","-0.692917526763984","-0.396852769461037","-0.513831201585227","-0.429876150007927","0.369779747282436","-0.576288809858907","-0.000208405188911688","-0.913565706195271","1.44837488234717","-0.318877783530325","3.04414837000036","0.1353319395939","-0.573643931798673","-0.358472881667087","-0.542155064797437","-0.647595093938644","-0.323320679483116","-0.461875563709034","1.75922454582923","-0.1066842064692","-0.574271204529219","2.09400995678554","-0.364919722546792","-0.0824515973756826","-0.389682840854235","-0.93601351404426","0.505827204555906","-0.543715462032324","0.253742455671282","0.91525913799162","-0.0265922166992288","1.59590521129357","-0.683779310391991","2.02241992120922","-0.563974075257414","-0.380489243782832","-0.85605148167257","-0.536438021121989","-0.285500456845759","0.186019194419486","-0.621615485633451","-0.78596787792662","3.60142300432006","-0.327436506636292","2.57588562580244","-0.322468126155602","-0.883160743519773","-0.288892102032128","-0.916999683252952","2.40068948619493","2.61128847313768","-0.821754574479104","-0.642248344838465","0.397159270774635","-0.335145662976937","-0.692425885822588","2.69492433276645","-0.317812186918913","1.69774030812527","-0.61452353251689","1.30537490811849","0.913058501621736","0.283221569064859","-0.288892102032128","-0.430700498055101","-0.376475142337982","-0.429013530112202","-0.398708979956778","-0.220034626792004","1.92085453017852","4.44215463573954","-0.322468126155602","-0.883160743519773","2.82999192223194","-0.403890311441835","1.76515990031618","-0.288892102032128","-0.197985446785213","-0.162221421130762","-0.162221421130762","isodrin"
"8","0.850287592495497","-0.107680359811925","-0.0884940980702034","0.927892668205103","1.35126062565259","1.39211816912781","1.34309688101648","1.01481854420181","-0.52943192841129","-0.441701357513432","-0.537123112291652","0.866686504369044","-1.24052735608099","0.460653596788512","-1.49077974775058","0.232610915530871","-0.495792541570578","0.802160154334883","0.616891797131081","1.0199841100896","0.76591341731696","1.14449051798436","0.948306492830243","0.736255105366792","1.08262438855104","0.598106862175484","1.01772870252244","0.555047740266604","1.31335507366622","0.361326929384618","0.885709944250739","0.279412065941902","-0.162221415916649","1.27325367184431","1.3676495505813","1.20314403600186","0.613667861734844","-0.396852769461037","-0.513831201585227","1.17617223224962","-0.449593977984703","0.272410403903876","1.70160222085156","0.291597525731956","2.0731828019038","0.387361678885071","-0.5329025141826","0.623706732546758","-0.0134134800839996","0.452182703613966","0.278757181067675","1.46764766017732","0.578671131671773","0.706441651163951","1.75922454582923","1.19199807892612","-0.574271204529219","-0.624998639797823","-0.663451926055197","0.81336362162959","0.736640133340351","0.191077964817544","2.44477311209769","0.169655555383065","-0.74663188587161","-0.31785626383241","0.313587198096492","1.77251751313338","-0.0125257459657795","1.73703710832432","0.32678234722465","-0.380489243782832","0.913817822149645","-0.536438021121989","0.722893937580615","0.961855346754415","0.40540140367399","0.220777493799612","0.60461846057928","-0.327436506636292","0.317032077021838","0.791512673291024","0.93089916208841","-0.288892102032128","0.703743942961568","-0.450129278661549","-0.350770093406554","-0.0106721373308974","0.519915326773996","1.2203621229257","-0.335145662976937","-0.423934215809747","1.14330123208274","-0.317812186918913","0.640131591588215","1.54103789759069","0.735211155147196","1.37223768071721","1.15004871825927","-0.288892102032128","0.660407430351155","0.723990658342274","-0.429013530112202","1.49515867483792","-0.220034626792004","3.1476187679396","-0.346551070873298","0.791512673291024","0.93089916208841","-0.0764862681684307","0.498923325898738","1.76515990031618","-0.288892102032128","-0.197985446785213","-0.162221421130762","-0.162221421130762","lindane"
"9","0.644223453531402","0.0399104121648133","-0.154176772632243","-0.331985003770584","-0.57421819612715","-0.592121251832916","-0.570447276272947","-0.449603152494474","1.51528324727601","1.94684444139978","0.677215795105981","-0.316699118988967","0.243266847075846","-0.368713056026399","-0.460584199588442","1.6699432152156","-0.558111412985459","-0.216638588555661","-0.615490380521861","-0.457652288628208","-0.377027019981107","-0.477444126243754","-0.504669682997717","-0.554853391593337","-0.468457530579936","-0.658574769385225","-0.624272207538756","-0.693990153917031","-0.660804033660286","-0.800793417091799","-0.832002514982626","-0.00644797075250557","-0.162221430493412","-0.353487446958876","-0.0445828705648902","-0.571603681726264","-0.00194089366814877","-0.396852769461037","0.235320776779439","1.17617223224962","-0.373681966060895","-0.0952365655968886","-0.771810886433173","0.30433341174622","-0.281929627423316","0.387361678885071","0.246184151943961","-0.428573800993753","0.483867381470799","-1.2479464091987","-0.542155064797437","0.471033148260411","0.578671131671773","-0.461875563709034","-0.448898142378667","0.32281489966602","-0.0872145955941499","-0.624998639797823","-0.341536968107053","-0.837264261797384","-0.389682840854235","0.554523064706192","-0.132268922834819","0.169655555383065","-0.74663188587161","-0.37174353654912","-0.528526651697487","-0.999317049729103","-0.542594278535994","-0.725734815725535","0.572845997685048","-0.380489243782832","-0.85605148167257","-0.0630926553270049","0.685627389245911","-0.50361294098934","0.40540140367399","0.556359284375023","-0.394316387334313","-0.327436506636292","-0.435919105905028","0.791512673291024","-0.883160743519773","-0.288892102032128","-0.916999683252952","-0.450129278661549","-0.350770093406554","0.800410299817309","0.519915326773996","0.122758320057615","-0.335145662976937","-0.423934215809747","-0.408321868600977","-0.317812186918913","-0.417477124948836","0.160144385574465","-0.975280103766689","-1.17122682172581","-0.518088445322822","-0.288892102032128","0.660407430351155","0.723990658342274","0.347296667233688","1.49515867483792","-0.220034626792004","-0.532673945343624","-0.346551070873298","0.791512673291024","-0.883160743519773","-0.439796041968477","-0.403890311441835","-0.882579950158088","-0.288892102032128","-0.197985446785213","-0.162221421130762","-0.162221421130762","methomyl"
"10","1.42653856053514","-0.39625150835042","-0.163805677775825","-0.315401543550904","0.536459618915465","0.465936504940935","0.542750741030575","0.852105022346669","-0.207280325198276","0.088665671587044","-0.459505393247174","0.481674737791357","-1.17124170737223","0.051308729768622","-1.60534278169302","-0.157023371091386","-0.704261457301335","0.615334667709948","0.767253921882814","0.940390346922491","1.11558983870961","0.849965218564853","0.829391796427625","0.966997287650471","0.696937541022533","1.14703084440967","0.726752218049946","0.631967653069941","0.165347042751043","0.52239744014175","0.12177354967857","-1.30643051857707","-0.162221424088002","0.882450225087078","0.645498112483007","0.744875803511577","-0.692917526763984","-0.396852769461037","1.81138025412552","1.24798253522492","2.16221690841597","0.183199098347362","-0.347168073095411","0.298889934061039","-0.692566434830737","1.06718441238314","-0.5329025141826","1.50575606153808","-0.573643931798673","1.56588595843928","-0.542155064797437","0.493966842248714","-0.323320679483116","-0.461875563709034","-0.897895364046418","0.236647184824055","0.072187987298898","0.965572486171133","2.36339259597974","0.81336362162959","-0.389682840854235","0.516884737209633","-0.176546067608324","0.883026572798453","0.251929258227427","0.0927063022848861","0.843230383933178","-0.999317049729103","-0.542594278535994","-0.829165825685494","1.31382732857135","2.6632302478116","0.882653120609181","2.60754959460798","-0.285500456845759","0.875651329828312","0.40540140367399","0.556359284375023","-0.394316387334313","-0.327436506636292","-0.435919105905028","1.90549347273765","0.93089916208841","-0.288892102032128","0.703743942961568","-0.450129278661549","-0.350770093406554","-0.0106721373308974","0.519915326773996","-0.151642630659406","-0.335145662976937","0.113049124215933","-0.408321868600977","-0.317812186918913","-0.417477124948836","0.528437668691165","0.165047402175901","0.509806381091488","0.887636339107312","-0.288892102032128","1.75151535875741","1.82445645902253","0.347296667233688","1.49515867483792","-0.220034626792004","-0.532673945343624","-0.346551070873298","1.90549347273765","0.93089916208841","-0.439796041968477","-0.403890311441835","-0.882579950158088","3.37040785704149","-0.197985446785213","-0.162221421130762","-0.162221421130762","tebufenozide"
"11","0.915513904247456","-0.673841514570942","-1.05883788015444","2.36678139245821","0.854320684103231","0.936978752955748","0.84481412342441","0.36396445678124","-0.153422162432014","-0.234339812301216","-0.728540411991769","1.67308253029215","-1.10208867993336","1.15625364853562","-1.30307965210544","1.3441704332261","-0.490799018240283","0.581193967893822","0.089110701711937","0.299995440287673","0.0268242399581819","0.544657262626044","0.212632883441731","0.05512160922913","0.584379431123702","0.258954653474744","1.00747699030357","0.53917259175689","1.59302973859934","0.598637164768726","1.56341116980174","1.5317512743174","-0.162221430202848","0.377275032752833","-0.196563711059509","0.544699054239142","-0.692917526763984","-0.396852769461037","0.781759224633851","-0.429876150007927","-0.953028828886899","0.23158703675684","1.01282745175611","0.676443212676322","1.86926730653919","-0.318877783530325","1.25562292790888","-0.131314794547558","0.476738797846631","-0.844997002850779","-0.542155064797437","-0.647595093938644","-0.323320679483116","-0.461875563709034","1.75922454582923","0.615705502455068","1.41192562202113","0.73450565849386","-0.663451926055197","-0.620085236226655","-0.389682840854235","0.108744123418821","2.3587501034312","0.0825193723805247","1.2208757511252","-0.756830157733819","-0.528526651697487","1.90783500713458","1.49905943716076","1.8144390121291","-0.607861685803132","-0.380489243782832","-0.85605148167257","-0.530652591895403","-0.285500456845759","0.272223211345589","-0.621615485633451","0.220777493799612","1.60355330849287","1.45007595796072","1.82293444287557","-0.322468126155602","-0.883160743519773","-0.288892102032128","-0.916999683252952","1.92555302538552","1.13025918986556","0.394869081243206","-0.642248344838465","1.49476307364272","0.644510890340264","-0.692425885822588","1.14330123208274","2.09756043366483","1.69774030812527","-0.190884752930466","0.735211155147196","0.134591676216798","0.267802357881131","-0.288892102032128","-0.430700498055101","-0.376475142337982","-0.429013530112202","-0.398708979956778","-0.220034626792004","1.92085453017852","2.04780178243312","-0.322468126155602","-0.883160743519773","1.37675282703175","-0.403890311441835","1.76515990031618","-0.288892102032128","-0.197985446785213","-0.162221421130762","-0.162221421130762","alphaEndosulfan"
"12","0.915513904247456","-0.673841514570942","-1.05883788015444","2.36678139245821","0.854320684103231","0.936978752955748","0.84481412342441","0.36396445678124","-0.153422162432014","-0.234339812301216","-0.728540411991769","1.67308253029215","-1.10208867993336","1.15625364853562","-1.30307965210544","1.3441704332261","-0.490799018240283","0.581193967893822","0.089110701711937","0.299995440287673","0.0268242399581819","0.544657262626044","0.212632883441731","0.05512160922913","0.584379431123702","0.258954653474744","1.00747699030357","0.53917259175689","1.59302973859934","0.598637164768726","1.56341116980174","1.5317512743174","-0.162221430202848","0.377275032752833","-0.196563711059509","0.544699054239142","-0.692917526763984","-0.396852769461037","0.781759224633851","-0.429876150007927","-0.953028828886899","0.23158703675684","1.01282745175611","0.676443212676322","1.86926730653919","-0.318877783530325","1.25562292790888","-0.131314794547558","0.476738797846631","-0.844997002850779","-0.542155064797437","-0.647595093938644","-0.323320679483116","-0.461875563709034","1.75922454582923","0.615705502455068","1.41192562202113","0.73450565849386","-0.663451926055197","-0.620085236226655","-0.389682840854235","0.108744123418821","2.3587501034312","0.0825193723805247","1.2208757511252","-0.756830157733819","-0.528526651697487","1.90783500713458","1.49905943716076","1.8144390121291","-0.607861685803132","-0.380489243782832","-0.85605148167257","-0.530652591895403","-0.285500456845759","0.272223211345589","-0.621615485633451","0.220777493799612","1.60355330849287","1.45007595796072","1.82293444287557","-0.322468126155602","-0.883160743519773","-0.288892102032128","-0.916999683252952","1.92555302538552","1.13025918986556","0.394869081243206","-0.642248344838465","1.49476307364272","0.644510890340264","-0.692425885822588","1.14330123208274","2.09756043366483","1.69774030812527","-0.190884752930466","0.735211155147196","0.134591676216798","0.267802357881131","-0.288892102032128","-0.430700498055101","-0.376475142337982","-0.429013530112202","-0.398708979956778","-0.220034626792004","1.92085453017852","2.04780178243312","-0.322468126155602","-0.883160743519773","1.37675282703175","-0.403890311441835","1.76515990031618","-0.288892102032128","-0.197985446785213","-0.162221421130762","-0.162221421130762","betaEndosulfan"
"13","-0.756095256467668","0.431243365099245","0.803568726916611","-0.367024987209962","-0.489474314778216","-0.571042469309226","-0.487986387112219","-0.286889630639331","-0.641409758405117","-0.531243842945979","-0.379151745746858","-0.435299934109438","0.120217794306822","-0.140861423671694","0.607696024922952","-0.00200934011305238","-0.0196174897225415","-0.151488924632939","-0.817312538163951","-0.411353318203921","-0.150403332517569","-0.267067179106222","-0.376438126895716","0.00313579767419542","-0.0969106837734916","-0.160359200648602","-0.340603446674007","-0.217406903337356","-0.411472570159935","-0.275621625512191","-0.407221753696574","0.674171164234178","-0.162221430490904","-0.116067560557204","1.31871011419603","-0.394666939941427","-0.692917526763984","-0.396852769461037","-0.513831201585227","-0.429876150007927","-0.670781318559142","-0.174938000623757","-0.771810886433173","-0.913565706195271","-0.700472796706789","-0.318877783530325","-0.5329025141826","1.70460007213791","-0.10623327560519","-1.2479464091987","-0.542155064797437","-0.647595093938644","-0.323320679483116","-0.461875563709034","-0.455042045733809","-0.446748204847336","-0.574271204529219","-0.624998639797823","2.04672065996019","-1.06536460918066","-0.389682840854235","-0.93601351404426","-0.618980199044111","-0.543715462032324","-0.74663188587161","-0.756830157733819","-0.0688695579073564","-0.566780006225324","-0.542594278535994","-0.424526733115541","-0.420569615495015","-0.380489243782832","-0.85605148167257","0.0715386716280205","-0.285500456845759","-0.417408924063237","-0.621615485633451","-0.78596787792662","-0.394316387334313","-0.327436506636292","-0.435919105905028","-0.322468126155602","-0.883160743519773","-0.288892102032128","-0.916999683252952","-0.450129278661549","-0.350770093406554","-0.821754574479104","-0.642248344838465","-0.974845482810468","-0.335145662976937","1.45550747428013","-0.408321868600977","-0.317812186918913","-0.417477124948836","2.08281915666558","-0.975280103766689","0.467622187895032","-0.268797801491853","-0.288892102032128","-0.430700498055101","-0.376475142337982","-0.429013530112202","-0.398708979956778","-0.220034626792004","0.0807081735369127","-0.346551070873298","-0.322468126155602","-0.883160743519773","-0.439796041968477","-0.403890311441835","-0.441289975079044","-0.288892102032128","-0.197985446785213","-0.162221421130762","-0.162221421130762","1-chlorodecane"
"14","-0.0427898153736499","-0.608127113040444","0.181786976410141","-0.0641369947678787","-1.08268732178233","-1.12136528256406","-1.0795929360376","-0.872658309317845","2.18043155743935","1.72522678995423","0.0385873541193597","-0.619602322786964","0.372935877198178","-1.00861267965252","-0.511958765141087","-1.49405168546487","-0.408392842326383","-1.09338865252768","-0.889249696126702","-0.907309949691239","-0.790290133005722","-0.99027599769834","-0.942459046537068","-0.807827593043658","-0.992345978504456","-0.740607544738443","-0.955102506837379","-0.875501148609169","-1.00046351008291","-0.896078481041125","-0.946268293382285","0.422342084289105","-0.162221430495779","-0.87224989874653","-0.814856402915585","-1.03642706973166","0.715888034757713","-0.396852769461037","-0.513831201585227","-0.429876150007927","-0.648674074691779","-0.163891482418101","-0.265292957960663","-0.267889418339285","-1.13024233251758","-0.318877783530325","0.333519669559972","-0.1776655496973","-0.0484525669760207","-1.2479464091987","-0.542155064797437","0.558742575100678","-0.323320679483116","-0.461875563709034","-0.897895364046418","0.0456309637939473","-0.574271204529219","-0.624998639797823","-0.341536968107053","-1.06536460918066","-0.389682840854235","0.423965116202503","-0.618980199044111","-0.543715462032324","0.322450458235107","-0.756830157733819","-0.528526651697487","-0.595144121905496","-0.542594278535994","-0.829165825685494","-0.420569615495015","1.9682508943051","-0.86401031937038","-0.0426815612668307","-0.285500456845759","-0.934633025619857","2.45943518228887","-0.114804296775798","-0.394316387334313","-0.327436506636292","-0.435919105905028","-0.322468126155602","-0.883160743519773","-0.288892102032128","-0.916999683252952","0.0250071821478639","-0.350770093406554","-0.0106721373308974","1.68207899838646","-0.700444532093447","-0.335145662976937","-0.423934215809747","-0.408321868600977","-0.317812186918913","-0.417477124948836","-0.699618791966988","-0.975280103766689","-2.01495994323689","-0.99655063191662","-0.288892102032128","-0.430700498055101","-0.376475142337982","-0.429013530112202","-0.398708979956778","2.56707064590671","-0.532673945343624","-0.346551070873298","-0.322468126155602","-0.883160743519773","-0.439796041968477","-0.403890311441835","-0.882579950158088","-0.288892102032128","-0.197985446785213","-0.162221421130762","-0.162221421130762","2A1"
"15","0.278879285726875","-0.206093056010108","0.473152778597363","-0.360294142933471","-0.31669416735342","-0.395293740130953","-0.312175912313505","-0.0265479956711023","-0.332350947622152","0.100030679353482","-0.434618072888005","-0.322441720817211","-0.000456862521496761","-0.0433524710181556","0.457031929174928","-0.789487819371786","-0.157837965228153","0.169390803447589","-0.389123672262122","-0.0990432946959028","0.133161776814735","-0.0986278924091643","-0.0323267685603391","0.277876195389531","0.0410300671203422","0.135080796566289","-0.174878612886605","0.0800992772677858","-0.261443863680226","-0.000999522585127123","-0.272318340338926","-0.19021513719891","-0.162221430449165","-0.0209421163429298","0.540427523283564","-0.153335678230724","-0.0292667087796329","-0.396852769461037","-0.513831201585227","-0.429876150007927","0.389357967821377","-0.576288809858907","-0.771810886433173","-0.267889418339285","-1.13024233251758","-0.318877783530325","-0.5329025141826","1.43795333799645","-0.573643931798673","-0.0537034080549713","0.278757181067675","-0.647595093938644","-0.323320679483116","0.706441651163951","-0.897895364046418","-0.478818569594428","0.072187987298898","-0.624998639797823","1.70832555267882","0.00819437985376845","-0.389682840854235","-0.341151509938486","-0.618980199044111","-0.543715462032324","-0.74663188587161","-0.31785626383241","-0.0265922166992288","-0.808921936674933","-0.542594278535994","-0.829165825685494","-0.420569615495015","0.242084995996139","0.145133359377242","0.068585764313532","-0.285500456845759","-0.0725928563588239","0.40540140367399","-0.450386087351209","-0.394316387334313","-0.327436506636292","-0.435919105905028","-0.322468126155602","0.0238692092843182","-0.288892102032128","-0.106627870145692","-0.450129278661549","-0.350770093406554","-0.416213355905001","0.519915326773996","-0.974845482810468","-0.335145662976937","1.18701580426729","-0.408321868600977","-0.317812186918913","-0.417477124948836","0.545461128768192","-0.405116350795394","0.432797077444432","-0.00406785193608419","-0.288892102032128","-0.430700498055101","-0.376475142337982","-0.429013530112202","-0.398708979956778","-0.220034626792004","-0.532673945343624","-0.346551070873298","-0.322468126155602","0.0238692092843182","-0.439796041968477","-0.403890311441835","-0.882579950158088","-0.288892102032128","-0.197985446785213","-0.162221421130762","-0.162221421130762","4-octylphenol"
"16","1.88522605518525","-0.589019143648323","-0.522544331351372","0.44760513625355","3.8620483960672","3.7510546183618","3.87494391030457","4.33417439004673","0.232017315546741","1.01336403076547","-0.715159412630618","1.01146445378402","-1.30354010028659","0.516178541558167","-1.81473808587845","0.786458263593015","-0.94206569680999","2.513834284375","4.58277401557794","4.30868735473924","4.41002278129459","4.14473905388772","4.32811693715483","4.41540314060387","4.18247716755171","4.4694078307071","3.9301214091512","4.27390956197157","3.24278847376068","4.1967292961282","3.21178533609177","-3.36870649758672","6.00219258183821","4.10697333188789","3.58725297152569","4.10923328459566","3.73321828457637","4.02511370983344","4.00361417119844","4.663181195724","2.62312611306207","5.27872267825145","2.82255558263908","3.31544421804365","0.794734688352696","5.65673784551811","1.17962668048188","4.12214308688569","2.63770551558151","1.58778082149003","2.67249026330082","1.61259508444777","0.578671131671773","-0.461875563709034","-0.465125839115943","4.88922413074726","4.2623035832053","0.676738951574541","3.20366609297361","1.34865630473604","3.10433296948721","4.10811046936179","2.68188158125832","3.02313962504462","3.40094337629686","3.58517624094664","2.96385392183639","-0.274440604951348","0.929740985946876","-0.726683468561268","5.26858887759821","3.93791812997406","0.0838917821002837","4.18504326173855","1.88122745097526","4.32381200687244","1.43241829298143","4.58334077127995","0.60461846057928","5.00510088715475","2.57588562580244","5.24743587107753","0.0238692092843182","5.2000578365783","2.32448756917609","2.40068948619493","4.09231775640979","4.04474004841014","1.68207899838646","3.41556972866186","5.54279365692627","1.72399914429297","1.14330123208274","4.51293305424857","2.75534902466232","3.03176682711013","3.58602992000367","1.14939637989894","4.16513859908508","5.2000578365783","5.02483914397618","5.1258538610633","5.00515785130903","3.38902632963261","-0.220034626792004","-0.532673945343624","-0.346551070873298","5.24743587107753","0.0238692092843182","2.10337237463184","1.40173696323931","-0.882579950158088","3.37040785704149","1.30670394878241","-0.162221421130762","-0.162221421130762","A736"
"17","-1.75688935185892","1.0077826369539","1.10246545389412","-0.412557169080341","-0.62093036383082","-0.641311224931361","-0.61709013490791","-0.449603152494474","-1.33007341286716","-1.48822915600633","-0.410248544340168","-0.382512043370064","0.121864792668138","0.0267696963950891","0.811000974859435","-0.473754052336117","1.26802828494666","0.0970356516121914","-0.287036696697571","-0.42815378625476","-0.290194515063601","-0.507403738234165","-0.27704507008529","-0.216167859175532","-0.42920251096401","-0.285386392929041","-0.54950795576194","-0.258565874928641","-0.523352705752404","-0.259038411451968","-0.46660879415001","-0.584974235491186","-0.162221430478319","-0.612425070705425","-0.538831641105257","-0.449747212262293","-0.692917526763984","-0.396852769461037","-0.513831201585227","-0.429876150007927","-0.463910636674874","-0.576288809858907","-0.771810886433173","-0.913565706195271","-1.13024233251758","-0.318877783530325","-0.5329025141826","-0.716105836731869","-0.573643931798673","1.18080946624797","1.04653823343064","-0.647595093938644","-0.323320679483116","-0.461875563709034","-0.897895364046418","-0.690548714459438","-0.574271204529219","-0.624998639797823","-0.663451926055197","1.61853286340541","0.773700446103513","-0.93601351404426","-0.618980199044111","-0.543715462032324","-0.74663188587161","-0.756830157733819","-0.528526651697487","-0.999317049729103","-0.542594278535994","-0.829165825685494","-0.420569615495015","0.808417564040486","1.89204946482111","-0.536438021121989","-0.285500456845759","-0.331204907137134","-0.621615485633451","-0.78596787792662","-0.394316387334313","-0.327436506636292","-0.435919105905028","-0.322468126155602","0.93089916208841","-0.288892102032128","0.703743942961568","-0.450129278661549","-0.350770093406554","-0.821754574479104","-0.642248344838465","-1.24924643352749","-0.335145662976937","-0.423934215809747","-0.408321868600977","-0.317812186918913","-0.417477124948836","-0.775568225003843","0.165047402175901","-0.0310123143559303","-0.301216994423755","-0.288892102032128","-0.430700498055101","-0.376475142337982","-0.429013530112202","-0.398708979956778","-0.220034626792004","-0.532673945343624","-0.346551070873298","-0.322468126155602","0.93089916208841","-0.439796041968477","-0.403890311441835","-0.882579950158088","-0.288892102032128","-0.197985446785213","-0.162221421130762","-0.162221421130762","biphenyl"
"18","0.98281360169465","-0.636513414804823","0.196503359322054","-0.360838549455834","0.979524704711619","0.994467459331238","0.980535940892483","0.689391500491526","0.517560782031002","1.28199148706311","-0.126526020218522","-0.0777020636391967","-0.238495260914356","0.302872523040344","-0.296982879041082","2.50349237253175","-0.89244125442884","0.5812285408087","0.553632126060575","0.6827573725062","0.583859129360685","0.796065275485334","0.737305679625717","0.571389260143455","0.838636462219368","0.316105627507466","0.607272841411267","0.135411863866896","0.263292407408125","0.0506415970233758","0.404632304182846","-0.353563729595714","-0.162221426602533","0.81216627712853","1.22323245683289","0.787827462440719","1.35268655741204","1.8141304701862","0.228653810237744","1.23963027646548","1.60010511349732","1.3652057715109","-0.265292957960663","0.338338401788871","1.00854167542997","0.343153862541012","-0.5329025141826","-0.0428554753756669","1.77438331508084","0.393602580731562","-0.542155064797437","1.58966139045947","1.84115110001322","-0.461875563709034","0.641300567025636","0.756587970157696","-0.0915490834009768","-0.624998639797823","-0.364919722546792","1.18180407569647","-0.389682840854235","1.24730353018973","-0.618980199044111","0.169655555383065","0.31106877120007","1.11651022539549","1.04130687833544","-0.808921936674933","-0.467579344708086","-0.172862991308799","0.786842437231151","-0.0214517566632962","0.666105249143166","-0.40035840623074","-0.285500456845759","0.703243295976105","2.45943518228887","0.891941074950434","-0.394316387334313","-0.327436506636292","-0.435919105905028","0.791512673291024","0.0238692092843182","1.54075787750468","0.703743942961568","-0.450129278661549","-0.350770093406554","1.61149273696552","4.00640634161138","0.945961172208676","0.644510890340264","1.45550747428013","-0.408321868600977","-0.317812186918913","-0.417477124948836","1.20480322703343","0.165047402175901","0.118878507569356","0.888808520669932","1.54075787750468","0.660407430351155","0.723990658342274","0.347296667233688","3.38902632963261","-0.220034626792004","-0.532673945343624","-0.346551070873298","0.791512673291024","0.0238692092843182","-0.439796041968477","-0.403890311441835","-0.441289975079044","-0.288892102032128","-0.197985446785213","-0.162221421130762","-0.162221421130762","H40"
"19","-0.17329817882661","-0.355852725142461","0.395512490897795","-0.652096038920158","-1.25222178497278","-1.28130338804711","-1.24950671986097","-1.06791453554402","2.18043155743935","1.28199148706311","0.699175249270418","-1.67706346918508","1.71424105474118","-1.62880033095725","1.28905441883949","-2.0016218635432","-0.352465343655834","-1.75542766133253","-0.928660027854437","-1.09907280369508","-0.95697038029141","-1.15121575547123","-1.09653034646055","-0.956416034701538","-1.13377289245818","-0.984876806084734","-1.17274239681938","-0.987036095497931","-1.08671976822096","-0.896078481041125","-0.946268293382285","0.449566849688573","-0.162221430495898","-1.10492138742017","-0.871410966430301","-1.20438474945386","-0.0292667087796329","-0.396852769461037","-0.513831201585227","-0.429876150007927","-0.648674074691779","-0.125323525944562","-0.771810886433173","-0.267889418339285","-1.13024233251758","-0.318877783530325","-0.5329025141826","-0.428573800993753","-0.0484525669760207","-1.2479464091987","-0.542155064797437","-0.647595093938644","-0.323320679483116","-0.461875563709034","-0.897895364046418","-0.204879752216171","-0.574271204529219","-0.624998639797823","-0.341536968107053","-1.06536460918066","-0.389682840854235","-0.341151509938486","-0.618980199044111","-0.543715462032324","-0.188211800849449","-0.756830157733819","-0.528526651697487","-0.808921936674933","-0.542594278535994","-0.829165825685494","-0.420569615495015","-0.380489243782832","-0.85605148167257","-0.0164975065775421","-0.285500456845759","-1.10704105947206","0.40540140367399","-0.450386087351209","-0.394316387334313","-0.327436506636292","-0.435919105905028","-0.322468126155602","-0.883160743519773","-0.288892102032128","-0.916999683252952","-0.450129278661549","-0.350770093406554","-0.416213355905001","0.519915326773996","-0.974845482810468","-0.335145662976937","-0.692425885822588","-0.408321868600977","-0.317812186918913","-0.417477124948836","-0.767828071652012","-0.975280103766689","-1.68360418934553","-1.17461952400277","-0.288892102032128","-0.430700498055101","-0.376475142337982","-0.429013530112202","-0.398708979956778","-0.220034626792004","-0.532673945343624","-0.346551070873298","-0.322468126155602","-0.883160743519773","-0.439796041968477","-0.403890311441835","-0.882579950158088","-0.288892102032128","-0.197985446785213","-0.162221421130762","-0.162221421130762","L1000"
"20","-0.702234326658856","-0.282839237800282","0.433365059590275","-0.211126755805949","0.45453527980608","0.367273787091642","0.460764740473564","0.81956231797564","-0.498638025162987","-0.0107781463692953","-0.467015006630018","0.187260791475439","-0.337727867811075","0.37906438049353","-0.266394814037167","-0.593114654058609","-0.736319316491398","1.29158422471102","0.0997508997608032","0.643091407244092","0.893558593172845","0.635580758158739","0.781587715487123","0.97926744510746","0.708616312826761","0.618867628685883","0.256167489013141","0.507138501832706","0.0688096274150989","0.382311979629143","0.016296162859662","-0.408013260394649","-0.162221424054167","0.802798608525343","1.58123812463386","0.586985452436159","2.38512625025098","2.14566028665113","-0.513831201585227","-0.429876150007927","0.633917063927389","-0.125323525944562","1.76077875592938","2.08111135280009","-1.13024233251758","-0.318877783530325","-0.5329025141826","1.19991870201305","2.59229448424622","-0.316713932179242","1.09966942693279","1.34563392989518","-0.323320679483116","1.87475886603694","-0.897895364046418","0.960798744150429","2.16812619526494","-0.624998639797823","1.39331319983719","-0.528585114663446","-0.389682840854235","0.421024621866835","-0.618980199044111","-0.543715462032324","-0.74663188587161","2.28397893261232","2.89460276973068","-0.116255540530048","2.31186592319085","-0.829165825685494","-0.420569615495015","0.756564743791521","-0.311821564370769","1.74479708702774","-0.285500456845759","0.703243295976105","-0.621615485633451","0.891941074950434","-0.394316387334313","1.45007595796072","0.317032077021838","-0.322468126155602","0.0238692092843182","-0.288892102032128","-0.106627870145692","-0.450129278661549","-0.350770093406554","1.20595151839141","-0.642248344838465","0.122758320057615","0.644510890340264","2.79796582434433","-0.408321868600977","-0.317812186918913","-0.417477124948836","1.55077097359369","0.165047402175901","0.148334541585564","0.611611024741454","-0.288892102032128","-0.430700498055101","-0.376475142337982","-0.429013530112202","-0.398708979956778","-0.220034626792004","-0.532673945343624","-0.346551070873298","-0.322468126155602","0.0238692092843182","-0.0764862681684307","4.11017787526103","-0.882579950158088","-0.288892102032128","-0.197985446785213","-0.162221421130762","-0.162221421130762","PiperonylButoxide"
"21","0.156578344834801","-0.639917787938158","0.171834385287731","-0.437444324388374","0.031136938947899","0.107308283175966","0.0256695519175365","-0.254346926268302","-0.828572702823373","-0.934185027392445","-0.325903803551419","0.249904009591568","-0.131709121989399","0.468671347987067","0.352327004491275","0.279957976467295","1.05137904193438","0.035762773028542","0.024653780354855","-0.105676299858082","-0.343202130300589","-0.137146551515245","-0.173750591064185","-0.427025745317027","-0.280422966825471","-0.430887310648954","-0.289117520464514","-0.411133305756318","-0.130566863313947","-0.476908854679581","-0.223691966870872","0.0411953686965624","-0.162221430475679","-0.0988723897426629","-0.267843163501877","-0.0526839281362474","-0.692917526763984","-0.396852769461037","-0.513831201585227","-0.429876150007927","-0.953028828886899","-0.576288809858907","1.62148011234769","-0.913565706195271","0.588835810725588","-0.318877783530325","-0.5329025141826","-0.716105836731869","-0.573643931798673","0.00188781323855335","1.19096532629184","-0.647595093938644","-0.323320679483116","-0.461875563709034","0.873517909204017","-0.690548714459438","-0.574271204529219","1.97806679038561","-0.146113326584321","-1.06536460918066","-0.389682840854235","0.463073690866897","-0.618980199044111","-0.543715462032324","1.89189616594348","-0.756830157733819","-0.528526651697487","1.12320674865078","-0.542594278535994","0.829804893192405","-0.420569615495015","-0.4199296735274","-0.393687907437385","-0.536438021121989","-0.285500456845759","-0.158796873284927","-0.621615485633451","-0.114804296775798","-0.394316387334313","-0.327436506636292","-0.435919105905028","-0.322468126155602","0.0238692092843182","-0.288892102032128","-0.106627870145692","-0.450129278661549","-0.350770093406554","-0.0106721373308974","-0.642248344838465","0.397159270774635","-0.335145662976937","-0.692425885822588","-0.408321868600977","-0.317812186918913","-0.417477124948836","-0.258314632929267","-0.405116350795394","0.308845298182914","-0.211148795878788","-0.288892102032128","-0.430700498055101","-0.376475142337982","1.12360686457958","-0.398708979956778","-0.220034626792004","-0.532673945343624","-0.346551070873298","-0.322468126155602","0.0238692092843182","-0.439796041968477","-0.403890311441835","0.882579950158088","-0.288892102032128","-0.197985446785213","-0.162221421130762","-0.162221421130762","chlorothalonil"
"22","0.300855299444893","-0.676097626983039","-0.0270047749570015","-0.363560582067651","0.0336120650546667","0.103718312632415","0.0254672721259222","-0.319432335010359","-0.960546573887527","-1.3035477798017","-0.0852385211287667","0.211929677845203","-0.147607666155284","0.601696212445354","0.65369988073571","0.321914420205343","-0.156601751526274","-0.0829961258359214","-0.433417981025693","-0.277606171230873","-0.497547523086943","-0.180816465601874","-0.367457127234448","-0.556865186188831","-0.316635852487783","-0.520941068786131","-0.271846596904778","-0.527457977705648","-0.0553498771955302","-0.596392339454944","-0.291468675768262","0.796682608531781","-0.162221430488779","-0.203890071383586","-0.417683733144228","-0.144772021325117","-0.0292667087796329","-0.396852769461037","-0.513831201585227","-0.429876150007927","-0.953028828886899","-0.576288809858907","0.383372679075325","-0.267889418339285","1.01860534653638","-0.318877783530325","-0.5329025141826","-0.716105836731869","-0.573643931798673","-0.242505258564791","0.278757181067675","-0.647595093938644","-0.323320679483116","0.706441651163951","1.31637122751663","-0.478818569594428","-0.574271204529219","-0.624998639797823","-0.663451926055197","-1.06536460918066","-0.389682840854235","-0.341151509938486","-0.618980199044111","0.216076047191791","1.86191168881624","-0.756830157733819","-0.528526651697487","1.16336816778979","-0.542594278535994","1.20012541495184","-0.420569615495015","-0.380489243782832","-0.85605148167257","-0.536438021121989","-0.285500456845759","-0.331204907137134","0.40540140367399","-0.450386087351209","-0.394316387334313","-0.327436506636292","-0.435919105905028","-0.322468126155602","0.0238692092843182","-0.288892102032128","-0.106627870145692","-0.450129278661549","-0.350770093406554","-0.416213355905001","0.519915326773996","0.397159270774635","-0.335145662976937","-0.692425885822588","-0.408321868600977","-0.317812186918913","-0.417477124948836","-0.336118217576174","-0.405116350795394","0.612094675803957","-0.272664884285108","-0.288892102032128","-0.430700498055101","-0.376475142337982","-0.429013530112202","-0.398708979956778","-0.220034626792004","-0.532673945343624","-0.346551070873298","-0.322468126155602","0.0238692092843182","-0.439796041968477","-0.403890311441835","1.32386992523713","-0.288892102032128","-0.197985446785213","-0.162221421130762","-0.162221421130762","pentachlorophenol"
"23","1.37167901862382","-0.265711542379973","0.00426759770881962","-0.341784321173122","0.27762797634948","0.317303118344171","0.278054233902101","0.233793639297126","-0.0367294764384462","0.727947358449224","-0.27138669803895","0.0324385969399324","-0.279970865233036","0.382431638618039","0.355390647763091","0.179081555774947","-0.144483953880964","0.383748415141949","0.752106609835727","0.287514927892001","0.191160661137743","0.168093109131167","0.382686102892444","0.20488256310651","0.146291862993455","0.12425003392663","0.0331126914261864","0.0825074375551342","-0.104937576466839","0.0580706990648731","-0.0088550633130457","-0.775547593287458","-0.16222142975716","0.105608789754832","-0.00110100996712172","0.293365654335441","-0.0773087713609917","-0.396852769461037","0.257990813549964","1.04080156382492","0.913635550926725","0.189517905949022","0.449125224696058","0.24049977168233","0.133207545588363","0.343153862541012","-0.5329025141826","-0.716105836731869","-0.573643931798673","1.33535922866644","1.09966942693279","0.349019417978269","0.502644010858634","1.87475886603694","-0.0121887274212006","-0.483899770343244","-0.574271204529219","0.043188441563807","-0.663451926055197","1.08752594336462","0.750282220750806","-0.285576166994348","-0.618980199044111","0.109526911358914","-0.254954726494808","1.72050719317249","-0.528526651697487","0.0423693391182653","1.38244816312367","0.0538051654487242","-0.13687332482075","-0.0819418648721535","0.571242722665061","-0.536438021121989","-0.285500456845759","0.358427228271692","-0.621615485633451","-0.114804296775798","-0.394316387334313","-0.327436506636292","-0.435919105905028","-0.322468126155602","0.93089916208841","1.54075787750468","1.51411575606883","-0.450129278661549","-0.350770093406554","-0.0106721373308974","-0.642248344838465","0.122758320057615","0.644510890340264","-0.155442545796907","-0.408321868600977","-0.317812186918913","-0.417477124948836","-0.261226661851124","0.735211155147196","1.01295287785062","0.287307459083136","1.54075787750468","-0.430700498055101","-0.376475142337982","0.347296667233688","-0.398708979956778","-0.220034626792004","-0.532673945343624","-0.346551070873298","-0.322468126155602","0.93089916208841","-0.0764862681684307","0.498923325898738","0.441289975079044","-0.288892102032128","-0.197985446785213","-0.162221421130762","-0.162221421130762","quinoxyfen"
"24","1.35981626010326","-0.336227372529915","-3.15871596100364","-0.30272907065576","0.436076910113627","0.434585734783216","0.442617960276234","0.689391500491526","-0.0367294764384462","-0.066985521735922","-0.382177888352709","0.686389943870388","-0.753271241297412","0.524422036465797","-0.759546417485838","-0.355438608620728","-1.23762637546688","0.432674136968882","0.29254248027545","0.733878241731923","0.549651867884197","0.303518225460693","0.562243958414662","0.475516285863298","0.22914448407881","0.331368599458606","1.05876245063869e-05","0.21113387993989","-0.160107423144018","0.238101481502397","-0.092287172188827","-1.14988811753013","-0.162221429423258","0.758649046244526","0.519020271778774","0.369029715719237","-0.056119004109659","-0.396852769461037","2.61878804029453","-0.429876150007927","-0.388533808231385","1.1453035868714","0.409605490308923","1.99684481844556","-0.498155954420219","-0.318877783530325","-0.5329025141826","0.648743772964043","0.856363358827371","0.270427497652086","-0.542155064797437","0.383323721420145","5.36446142641764","-0.461875563709034","-0.897895364046418","0.260444160254193","0.0475689870467924","1.69853590999383","0.836111696593341","-0.528585114663446","-0.389682840854235","1.69631701524634","2.01386547815562","4.4257960176506","0.840409874623011","1.14995775841843","-0.528526651697487","-0.999317049729103","3.44158357670153","-0.829165825685494","1.04190060081346","-2.06013092912985","-0.764047317885897","0.558640343896141","-0.285500456845759","0.617039279050002","-0.621615485633451","1.56310465610126","-0.394316387334313","-0.327436506636292","-0.435919105905028","-0.322468126155602","0.0238692092843182","-0.288892102032128","-0.106627870145692","-0.450129278661549","-0.350770093406554","1.20595151839141","-0.642248344838465","1.49476307364272","-0.335145662976937","1.18701580426729","-0.408321868600977","-0.317812186918913","-0.417477124948836","0.536112953520958","-0.405116350795394","0.360388431953083","0.271919506074412","-0.288892102032128","-0.430700498055101","-0.376475142337982","1.89991706192547","-0.398708979956778","-0.220034626792004","1.30747241129799","-0.346551070873298","-0.322468126155602","0.0238692092843182","-0.439796041968477","-0.403890311441835","0.441289975079044","-0.288892102032128","-0.197985446785213","6.00219258183821","6.00219258183821","trifluralin"
"25","-1.72190772866534","1.05466875489982","1.12677274375078","-0.334784808742737","-0.48070045973465","-0.493642950278668","-0.476600447405828","-0.319432335010359","-1.30367863865433","-1.56737831723689","-0.446732219243561","-0.304955121595573","0.0412811422292057","0.119821359725717","0.784240870015227","-0.171741587694776","1.44829202974183","0.174256261849539","0.129557073904923","-0.287773634119533","-0.145845186605122","-0.368025819523929","-0.103084022399091","-0.0369282353460623","-0.258601712048614","-0.0495636761176335","-0.339393797888713","0.0253686908155411","-0.303770109621599","0.0548497216734483","-0.230266636195973","-0.761935210587724","-0.162221430439911","-0.557497713366377","-0.638705047957744","-0.301858616054863","-0.692917526763984","-0.396852769461037","-0.513831201585227","-0.429876150007927","0.527377894775135","-0.576288809858907","-0.771810886433173","-0.913565706195271","-0.33208800973814","-0.318877783530325","-0.5329025141826","-0.716105836731869","-0.573643931798673","1.18080946624797","-0.542155064797437","-0.647595093938644","-0.323320679483116","-0.461875563709034","-0.897895364046418","-0.690548714459438","-0.574271204529219","-0.624998639797823","-0.663451926055197","1.61853286340541","1.86296310753494","-0.93601351404426","-0.618980199044111","-0.543715462032324","-0.74663188587161","-0.756830157733819","-0.528526651697487","-0.999317049729103","-0.542594278535994","-0.829165825685494","-0.420569615495015","-0.380489243782832","1.97670700919442","-0.536438021121989","-0.285500456845759","-0.158796873284927","-0.621615485633451","-0.78596787792662","-0.394316387334313","-0.327436506636292","-0.435919105905028","-0.322468126155602","1.8379291148925","-0.288892102032128","1.51411575606883","-0.450129278661549","-0.350770093406554","-0.821754574479104","-0.642248344838465","-1.24924643352749","-0.335145662976937","-0.692425885822588","-0.408321868600977","-0.317812186918913","-0.417477124948836","-0.898407949042062","0.735211155147196","0.283940664740449","-0.0874110774017898","-0.288892102032128","-0.430700498055101","-0.376475142337982","-0.429013530112202","-0.398708979956778","-0.220034626792004","-0.532673945343624","-0.346551070873298","-0.322468126155602","1.8379291148925","0.286823505631615","-0.403890311441835","-0.882579950158088","-0.288892102032128","-0.197985446785213","-0.162221421130762","-0.162221421130762","anthracene"
"26","-1.70204893026776","1.06350589280341","1.13135420372095","-0.260123342818638","-0.0482422233158475","-0.0506381263205911","-0.0433322995827114","0.103622821813012","-1.36702609676512","-0.712567375946889","-0.619771239333285","0.0289659846815028","-0.372098271094001","0.425907167563455","0.474245047221926","0.0916367651652271","1.47047499068405","0.54531274581956","1.3945353272913","0.164916541523712","0.309533717597525","0.0716697756694318","0.433954138672031","0.487817485649164","0.24085280206258","0.502665760097056","0.152633537356726","0.705799201865721","0.222445138991789","0.866478629031257","0.380849577446222","-1.29281813587734","-0.162221428679175","-0.243203120575616","-0.470058377555627","0.176585159697797","-0.692917526763984","-0.396852769461037","-0.513831201585227","-0.429876150007927","1.20778559851704","-0.576288809858907","-0.771810886433173","-0.913565706195271","0.466066313041302","-0.318877783530325","-0.5329025141826","-0.716105836731869","-0.573643931798673","1.6665606413373","-0.542155064797437","-0.647595093938644","-0.323320679483116","-0.461875563709034","-0.897895364046418","-0.690548714459438","-0.574271204529219","-0.624998639797823","-0.663451926055197","2.15531235792263","4.11560905592411","-0.93601351404426","-0.618980199044111","-0.543715462032324","-0.74663188587161","-0.756830157733819","-0.528526651697487","-0.999317049729103","-0.542594278535994","-0.829165825685494","-0.420569615495015","-0.380489243782832","2.64995739688904","-0.536438021121989","-0.285500456845759","0.358427228271692","-0.621615485633451","-0.78596787792662","-0.394316387334313","-0.327436506636292","-0.435919105905028","-0.322468126155602","3.65198902050068","-0.288892102032128","3.13485938228335","-0.450129278661549","-0.350770093406554","-0.821754574479104","-0.642248344838465","-1.24924643352749","-0.335145662976937","-0.692425885822588","-0.408321868600977","-0.317812186918913","-0.417477124948836","-0.818191722499163","1.87553866108979","1.14309140940717","0.497518685979732","-0.288892102032128","-0.430700498055101","-0.376475142337982","-0.429013530112202","-0.398708979956778","-0.220034626792004","-0.532673945343624","-0.346551070873298","-0.322468126155602","3.65198902050068","0.286823505631615","-0.403890311441835","-0.882579950158088","-0.288892102032128","-0.197985446785213","-0.162221421130762","-0.162221421130762","benzo(a)pyrene"
"27","0.754634872934202","-0.132005353636885","-0.308435822799602","-0.207860316671769","-0.316951020062613","-0.370778667309583","-0.312388903507194","-0.0590907000421309","0.406702730337113","0.691011083208298","-0.542884627490607","0.0955594419312055","-0.243098673902037","0.032910102870083","-0.179600479043057","-0.364394765289265","-0.92049399480334","0.0376766424807788","-0.22723967769228","-0.0395443468027405","0.107223377743113","-0.123672969624872","-0.0904365449794537","0.0871493940007268","-0.140504261039513","0.19740949160066","-0.119344771848901","-0.0210818717711005","-0.339692946623773","-0.109946429424284","-0.35434994442794","-0.414819451744516","-0.162221430463887","-0.0599122945112852","-0.0814791742456527","-0.184953499606474","-0.0292667087796329","-0.396852769461037","0.228653810237744","-0.429876150007927","0.382831894308397","-0.576288809858907","-0.318113434670449","0.338338401788871","-0.909102874250415","-0.318877783530325","0.361360206863141","0.658898437168736","-0.573643931798673","0.169037242910092","-0.542155064797437","-0.647595093938644","-0.323320679483116","-0.461875563709034","-0.897895364046418","-0.231315369153664","0.55491010842714","0.0547535093480183","1.09478099632878","0.00819437985376845","-0.389682840854235","0.160790873160157","0.330537583225836","0.169655555383065","-0.74663188587161","-0.304999404766677","0.408319083616975","-0.808921936674933","-0.542594278535994","-0.829165825685494","0.304605009020677","0.616526097778508","0.184878778641044","1.09481690908021","-0.285500456845759","-0.0725928563588239","0.40540140367399","-0.114804296775798","-0.394316387334313","-0.327436506636292","-0.435919105905028","-0.322468126155602","0.0238692092843182","-0.288892102032128","-0.106627870145692","0.0250071821478639","-0.350770093406554","-0.416213355905001","0.519915326773996","-0.700444532093447","-0.335145662976937","0.381540794228773","-0.408321868600977","-0.317812186918913","-0.417477124948836","-0.120448614876875","-0.405116350795394","-0.169130574191127","-0.0967706680884654","-0.288892102032128","0.660407430351155","-0.376475142337982","-0.429013530112202","-0.398708979956778","-0.220034626792004","-0.532673945343624","-0.346551070873298","-0.322468126155602","0.0238692092843182","-0.439796041968477","-0.403890311441835","-0.882579950158088","-0.288892102032128","-0.197985446785213","-0.162221421130762","-0.162221421130762","ibuprofen"
"28","0.603421341967912","-0.469473256512072","-0.176118164826867","-0.204692860541656","1.13266729500631","1.0318056118681","1.14023043275233","1.53550181413827","-0.37266296641993","0.0060110696493074","-0.904677330405609","0.629187675088949","-1.06659234819178","0.474375089038561","-0.925779164814142","-0.602114320483999","-0.385019273569718","1.00833333629001","1.10817052166058","1.54214489672726","1.77846177432319","1.49000775803411","1.50088175508729","1.55864765959286","1.26007209785464","1.4292241672221","0.978181822381062","1.50129490282419","0.837646781558741","1.2381507698879","0.660700220243088","-1.50381006772321","-0.162221158893264","1.67089448703499","1.86352068127618","1.35943934643832","2.40631601750231","-0.396852769461037","-0.513831201585227","-0.429876150007927","2.30713567546066","-0.129564024007495","2.28892471631226","1.48217594100102","-1.13024233251758","0.331986840199915","0.361360206863141","0.883774568116877","3.28776797175977","0.654788417999426","3.60805411420765","3.33886295372901","-0.323320679483116","4.2113932957829","-0.897895364046418","1.52671962249176","0.617378395657878","1.35628622443974","1.09478099632878","0.544973874370983","-0.389682840854235","0.944432613615859","-0.186445637573048","0.239192415792366","-0.246444715100164","0.121117630068999","3.33434587817704","-0.292867842369859","1.68895987597938","-0.829165825685494","-0.264701099703539","0.367061156560561","1.06296368316458","1.09584794116211","5.40887236052764","1.47907944831103","-0.621615485633451","1.22752286552584","-0.394316387334313","-0.327436506636292","-0.435919105905028","-0.322468126155602","0.93089916208841","-0.288892102032128","0.703743942961568","0.0250071821478639","-0.350770093406554","1.61149273696552","-0.642248344838465","0.397159270774635","-0.335145662976937","2.79796582434433","-0.408321868600977","-0.317812186918913","-0.417477124948836","1.85389187866373","0.165047402175901","0.825813472441959","1.48000778086638","-0.288892102032128","-0.430700498055101","-0.376475142337982","1.12360686457958","-0.398708979956778","-0.220034626792004","-0.532673945343624","-0.346551070873298","-0.322468126155602","0.93089916208841","-0.439796041968477","3.20736423792046","-0.882579950158088","-0.288892102032128","5.82077213548527","-0.162221421130762","-0.162221421130762","verapamil"
"29","-0.904324407102642","0.0522985203185029","0.607111383350745","-0.554102864894778","-0.943467315838213","-0.943778537645168","-0.945538896258972","-0.970286422430931","-0.0367294764384462","-0.380140898778555","0.78121323879801","-1.06055110209512","1.34542886800551","-0.772554299035505","1.09838502851753","0.0674025818465758","1.14655322278735","-1.10464994173853","-0.921594176439975","-1.01310786800869","-0.954686466205006","-0.938290893306872","-1.00651881901495","-0.953698921533269","-0.884070807571854","-0.967001227477273","-0.961800871939027","-0.959372067704707","-0.894172407045868","-0.896078481041125","-0.946268293382285","0.871550713380316","-0.162221430495827","-0.912611279434814","-0.445481056392527","-0.977487275241259","-0.692917526763984","-0.396852769461037","-0.513831201585227","-0.429876150007927","-0.953028828886899","0.226412808611392","-0.771810886433173","-0.913565706195271","-0.270703260895996","-0.318877783530325","-0.5329025141826","-0.716105836731869","0.361177380588292","-1.2479464091987","-0.542155064797437","-0.647595093938644","-0.323320679483116","-0.461875563709034","-0.0121887274212006","-0.202947695235233","-0.574271204529219","-0.624998639797823","-0.663451926055197","-1.06536460918066","-0.389682840854235","-0.93601351404426","-0.618980199044111","-0.543715462032324","-0.74663188587161","0.141043638594403","-0.528526651697487","-0.134242962721546","-0.542594278535994","-0.0940731458217541","-0.420569615495015","-0.380489243782832","-0.85605148167257","-0.536438021121989","-0.285500456845759","-1.02083704254596","-0.621615485633451","-0.78596787792662","-0.394316387334313","-0.327436506636292","-0.435919105905028","-0.322468126155602","-0.883160743519773","-0.288892102032128","-0.916999683252952","-0.450129278661549","-0.350770093406554","-0.821754574479104","-0.642248344838465","-0.700444532093447","-0.335145662976937","-0.423934215809747","-0.408321868600977","-0.317812186918913","-0.417477124948836","-0.0523975177805507","-0.975280103766689","-0.961783583202534","-0.980814373529289","-0.288892102032128","-0.430700498055101","-0.376475142337982","-0.429013530112202","-0.398708979956778","-0.220034626792004","0.694090292417449","-0.346551070873298","-0.322468126155602","-0.883160743519773","-0.439796041968477","-0.403890311441835","0","-0.288892102032128","-0.197985446785213","-0.162221421130762","-0.162221421130762","1-2Dichloroethane"
"30","-0.74635995426621","-0.0369204705234661","0.560857354095955","-0.412557169080341","-0.461932699278851","-0.430504958064956","-0.465760597858263","-0.612316674349617","-0.283080702424868","0.297024147305088","-0.026839835140243","-0.309763647587965","0.325129214945199","0.166157016777595","1.02194576596923","0.214368224694662","1.37326799189547","-0.492744198633423","-0.456629369700714","-0.594999926183221","-0.637723962754139","-0.526884816734224","-0.595316684599187","-0.645154232465064","-0.57540697417605","-0.625202673597189","-0.529587773011451","-0.645577204039977","-0.530881870294657","-0.658427149999911","-0.567265149701719","0.538047337236841","-0.162221430494152","-0.601589922308654","-0.655238317028776","-0.509258539317955","-0.692917526763984","-0.396852769461037","-0.513831201585227","-0.429876150007927","-0.153029808966774","-0.233459428239102","-0.00168850942750731","-0.913565706195271","0.159066274914796","-0.318877783530325","-0.5329025141826","-0.716105836731869","-0.573643931798673","0.0839450438156452","-0.542155064797437","-0.647595093938644","-0.323320679483116","-0.461875563709034","0.430664590891408","-0.690548714459438","-0.574271204529219","-0.624998639797823","-0.663451926055197","-0.260195367404839","-0.389682840854235","-0.93601351404426","-0.618980199044111","-0.543715462032324","-0.74663188587161","0.3936005052357","-0.528526651697487","0.298294080782233","-0.542594278535994","0.389790668479272","-0.420569615495015","-0.380489243782832","-0.201226886083441","-0.536438021121989","-0.285500456845759","-0.589816957915443","-0.621615485633451","-0.78596787792662","-0.394316387334313","-0.327436506636292","-0.435919105905028","-0.322468126155602","0.0238692092843182","-0.288892102032128","-0.106627870145692","-0.450129278661549","-0.350770093406554","-0.821754574479104","-0.642248344838465","-0.426043581376427","-0.335145662976937","-0.692425885822588","-0.408321868600977","-0.317812186918913","-0.417477124948836","-0.671380266137813","-0.405116350795394","0.113410915971029","-0.533554543769054","-0.288892102032128","-0.430700498055101","-0.376475142337982","-0.429013530112202","-0.398708979956778","-0.220034626792004","-0.532673945343624","-0.346551070873298","-0.322468126155602","0.0238692092843182","-0.439796041968477","-0.403890311441835","0.441289975079044","-0.288892102032128","-0.197985446785213","-0.162221421130762","-0.162221421130762","124-Trichlorobenzene"
"31","0.371607874765646","-0.466607334463526","0.338093695960813","-0.619431647578365","-1.18210683292469","-1.20746925072076","-1.17926187610993","-1.00282912680196","1.07185104050045","0.173903229835334","0.226847255351896","-1.04601834928611","1.59098591117368","-1.23942828026537","0.928207014166064","-0.392365788866339","-0.89140026115569","-1.90928606976961","-0.877470253361637","-0.993274885377634","-0.848141392231547","-1.04613485199139","-1.0393123146222","-0.912509297104626","-1.09198233102","-0.813459995283868","-1.02001284076248","-0.987036095497931","-1.08671976822096","-0.896078481041125","-0.946268293382285","0.252187300542434","-0.16222143049589","-1.02063732774758","-1.11210557943842","-1.12213050938193","-0.0698133547819773","-0.396852769461037","-0.513831201585227","-0.429876150007927","-0.344319320496659","-0.576288809858907","-0.771810886433173","-0.307337886067116","-0.915995683573902","-0.318877783530325","-0.5329025141826","-0.141041765255637","-0.573643931798673","-1.2479464091987","-0.542155064797437","-0.647595093938644","-0.323320679483116","-0.461875563709034","-0.897895364046418","-0.450760068358993","-0.0915490834009768","-0.624998639797823","-0.0196220101589091","-1.06536460918066","-0.389682840854235","-0.434071130945617","-0.618980199044111","0.169655555383065","-0.257826402135201","-0.756830157733819","-0.528526651697487","-0.999317049729103","-0.542594278535994","-0.829165825685494","0.215799177690459","-0.380489243782832","-0.85605148167257","0.286489411969941","-0.285500456845759","-1.02083704254596","-0.621615485633451","-0.450386087351209","-0.394316387334313","-0.327436506636292","-0.435919105905028","-0.322468126155602","-0.883160743519773","-0.288892102032128","-0.916999683252952","-0.450129278661549","-0.350770093406554","-0.416213355905001","-0.642248344838465","-0.974845482810468","-0.335145662976937","-0.692425885822588","-0.408321868600977","-0.317812186918913","-0.417477124948836","-1.09015302593303","-0.975280103766689","-1.38968419774902","-1.09434853059452","-0.288892102032128","0.660407430351155","0.723990658342274","-0.429013530112202","-0.398708979956778","-0.220034626792004","-0.532673945343624","-0.346551070873298","-0.322468126155602","-0.883160743519773","-0.439796041968477","-0.403890311441835","-0.882579950158088","-0.288892102032128","-0.197985446785213","-0.162221421130762","-0.162221421130762","acetone"
"32","0.31509909883756","0.419429540104998","-0.453009700948711","-0.625964525846723","-1.10048020945551","-1.10912004057305","-1.0974309382357","-0.937743718059902","2.18043155743935","1.72522678995423","0.399591880674054","-0.795095028863294","1.30553841419432","-1.16125081265134","0.564691009869071","-0.335485708101946","-0.911830545465691","-1.09338865252768","-0.81291360237333","-0.907309949691239","-0.886874554305025","-1.08353403889804","-0.942459046537068","-0.931809404478472","-1.11035222974431","-0.919400736278874","-1.1144042966816","-0.919406234946973","-1.0344177868936","-0.896078481041125","-0.946268293382285","-0.0608975015514402","-0.162221430495779","-0.956533958419124","-0.986694291759743","-1.06323139796723","-0.0292667087796329","-0.396852769461037","-0.513831201585227","1.17617223224962","-0.953028828886899","-0.161558510866859","-0.771810886433173","0.338338401788871","-0.909102874250415","-0.318877783530325","-0.5329025141826","-0.716105836731869","-0.573643931798673","-0.741287351435406","-0.542155064797437","-0.647595093938644","-0.323320679483116","-0.461875563709034","-0.897895364046418","-0.231315369153664","-0.0915490834009768","-0.624998639797823","-0.663451926055197","-0.505480852093025","-0.389682840854235","0.160790873160157","-0.142168492799543","0.169655555383065","-0.74663188587161","-0.756830157733819","-0.0535463612511183","-0.808921936674933","-0.542594278535994","-0.829165825685494","0.202697467242523","-0.380489243782832","-0.85605148167257","0.260928787154207","-0.285500456845759","-0.934633025619857","0.40540140367399","-0.114804296775798","-0.394316387334313","-0.327436506636292","-0.435919105905028","-0.322468126155602","-0.883160743519773","-0.288892102032128","-0.916999683252952","-0.450129278661549","-0.350770093406554","-0.416213355905001","0.519915326773996","-0.700444532093447","-0.335145662976937","-0.423934215809747","-0.408321868600977","-0.317812186918913","-0.417477124948836","-0.983505113565831","-0.975280103766689","-1.55632259754306","-1.06135329415185","-0.288892102032128","0.660407430351155","-0.376475142337982","-0.429013530112202","-0.398708979956778","-0.220034626792004","-0.532673945343624","-0.346551070873298","-0.322468126155602","-0.883160743519773","-0.439796041968477","-0.403890311441835","-0.882579950158088","-0.288892102032128","-0.197985446785213","-0.162221421130762","-0.162221421130762","acrylic acid"
"33","-1.7918709750525","1.96999407059992","1.60130718457441","-0.521438473552985","-1.06515712437991","-1.08431604888944","-1.0621573680479","-0.905201013688874","-1.51483683235698","-2.04227328462022","-0.000252756473737176","-1.14876845680986","1.11702223360628","-0.680788429864746","1.56630093843371","-1.01773618324218","1.38996268189071","-0.60286340103231","-0.777971833239942","-0.912393681135569","-0.767904338093458","-0.968661172490179","-0.811052227553908","-0.719222113018392","-0.908011023109915","-0.742100884226324","-0.956433047733343","-0.728838502761173","-0.887041023298642","-0.701663881403834","-0.799883766007724","-0.0540913102015734","-0.162221430495353","-1.05131543375867","-0.964545158215787","-0.952796533472035","-0.692917526763984","-0.396852769461037","-0.513831201585227","-0.429876150007927","-0.953028828886899","-0.576288809858907","-0.771810886433173","-0.913565706195271","-1.13024233251758","-0.318877783530325","-0.5329025141826","-0.716105836731869","-0.573643931798673","0.209307116069299","-0.542155064797437","-0.647595093938644","-0.323320679483116","-0.461875563709034","-0.897895364046418","-0.690548714459438","-0.574271204529219","-0.624998639797823","-0.663451926055197","0.544973874370983","-0.389682840854235","-0.93601351404426","-0.618980199044111","-0.543715462032324","-0.74663188587161","-0.756830157733819","-0.528526651697487","-0.999317049729103","-0.542594278535994","-0.829165825685494","-0.420569615495015","-0.380489243782832","0.730818311613684","-0.536438021121989","-0.285500456845759","-0.848429008693753","-0.621615485633451","-0.78596787792662","-0.394316387334313","-0.327436506636292","-0.435919105905028","-0.322468126155602","0.0238692092843182","-0.288892102032128","-0.106627870145692","-0.450129278661549","-0.350770093406554","-0.821754574479104","-0.642248344838465","-1.24924643352749","-0.335145662976937","-0.692425885822588","-0.408321868600977","-0.317812186918913","-0.417477124948836","-1.10512927217618","-0.405116350795394","-0.852136205744207","-0.869133379696387","-0.288892102032128","-0.430700498055101","-0.376475142337982","-0.429013530112202","-0.398708979956778","-0.220034626792004","-0.532673945343624","-0.346551070873298","-0.322468126155602","0.0238692092843182","-0.439796041968477","-0.403890311441835","-0.882579950158088","-0.288892102032128","-0.197985446785213","-0.162221421130762","-0.162221421130762","benzene"
"34","-1.21063785122076","4.62810469430549","2.97935826306197","-0.848082386970918","-1.33408191090486","-1.35511293653411","-1.33148489167697","-1.1655426486571","-0.0367294764384462","-0.934185027392445","3.47334286415896","-3.06763046142215","2.57659680514132","-4.13329839742815","-0.0334487968345278","-2.49245859116915","0.822258767055544","-1.63796230926523","-0.93465847190432","-1.18503773938148","-1.10126483266484","-1.29054068803596","-1.17109833733632","-1.12399040053513","-1.29327066464805","-1.07643909640891","-1.25432288993105","-0.987036095497931","-1.08671976822096","-0.896078481041125","-0.946268293382285","0.422342084289105","-0.162221430495911","-1.22837972834904","-1.14484745188665","-1.30302560966396","-0.692917526763984","-0.396852769461037","1.29576790596082","-0.429876150007927","-0.953028828886899","-0.576288809858907","-0.771810886433173","-0.913565706195271","-1.13024233251758","-0.318877783530325","1.23288496987198","-0.716105836731869","-0.573643931798673","-1.2479464091987","-0.542155064797437","1.8109476321166","-0.323320679483116","-0.461875563709034","-0.897895364046418","-0.690548714459438","-0.574271204529219","-0.624998639797823","-0.663451926055197","-1.06536460918066","-0.389682840854235","0.59421973823772","-0.618980199044111","-0.543715462032324","-0.74663188587161","-0.756830157733819","-0.528526651697487","-0.999317049729103","-0.542594278535994","-0.829165825685494","-0.420569615495015","-0.380489243782832","-0.85605148167257","-0.536438021121989","-0.285500456845759","-1.19324507639817","3.48645207159631","-0.114804296775798","-0.394316387334313","-0.327436506636292","-0.435919105905028","-0.322468126155602","-0.883160743519773","-0.288892102032128","-0.916999683252952","-0.450129278661549","-0.350770093406554","-0.0106721373308974","1.68207899838646","-0.700444532093447","-0.335145662976937","-0.692425885822588","-0.408321868600977","-0.317812186918913","-0.417477124948836","-1.11498651582321","-0.975280103766689","-2.26474514139106","-1.2725245935664","-0.288892102032128","-0.430700498055101","-0.376475142337982","-0.429013530112202","-0.398708979956778","5.35417591860542","-0.532673945343624","-0.346551070873298","-0.322468126155602","-0.883160743519773","-0.439796041968477","-0.403890311441835","-0.882579950158088","3.37040785704149","-0.197985446785213","-0.162221421130762","-0.162221421130762","hydrazine"
"35","0.0567732660234534","1.30546641467352","-0.810282202778819","-0.652096038920158","-1.1533159792488","-1.14616927424767","-1.15026376217602","-1.00282912680196","2.18043155743935","1.28199148706311","3.64220806490929","-0.97474574909702","1.59594983175005","-1.4729980774372","0.581120867409776","-2.00533567680879","-1.67318691364518","-1.90928606976961","-0.877470253361637","-0.993274885377634","-1.02097438242912","-1.2130154514057","-1.0393123146222","-1.06769157488221","-1.23968527750439","-1.00757509420369","-1.19296619780753","-0.987036095497931","-1.08671976822096","-0.896078481041125","-0.946268293382285","-0.0677036929013071","-0.16222143049589","-1.07643100105197","-1.21464068069194","-1.17744900391421","-0.0161762773512339","-0.396852769461037","-0.513831201585227","-0.429876150007927","-0.953028828886899","-0.576288809858907","-0.771810886433173","0.388005516365583","-1.13024233251758","-0.318877783530325","-0.5329025141826","-0.716105836731869","-0.573643931798673","-0.843005368800506","-0.542155064797437","-0.647595093938644","-0.323320679483116","-0.461875563709034","-0.897895364046418","-0.26373752642584","-0.574271204529219","0.536768635098001","-0.663451926055197","-1.06536460918066","-0.389682840854235","0.927377746468981","-0.212675044946531","-0.543715462032324","-0.74663188587161","-0.756830157733819","-0.528526651697487","-0.42805754732265","-0.542594278535994","-0.829165825685494","0.142803933766243","-0.380489243782832","-0.85605148167257","-0.536438021121989","-0.285500456845759","-1.02083704254596","0.40540140367399","0.556359284375023","-0.394316387334313","-0.327436506636292","-0.435919105905028","-0.322468126155602","-0.883160743519773","-0.288892102032128","-0.916999683252952","-0.450129278661549","-0.350770093406554","-0.0106721373308974","0.519915326773996","-0.151642630659406","-0.335145662976937","-0.692425885822588","-0.408321868600977","-0.317812186918913","-0.417477124948836","-1.23379256206103","-0.975280103766689","-1.85418319569692","-1.26345749008868","-0.288892102032128","-0.430700498055101","-0.376475142337982","0.347296667233688","-0.398708979956778","-0.220034626792004","-0.532673945343624","-0.346551070873298","-0.322468126155602","-0.883160743519773","-0.439796041968477","-0.403890311441835","-0.882579950158088","-0.288892102032128","-0.197985446785213","-0.162221421130762","-0.162221421130762","nitric acid"
"36","-0.92181521869943","-0.556851830947359","0.155204200976353","-0.521438473552985","-0.553086223234463","-0.507904477095513","-0.559740134782753","-0.807572900575788","-0.775783154397711","-1.3035477798017","1.11335042550208","-0.464829855413511","0.906643511971352","0.0836162704032392","1.56390261380734","0.425344646728062","2.05416009204469","-1.11900751147818","-0.813558395866608","-0.80151203137379","-0.905360080051867","-0.679943707965364","-0.875368270456685","-0.960643175932432","-0.788321600136491","-0.925637601019275","-0.630112080817177","-0.931708039911483","-0.701625045870776","-0.896078481041125","-0.946268293382285","1.08934883657606","-0.162221430495711","-0.637204211208874","-0.604441167927028","-0.691690689613959","-0.692917526763984","-0.396852769461037","-0.513831201585227","-0.429876150007927","-0.953028828886899","-0.576288809858907","-0.771810886433173","-0.913565706195271","0.588835810725588","-0.318877783530325","-0.5329025141826","-0.716105836731869","-0.573643931798673","-0.888301844527341","-0.542155064797437","-0.647595093938644","-0.323320679483116","-0.461875563709034","0.873517909204017","-0.690548714459438","-0.574271204529219","-0.624998639797823","-0.663451926055197","-0.667939265650296","-0.389682840854235","-0.93601351404426","-0.618980199044111","-0.543715462032324","0.0126146250118365","-0.756830157733819","-0.528526651697487","0.730831124286011","-0.56301749133527","0.623511983193323","-0.420569615495015","-0.380489243782832","-0.85605148167257","-0.536438021121989","-0.285500456845759","-0.848429008693753","-0.621615485633451","-0.78596787792662","-0.394316387334313","-0.327436506636292","-0.435919105905028","-0.322468126155602","-0.883160743519773","-0.288892102032128","-0.916999683252952","-0.450129278661549","-0.350770093406554","-0.821754574479104","-0.642248344838465","-0.151642630659406","-0.335145662976937","-0.692425885822588","-0.408321868600977","-0.317812186918913","-0.417477124948836","-0.276217249148294","-0.975280103766689","-0.171593453289473","-0.779913617330078","-0.288892102032128","-0.430700498055101","-0.376475142337982","-0.429013530112202","-0.398708979956778","-0.220034626792004","-0.532673945343624","-0.346551070873298","-0.322468126155602","-0.883160743519773","-0.439796041968477","-0.403890311441835","0.882579950158088","-0.288892102032128","-0.197985446785213","-0.162221421130762","-0.162221421130762","tetrachloroethylene"
"37","-0.741650889605536","-0.133318000858468","0.510881736280434","-0.412557169080341","-0.461932699278851","-0.430504958064956","-0.465760597858263","-0.612316674349617","-0.283080702424868","-0.195459522573926","-0.0271241957689402","-0.224126517764007","0.268613460481721","0.245731910161425","0.983784064858674","0.255247436675176","1.3731512173549","-0.446175930909131","-0.500721366892878","-0.594999926183221","-0.637723962754139","-0.526884816734224","-0.592285680996682","-0.643701179688533","-0.574023954287668","-0.631801354427898","-0.550551526875145","-0.636737698158277","-0.447225785391435","-0.654900156482365","-0.565601992835836","0.538047337236841","-0.162221430494056","-0.601589922308654","-0.655238317028776","-0.509258539317955","-0.692917526763984","-0.396852769461037","-0.513831201585227","-0.429876150007927","-0.419696148940149","-0.576288809858907","0.383372679075325","-0.913565706195271","0.159066274914796","-0.318877783530325","-0.5329025141826","-0.716105836731869","-0.573643931798673","0.0839450438156455","-0.542155064797437","-0.647595093938644","-0.323320679483116","-0.461875563709034","0.430664590891408","-0.690548714459438","-0.574271204529219","-0.624998639797823","-0.663451926055197","-0.260195367404839","-0.389682840854235","-0.93601351404426","-0.618980199044111","-0.543715462032324","-0.74663188587161","0.3936005052357","-0.528526651697487","0.298294080782233","-0.542594278535994","0.393238309261778","-0.420569615495015","-0.380489243782832","-0.178052383289513","-0.536438021121989","-0.285500456845759","-0.589816957915443","-0.621615485633451","-0.78596787792662","-0.394316387334313","-0.327436506636292","-0.435919105905028","-0.322468126155602","0.0238692092843182","-0.288892102032128","-0.106627870145692","-0.450129278661549","-0.350770093406554","-0.821754574479104","-0.642248344838465","-0.426043581376427","-0.335145662976937","-0.692425885822588","-0.408321868600977","-0.317812186918913","-0.417477124948836","-0.671380266137813","-0.405116350795394","0.113410915971029","-0.533554543769054","-0.288892102032128","-0.430700498055101","-0.376475142337982","-0.429013530112202","-0.398708979956778","-0.220034626792004","-0.532673945343624","-0.346551070873298","-0.322468126155602","0.0238692092843182","-0.439796041968477","-0.403890311441835","0.441289975079044","-0.288892102032128","-0.197985446785213","-0.162221421130762","-0.162221421130762","123-trichlorobenzene"
"38","-0.932578795066685","-0.569157898649698","0.284928145093238","-0.586767256236572","-0.754161031601484","-0.72584150737034","-0.758539058179298","-0.905201013688874","0.850134937112672","0.39552088128089","1.14010511668604","-0.859964375032659","1.30594233562738","-0.185364296497041","1.97692632125341","0.344207860335477","2.19240048179914","-1.09338865252768","-0.841347279424104","-0.907309949691239","-0.948753538498306","-0.827202493217349","-0.942459046537068","-0.990046705580243","-0.890160659231314","-0.960981308549082","-0.835146995622744","-0.955092427711356","-0.864385226608577","-0.896078481041125","-0.946268293382285","0.891969287429917","-0.162221430495779","-0.790340037937953","-0.643480690665597","-0.839536687665319","-0.692917526763984","-0.396852769461037","-0.513831201585227","-0.429876150007927","-0.953028828886899","-0.198473083350189","-0.771810886433173","-0.913565706195271","0.159066274914796","-0.318877783530325","-0.5329025141826","-0.716105836731869","-0.573643931798673","-0.846514487109456","-0.542155064797437","-0.647595093938644","-0.323320679483116","-0.461875563709034","0.430664590891408","-0.690548714459438","-0.574271204529219","-0.624998639797823","-0.663451926055197","-0.621762132701812","-0.389682840854235","-0.93601351404426","-0.618980199044111","-0.543715462032324","-0.367008630429887","-0.756830157733819","-0.0958237024592457","0.298294080782233","-0.533340010236322","0.248895286187954","-0.420569615495015","0.125636577219282","-0.85605148167257","-0.536438021121989","-0.285500456845759","-0.934633025619857","-0.621615485633451","-0.78596787792662","-0.394316387334313","-0.327436506636292","-0.435919105905028","-0.322468126155602","-0.883160743519773","-0.288892102032128","-0.916999683252952","-0.450129278661549","-0.350770093406554","-0.821754574479104","-0.642248344838465","-0.426043581376427","-0.335145662976937","-0.692425885822588","-0.408321868600977","-0.317812186918913","-0.417477124948836","-0.358792176460278","-0.975280103766689","-0.450637655131979","-0.886995193983936","-0.288892102032128","-0.430700498055101","-0.376475142337982","-0.429013530112202","-0.398708979956778","-0.220034626792004","-0.532673945343624","-0.346551070873298","-0.322468126155602","-0.883160743519773","-0.439796041968477","-0.403890311441835","0.441289975079044","-0.288892102032128","-0.197985446785213","-0.162221421130762","-0.162221421130762","trichloroethylene"
