name,0,1,2,3,5,6,7,8,9,10,11,13,15,16,17,18,19,20,21,22,23,24,25,26,27,28,29,30,31,32,33,34,35,36,37,38,39,40,41,42,43,44,45,46,47,48,49,50,51,52,53,54,55,56,57,58,59,60,61,62,63,64,65,66,67,68,70,71,72,73,74,75,76,77,78,79,80,81,83,84,85,87,88,89,90,91,92,93,94,95,96,97,98,99,100,101,102,103,104,105,106,107,108,109,110,111,112,113,114,115,116,117,118,119,120,121,122,123,124,125,127,128,129,130,131,133,134,137,142,143,147,148,149,157,158,159,161,162,166,168,173,176,177,187,189,190,191,205,215,substance_type
carbaryl,11.091562263794406,11.091562263794406,0.4524508692365827,-0.4524508692365827,9.933333333333334,201.225,190.13699999999997,201.078978592,76.0,0.0,0.4118597328988006,0.4118597328988006,1.1333333333333333,1.8666666666666667,2.6666666666666665,16.550051211511672,10.112552782110448,2.042720588927014,-2.058962003481236,2.2442648453675855,-2.2158186695042463,5.8961032394140656,0.2032804504377142,2.2925951390532595,2.464953756163773,488.45103080120384,10.673362107437434,8.35794846525511,8.35794846525511,7.308861750289881,4.683739640741714,4.683739640741714,3.116804193004947,3.116804193004947,2.1564108306777956,2.1564108306777956,1.4355892694739252,1.4355892694739252,-2.0299999999999994,3599.3743683136177,9.522159782005517,4.002881593971449,1.90830321656312,87.66788139318408,10.05365155780638,5.749511833283905,0.0,0.0,0.0,6.093240070938415,0.0,4.794537184071822,0.0,0.0,36.39820241076966,11.452591282926406,12.433896197141983,0.0,9.53140013787187,16.865688499868007,0.0,5.316788604006331,0.0,0.0,7.04767198267719,42.46456947923127,5.749511833283905,10.05365155780638,4.794537184071822,5.749511833283905,0.0,13.140912053615605,0.0,0.0,0.0,42.46456947923127,0.0,10.772448428929591,38.33,6.093240070938415,4.794537184071822,0.0,5.749511833283905,10.772448428929591,7.04767198267719,6.06636706846161,36.39820241076966,5.316788604006331,4.736862953800049,5.126759259259259,0.0,11.091562263794406,4.40541832010582,0.0,0.5763425925925927,13.383852749433103,-0.4524508692365827,0.0,1.535182350718065,0.0833333333333333,15.0,1.0,3.0,0.0,0.0,0.0,1.0,2.0,0.0,2.0,0.0,0.0,2.0,1.0,3.0,0.0,1.0,0.0,0.0,0.0,0.0,2.5410718750830044,2.0,2.5580000000000007,59.03170000000003,0.0,0.0,0.0,1.0,1.0,0.0,1.0,0.0,0.0,0.0,1.0,0.0,0.0,2.0,1.0,1.0,0.0,0.0,0.0,0.0,0.0,0.0,0.0,0.0,insecticide
chlorpyrifos,5.9376562106324,5.9376562106324,0.05212962962963,-2.918478835978836,11.61111111111111,350.5909999999999,339.50299999999993,348.926283882,102.0,0.0,0.3813559433952989,0.4039620319976707,1.1666666666666667,1.7222222222222223,2.2222222222222223,35.499020362158454,10.47071059374657,2.237519142795497,-2.2046412124013015,2.5053399141023007,-2.0321987852346157,8.0729787332724,0.2158046032822062,2.261184336373165,3.006125183376143,464.6162368766504,13.759148545064338,9.65287760344577,13.63158821342878,8.414832660707777,5.017495294338299,8.707427315056757,2.922028581870719,7.029481865631415,1.627234631838839,4.972432894378645,1.0046270716835448,3.5945294102959977,0.3899999999999998,6946.358281338363,16.44437737901033,7.246563253264823,4.494247868158743,125.74118203040852,4.5237471617118175,5.022633313741326,5.153109816892792,5.879988336435371,0.0,6.718607232363179,9.047494323423637,0.0,4.983978520947208,0.0,34.802819670697545,19.913841467842857,11.806856088638648,18.23639724276716,13.571241485135452,53.328282991699375,0.0,4.983978520947208,0.0,13.847474399381248,13.213763929025836,21.264743512837057,5.879988336435371,4.5237471617118175,0.0,5.879988336435371,41.52142690306073,18.19774244997304,20.85435041206228,0.0,13.847474399381248,6.06636706846161,15.198376444375445,0.0,40.58,6.718607232363179,0.0,21.078364780810816,13.213763929025836,0.0,6.06636706846161,13.847474399381248,0.0,4.983978520947208,60.18091724447165,16.056113473167045,22.67465017076789,3.9021974993701183,0.4988730368690701,0.0,0.05212962962963,1.421966805240615,0.0,1.3662916071778506,0.0,0.4444444444444444,18.0,0.0,4.0,0.0,0.0,0.0,0.0,0.0,1.0,1.0,0.0,0.0,5.0,0.0,9.0,1.0,6.0,0.0,0.0,0.0,0.0,6.620290046530865,1.0,4.718100000000002,77.43200000000002,0.0,0.0,1.0,0.0,0.0,1.0,0.0,0.0,0.0,0.0,0.0,0.0,0.0,0.0,0.0,0.0,3.0,0.0,0.0,0.0,0.0,0.0,1.0,0.0,insecticide
cypermethrine,12.611418379883837,12.611418379883837,0.113804497419286,-1.0284014655244815,20.392857142857142,416.304,397.152,415.074198828,144.0,0.0,0.3112852422470833,0.457370815414609,1.1428571428571428,1.8214285714285712,2.4642857142857144,35.53908973147812,10.08891601780199,2.6152215765726248,-2.1332963726366696,2.5999296786815265,-2.1422365528792984,6.554401659899356,-0.1490798940492189,3.195228205986146,1.721481494739987,930.2980937199306,20.311190308942127,15.43344091237514,16.94529880441205,13.323735633975271,8.78453839388687,9.540467339905325,7.214765173188115,8.222629525088673,4.961172443444766,5.21314875878425,3.2987824841352333,3.5702492352956376,-2.479999999999998,2171247.0323573537,20.25931432531098,8.261449020580432,4.49388941398866,173.83020897810323,9.473725907600098,22.05971315351801,0.0,6.103966387748303,0.0,5.969305287951848,4.794537184071822,0.0,5.261891554738487,0.0,67.38118952215433,41.67438489623849,5.563451491696996,5.917906046161393,14.26826309167192,29.17118506841688,5.261891554738487,0.0,17.250802561719567,19.95144078712955,0.0,70.7282433888433,17.568244979360085,4.736862953800049,0.0,11.49902366656781,23.20187978046503,5.969305287951848,9.53140013787187,28.581915429250326,25.514892278826547,65.1647918971463,0.0,0.0,59.32000000000001,12.073271675700152,10.056428738810308,21.742270735877497,17.062475158264807,0.0,0.0,30.34148838068032,50.248531054481575,0.0,32.67560568806513,11.397899512505774,11.462066063019403,12.611418379883837,9.530405787327686,0.231394620126017,0.2892627430591366,18.293881632746352,0.6151906779955121,3.8740361388918383,0.0,0.2727272727272727,28.0,0.0,4.0,1.0,0.0,1.0,0.0,2.0,0.0,2.0,3.0,0.0,4.0,0.0,6.0,0.0,6.0,1.0,0.0,1.0,3.0,5.977546160373983,3.0,6.177980000000003,107.95400000000004,0.0,0.0,0.0,1.0,1.0,1.0,0.0,0.0,0.0,1.0,0.0,0.0,0.0,2.0,0.0,2.0,2.0,0.0,0.0,1.0,0.0,0.0,0.0,0.0,insecticide
DDD(2-4),6.0918720080624835,6.0918720080624835,0.0945679012345679,-0.5348601662887378,11.22222222222222,320.04599999999994,309.966,317.95366104,94.0,0.0,0.1182231305845166,0.1182231305845166,0.6111111111111112,0.9444444444444444,1.2222222222222223,35.539279951338116,9.927788407359309,2.207679507771397,-2.188192278242921,2.338872849574731,-2.084635227576267,6.446098788801404,0.8868649639057902,2.339274363032339,2.394110502884274,456.8221302041951,13.120955864630137,9.285360583933167,12.30907636800699,8.575387400469408,5.367818266096009,6.996618773058433,3.915228272993108,5.951881343689907,2.710220015184639,3.718125276542579,1.823640237744887,2.6575309270470204,-0.3999999999999995,12051.94151834261,14.0185454965892,6.164208984375,3.330091331517386,126.43144646188088,0.0,4.836269690250055,0.0,0.0,0.0,0.0,0.0,0.0,0.0,23.20187978046503,47.46734805431147,35.392371257240434,15.963172673644046,0.0,0.0,46.40375956093006,0.0,0.0,0.0,10.754175736411447,0.0,69.70310615856953,0.0,0.0,0.0,0.0,46.40375956093006,4.836269690250055,0.0,0.0,17.044809029555385,48.53093654769288,10.045266627482652,0.0,0.0,4.836269690250055,0.0,5.917906046161393,10.045266627482652,11.126902983393991,0.0,0.0,48.53093654769288,0.0,46.40375956093006,0.0,23.942352047815007,-0.5348601662887378,1.3783352229780808,2.049486016628874,-0.0945679012345679,15.03703255787912,0.0,0.0,0.0,0.1428571428571428,18.0,0.0,0.0,0.0,0.0,0.0,0.0,2.0,0.0,2.0,0.0,0.0,0.0,0.0,4.0,0.0,3.0,0.0,0.0,0.0,0.0,4.8007357832191575,2.0,5.929000000000001,80.24100000000003,0.0,0.0,0.0,0.0,0.0,0.0,0.0,0.0,2.0,0.0,0.0,0.0,0.0,2.0,0.0,0.0,4.0,0.0,0.0,0.0,0.0,0.0,0.0,0.0,insecticide
dicofol,10.990245653817082,10.990245653817082,0.4205763416477706,-1.963631897203325,12.5,370.49,361.418,367.909603308,106.0,0.0,0.2265872716614569,0.3758393977853581,0.65,0.95,1.2,35.582600580623456,9.874227861219472,2.4944786897252405,-2.352932993576359,2.4886535347109096,-2.4059287575292783,6.6812929361664795,0.0849886260457824,2.3796126068069703,2.622374710790276,540.9564823741972,14.966255326250886,9.9558381140631,13.735482844155378,9.248037131279782,5.561252390364884,7.451074755411023,4.221955315329213,7.376059300072742,2.934238992828637,4.258684609440006,1.8761752598723571,2.782805245919819,-0.1499999999999995,23186.94524072712,16.224491773487685,5.920643642072214,3.0370637568559187,141.52894644095855,5.106527394840706,0.0,5.601050810983688,3.7925359355297714,0.0,0.0,0.0,0.0,0.0,0.0,82.27016772500902,35.392371257240434,10.045266627482652,0.0,5.106527394840706,58.00469945116258,0.0,0.0,0.0,9.39358674651346,0.0,69.70310615856953,0.0,0.0,0.0,0.0,58.00469945116258,8.899063330370478,5.601050810983688,0.0,11.126902983393991,48.53093654769288,10.045266627482652,0.0,20.23,9.39358674651346,5.106527394840706,0.0,21.172169610876644,0.0,0.0,48.53093654769288,0.0,0.0,58.00469945116258,-1.963631897203325,29.70126865149351,0.0,12.039363189720332,-0.9715016376921132,0.0,12.916723915903813,0.0,0.0,0.0,0.1428571428571428,20.0,1.0,1.0,0.0,0.0,0.0,0.0,2.0,0.0,2.0,0.0,0.0,1.0,1.0,6.0,0.0,2.0,0.0,0.0,0.0,0.0,4.80297170322764,2.0,5.599500000000001,86.19280000000002,1.0,0.0,0.0,0.0,0.0,0.0,0.0,0.0,3.0,0.0,0.0,0.0,0.0,2.0,0.0,0.0,5.0,0.0,0.0,0.0,0.0,0.0,0.0,0.0,insecticide
dieldrin,6.824158950617283,6.824158950617283,0.0466820987654317,-1.3746913580246911,66.63157894736842,380.9129999999999,372.84899999999993,377.870630956,104.0,0.0,0.1663590476938064,0.3689612624728717,0.8421052631578947,1.263157894736842,1.6842105263157894,35.540308675380096,9.725070007982096,2.8893323855120308,-2.375103965539239,2.8364238806512265,-2.460079740213884,6.653212334758468,0.2373438586922135,2.9115223693703705,1.802907459793631,516.4228624657378,13.533015715890102,9.347243524843527,13.88281720095426,8.775727571947288,6.249144789936065,8.51693162799143,6.306182474345147,9.581833664301062,5.923293583236559,10.21579330365118,5.298209213835473,8.43442226552978,1.44,38778.56643764397,12.932158223084157,3.201411116345964,0.9859582678778774,139.9679980771587,4.736862953800049,9.748344582882218,4.33335411348544,0.0,0.0,0.0,0.0,0.0,0.0,23.20187978046503,46.40375956093006,30.09244580757158,0.0,22.2725054797238,4.736862953800049,69.60563934139509,0.0,0.0,23.671624184645573,32.710453094790275,0.0,10.064572704227194,0.0,0.0,0.0,0.0,69.60563934139509,26.28963147186426,4.736862953800049,23.671624184645573,6.4208216229260096,10.064572704227194,0.0,0.0,12.53,14.081698696367658,0.0,24.04374486781939,21.900384796549982,6.4208216229260096,0.0,0.0,0.0,0.0,74.34250229519515,4.346471403376166,39.5237745653817,-2.17162037037037,0.6422839506172853,0.0,0.7758024691358014,0.0,1.6332879818594104,0.0,0.0,0.8333333333333334,19.0,0.0,1.0,4.0,1.0,5.0,0.0,0.0,0.0,0.0,8.0,4.0,1.0,0.0,7.0,1.0,0.0,3.0,1.0,4.0,0.0,2.1790081628277096,5.0,4.481400000000002,77.57500000000002,0.0,0.0,0.0,0.0,0.0,0.0,0.0,0.0,4.0,2.0,0.0,0.0,0.0,0.0,12.0,1.0,6.0,0.0,0.0,0.0,0.0,0.0,0.0,0.0,insecticide
isodrin,6.761998456790122,6.761998456790122,0.0663580246913577,-1.3655246913580248,58.77777777777778,364.9139999999999,356.8499999999999,361.875716336,98.0,0.0,0.1663794710659599,0.1663794710659599,0.8333333333333334,1.2222222222222223,1.6111111111111112,35.540308479450225,9.752512084981031,2.8483537413512976,-2.3692951107166356,2.810577819171557,-2.4564693236029886,6.653218348957602,0.3053403489815749,2.9746967394496187,2.032344649126246,480.66067707067873,13.085421958697395,8.938995234379664,13.474568910490396,8.275727571947288,5.777740269145033,8.0455271072004,5.6257686569053735,8.901419846861291,5.1233562092276985,9.415855929642316,4.4780601699064375,7.61427322160075,1.22,20189.26677064456,12.922960575085408,3.339877471519769,0.9734449954580696,135.1706809689968,0.0,9.748344582882218,4.33335411348544,0.0,0.0,0.0,0.0,0.0,0.0,23.20187978046503,58.55579977459783,30.09244580757158,0.0,10.064572704227194,0.0,69.60563934139509,0.0,0.0,23.671624184645573,20.502520319293662,0.0,22.216612917894956,0.0,0.0,0.0,0.0,69.60563934139509,14.081698696367658,0.0,23.671624184645573,6.4208216229260096,22.216612917894956,0.0,0.0,0.0,14.081698696367658,0.0,11.835812092322788,21.900384796549982,6.4208216229260096,0.0,0.0,0.0,12.152040213667762,69.60563934139509,-1.3655246913580248,39.21124496094734,-2.128287037037037,0.6537654320987669,0.0,0.8151543209876535,0.0,5.396980347694634,0.0,0.0,0.6666666666666666,18.0,0.0,0.0,4.0,0.0,4.0,0.0,0.0,0.0,0.0,6.0,4.0,0.0,0.0,6.0,0.0,0.0,2.0,0.0,2.0,0.0,2.3978391605592173,4.0,5.270200000000001,78.05400000000002,0.0,0.0,0.0,0.0,0.0,0.0,0.0,0.0,4.0,4.0,0.0,0.0,0.0,0.0,9.0,0.0,6.0,0.0,0.0,0.0,0.0,0.0,0.0,0.0,insecticide
lindane,11.091562263794406,11.091562263794406,0.4367283950617284,-0.4524508692365827,30.185185185185187,492.0569999999999,474.9209999999998,488.939044864,148.0,0.0,0.4118597328988006,0.4118597328988006,0.7777777777777778,1.2222222222222223,1.7037037037037035,35.50500229265778,9.972830708858853,2.464268325059907,-2.3728571264644076,2.3935239390647687,-2.5155783392680684,6.44768509563482,0.2032783775969004,2.6972508674652924,1.991111060656885e-07,712.5758629402783,20.13746372257519,14.089836918448228,18.62541059455896,12.77296336542764,7.993046982157668,10.611661664989576,5.78336262342111,8.807078407494929,3.9816633440027176,8.013120751604946,2.4893992993811103,4.816962318886769,-0.2899999999999992,846936.7723841019,22.99349504801821,10.47613834125222,5.6205389721136365,187.6771314408538,10.05365155780638,5.749511833283905,0.0,0.0,0.0,6.093240070938415,0.0,4.794537184071822,0.0,69.60563934139509,36.39820241076966,11.452591282926406,12.433896197141983,32.26252720923436,9.53140013787187,86.4713278412631,0.0,5.316788604006331,0.0,32.26252720923436,7.04767198267719,42.46456947923127,5.749511833283905,10.05365155780638,4.794537184071822,5.749511833283905,69.60563934139509,45.403439262849965,0.0,0.0,0.0,42.46456947923127,0.0,10.772448428929591,38.33,38.35576728017278,4.794537184071822,0.0,5.749511833283905,10.772448428929591,7.04767198267719,6.06636706846161,36.39820241076966,5.316788604006331,74.34250229519515,5.126759259259259,35.28703703703703,11.091562263794406,1.785047949735448,0.0,0.5763425925925927,13.383852749433103,-0.4524508692365827,0.0,1.535182350718065,0.3888888888888889,27.0,1.0,3.0,1.0,0.0,1.0,1.0,2.0,0.0,2.0,0.0,0.0,2.0,1.0,9.0,0.0,1.0,1.0,0.0,1.0,0.0,8.921593891553208,3.0,6.202400000000003,116.87770000000002,0.0,0.0,0.0,1.0,1.0,0.0,1.0,0.0,6.0,0.0,1.0,0.0,0.0,2.0,1.0,1.0,6.0,0.0,0.0,0.0,0.0,0.0,0.0,0.0,insecticide
methomyl,10.382503779289491,10.382503779289491,0.5477777777777779,-0.5477777777777779,10.9,162.214,152.134,162.04629856,58.0,0.0,0.4326134336614101,0.4326134336614101,1.7,2.3,2.7,32.1664346897438,10.891554329380549,1.9413806038900887,-1.9457628604291417,1.9579802270937063,-2.1645442834098936,8.127968139176359,0.1532208902905333,1.988615511683862,3.608044380766722,146.58337707694835,7.983127663125442,6.171958466891548,6.988455047819274,4.701907262607799,2.676801709744692,3.9015465811362806,1.44317384553169,2.4422446122944708,0.7566451684664391,1.4220032440153507,0.1886444653969026,0.3004478642718921,-0.7100000000000001,147.1575478646058,9.29,5.104793271698562,4.196814348969283,63.99642000927801,5.316788604006331,5.043716986591482,0.0,0.0,0.0,6.093240070938415,4.8375885837366335,4.794537184071822,0.0,11.761884949391115,5.15571272675054,13.179506383202028,7.04767198267719,0.0,9.632125767808455,22.898842006921015,0.0,5.316788604006331,5.15571272675054,6.923737199690624,13.303441166188597,0.0,0.0,5.316788604006331,4.794537184071822,0.0,11.761884949391115,24.440398223718493,4.8375885837366335,0.0,6.923737199690624,5.15571272675054,0.0,0.0,50.69,6.093240070938415,4.794537184071822,0.0,5.043716986591482,0.0,18.809556932068304,6.923737199690624,6.255769183511404,15.310089914493505,0.0,0.0,1.4222467876039302,14.74342970521542,6.459555933484506,0.0,0.0,0.0,1.3054402872260014,1.7575462962962962,1.478447656840514,0.6,10.0,1.0,4.0,0.0,0.0,0.0,1.0,0.0,0.0,0.0,0.0,0.0,4.0,1.0,5.0,0.0,1.0,0.0,0.0,0.0,0.0,4.742352949407964,0.0,1.0388,42.16470000000002,0.0,0.0,0.0,1.0,1.0,1.0,1.0,0.0,0.0,0.0,1.0,0.0,0.0,0.0,0.0,0.0,0.0,0.0,0.0,0.0,0.0,0.0,0.0,0.0,insecticide
tebufenozide,13.074418864398124,13.074418864398124,0.2196033845637017,-0.5617524486646517,11.153846153846152,352.4780000000001,324.2540000000001,352.215078136,138.0,0.0,0.2723007677479769,0.2723007677479769,0.9230769230769232,1.4615384615384617,1.9230769230769231,16.174228632379325,10.031553386212572,2.294148018309765,-2.3529139947153523,2.1785555867045345,-2.5546151284756853,5.992191341589644,0.0358262099622874,2.567302586602795,2.290346313235774,781.6322273628837,19.48276318419594,16.512268841941612,16.512268841941612,12.112410768570085,8.943146868108418,8.943146868108418,7.679175888908547,7.679175888908547,4.180270702519702,4.180270702519702,2.8082851680954795,2.8082851680954795,-2.6199999999999997,372248.6058470589,19.701408166163176,7.729476737667058,4.718858609761886,155.74079454366102,0.0,0.0,0.0,0.0,11.814359458703011,0.0,15.01486576525403,5.008912523954531,0.0,0.0,36.249741388469445,70.86842738692255,11.126902983393991,5.538925252383345,9.589074368143644,11.814359458703011,0.0,10.434703921064916,0.0,53.50217007345309,0.0,70.28182693771626,0.0,5.425791397110385,0.0,0.0,0.0,22.362197235040888,6.4208216229260096,13.847474399381248,65.10128062539111,42.46456947923127,0.0,0.0,49.41,5.538925252383345,9.589074368143644,11.814359458703011,11.126902983393991,17.54772460632,10.572364015651528,12.13273413692322,64.95052134076116,12.349528596801008,0.0,0.0,0.0,25.740444469084444,1.4139670729402871,6.5334682430844255,-0.5109894389854703,13.148183496626231,0.9178674873494288,11.67372533656732,0.0,0.3636363636363636,26.0,1.0,4.0,0.0,0.0,0.0,2.0,2.0,0.0,2.0,0.0,0.0,2.0,1.0,4.0,0.0,3.0,0.0,0.0,0.0,0.0,5.856983696909311,2.0,4.451540000000004,105.12470000000006,0.0,0.0,0.0,2.0,2.0,1.0,1.0,0.0,0.0,0.0,2.0,0.0,3.0,2.0,0.0,0.0,0.0,1.0,0.0,0.0,0.0,0.0,0.0,0.0,insecticide
alphaEndosulfan,11.316003401360549,11.316003401360549,0.0107407407407411,-1.860735071806501,52.21052631578947,406.92899999999986,400.88099999999986,403.816881132,108.0,0.0,0.3041188211590116,0.3041188211590116,0.9473684210526316,1.3157894736842106,1.6842105263157894,35.54030974828978,9.828011504319116,2.820580394458581,-2.333009036578108,2.758819827869707,-2.451620456731275,7.747130331701795,0.2072894135005547,2.5435556914189767,2.1877260443323916,470.1834139056276,14.21517847069432,8.96969410066316,14.32176435770162,8.686411174470248,5.188423871667992,8.456210709723358,4.612036033430883,8.767340034641697,3.9406736809015626,8.946869492336543,2.959223851433213,6.598894658410821,1.55,17026.56179835863,15.445865802036373,4.526742855893185,1.5894427466458492,141.7906412262262,0.0,9.748344582882218,4.33335411348544,0.0,0.0,11.361316488136412,8.366170865299415,0.0,4.208898492164469,23.20187978046503,46.40375956093006,0.0,11.835812092322788,23.27833663325303,12.575069357463883,80.9669558295315,0.0,0.0,11.835812092322788,14.081698696367658,13.213763929025836,10.064572704227194,0.0,0.0,0.0,0.0,69.60563934139509,31.504361117557963,19.727487353435823,11.835812092322788,0.0,10.064572704227194,0.0,0.0,35.53,37.27882727682686,4.208898492164469,23.27833663325303,0.0,0.0,0.0,0.0,0.0,0.0,77.9718102066945,19.746629818594105,36.35136589821113,-2.7796296296296297,0.2099363819601927,0.0,-0.9108950617283962,0.0,0.0,0.0214814814814823,0.0,0.7777777777777778,19.0,0.0,3.0,2.0,1.0,3.0,0.0,0.0,0.0,0.0,5.0,2.0,3.0,0.0,10.0,1.0,0.0,1.0,1.0,2.0,1.0,3.67997171960279,3.0,3.689800000000001,77.36340000000001,0.0,0.0,0.0,0.0,0.0,0.0,0.0,0.0,4.0,2.0,0.0,0.0,0.0,0.0,5.0,0.0,6.0,0.0,0.0,0.0,0.0,0.0,0.0,0.0,insecticide
betaEndosulfan,11.316003401360549,11.316003401360549,0.0107407407407411,-1.860735071806501,52.21052631578947,406.92899999999986,400.88099999999986,403.816881132,108.0,0.0,0.3041188211590116,0.3041188211590116,0.9473684210526316,1.3157894736842106,1.6842105263157894,35.54030974828978,9.828011504319116,2.820580394458581,-2.333009036578108,2.758819827869707,-2.451620456731275,7.747130331701795,0.2072894135005547,2.5435556914189767,2.1877260443323916,470.1834139056276,14.21517847069432,8.96969410066316,14.32176435770162,8.686411174470248,5.188423871667992,8.456210709723358,4.612036033430883,8.767340034641697,3.9406736809015626,8.946869492336543,2.959223851433213,6.598894658410821,1.55,17026.56179835863,15.445865802036373,4.526742855893185,1.5894427466458492,141.7906412262262,0.0,9.748344582882218,4.33335411348544,0.0,0.0,11.361316488136412,8.366170865299415,0.0,4.208898492164469,23.20187978046503,46.40375956093006,0.0,11.835812092322788,23.27833663325303,12.575069357463883,80.9669558295315,0.0,0.0,11.835812092322788,14.081698696367658,13.213763929025836,10.064572704227194,0.0,0.0,0.0,0.0,69.60563934139509,31.504361117557963,19.727487353435823,11.835812092322788,0.0,10.064572704227194,0.0,0.0,35.53,37.27882727682686,4.208898492164469,23.27833663325303,0.0,0.0,0.0,0.0,0.0,0.0,77.9718102066945,19.746629818594105,36.35136589821113,-2.7796296296296297,0.2099363819601927,0.0,-0.9108950617283962,0.0,0.0,0.0214814814814823,0.0,0.7777777777777778,19.0,0.0,3.0,2.0,1.0,3.0,0.0,0.0,0.0,0.0,5.0,2.0,3.0,0.0,10.0,1.0,0.0,1.0,1.0,2.0,1.0,3.67997171960279,3.0,3.689800000000001,77.36340000000001,0.0,0.0,0.0,0.0,0.0,0.0,0.0,0.0,4.0,2.0,0.0,0.0,0.0,0.0,5.0,0.0,6.0,0.0,0.0,0.0,0.0,0.0,0.0,0.0,insecticide
aluminium,0.0,0.0,0.0,0.0,0.0,26.982,26.982,26.98153863,3.0,3.0,0.0,0.0,1.0,1.0,1.0,26.982,26.982,0.0,0.0,-0.3808,-0.3808,5.754,5.754,0.0,0.0,0.0,0.0,0.5773502691896258,1.7320508075688774,0.0,0.0,0.0,0.0,0.0,0.0,0.0,0.0,0.0,0.5324675324675323,0.0,1.5324675324675323,0.4105163129553377,4.0446626544187545,18.241990751890413,0.0,0.0,0.0,0.0,0.0,0.0,0.0,0.0,0.0,0.0,0.0,0.0,17.36106511960754,0.0,0.0,17.36106511960754,0.0,0.0,0.0,0.0,0.0,0.0,0.0,0.0,0.0,0.0,0.0,17.36106511960754,0.0,0.0,0.0,0.0,0.0,0.0,0.0,0.0,0.0,17.36106511960754,0.0,0.0,0.0,0.0,0.0,0.0,0.0,0.0,0.0,0.0,0.0,0.0,0.0,0.0,0.0,0.0,0.0,0.0,1.0,0.0,0.0,0.0,0.0,0.0,0.0,0.0,0.0,0.0,0.0,0.0,0.0,0.0,1.0,0.0,0.0,0.0,0.0,0.0,0.0,0.6291029211523357,0.0,-0.3808,5.754,0.0,0.0,0.0,0.0,0.0,0.0,0.0,0.0,0.0,0.0,0.0,0.0,0.0,0.0,0.0,0.0,0.0,0.0,0.0,0.0,0.0,0.0,0.0,0.0,metal
cobalt,0.0,0.0,0.0,0.0,0.0,58.933,58.933,58.933195,9.0,1.0,0.0,0.0,1.0,1.0,1.0,0.0,0.0,0.0,0.0,0.0,0.0,0.0,0.0,0.0,0.0,0.0,0.0,0.3333333333333333,1.3743685418725535,0.0,0.0,0.0,0.0,0.0,0.0,0.0,0.0,0.0,0.5064935064935063,0.0,1.5064935064935063,0.4808524808524813,4.403929403929406,17.68851124136627,0.0,0.0,0.0,0.0,0.0,0.0,0.0,0.0,0.0,0.0,0.0,0.0,16.77879776869357,0.0,16.77879776869357,0.0,0.0,0.0,0.0,0.0,0.0,0.0,0.0,0.0,0.0,0.0,0.0,0.0,16.77879776869357,0.0,0.0,0.0,0.0,0.0,0.0,0.0,0.0,16.77879776869357,0.0,0.0,0.0,0.0,0.0,0.0,0.0,0.0,0.0,0.0,0.0,0.0,0.0,0.0,0.0,0.0,0.0,0.0,1.0,0.0,0.0,0.0,0.0,0.0,0.0,0.0,0.0,0.0,0.0,0.0,0.0,0.0,1.0,0.0,0.0,0.0,0.0,0.0,0.0,0.7244011399855562,0.0,-0.0025,0.0,0.0,0.0,0.0,0.0,0.0,0.0,0.0,0.0,0.0,0.0,0.0,0.0,0.0,0.0,0.0,0.0,0.0,0.0,0.0,0.0,0.0,0.0,0.0,0.0,metal
copper,0.0,0.0,0.0,0.0,0.0,63.546,63.546,62.9295975,11.0,1.0,0.0,0.0,1.0,1.0,1.0,0.0,0.0,0.0,0.0,0.0,0.0,0.0,0.0,0.0,0.0,0.0,0.0,0.3015113445777636,1.243163121016122,0.0,0.0,0.0,0.0,0.0,0.0,0.0,0.0,0.0,0.5194805194805194,0.0,1.5194805194805197,0.4444805194805197,4.21948051948052,17.964098032124472,0.0,0.0,0.0,0.0,0.0,0.0,0.0,0.0,0.0,0.0,0.0,0.0,17.068678152405656,0.0,17.068678152405656,0.0,0.0,0.0,0.0,0.0,0.0,0.0,0.0,0.0,0.0,0.0,0.0,0.0,17.068678152405656,0.0,0.0,0.0,0.0,0.0,0.0,0.0,0.0,17.068678152405656,0.0,0.0,0.0,0.0,0.0,0.0,0.0,0.0,0.0,0.0,0.0,0.0,0.0,0.0,0.0,0.0,0.0,0.0,1.0,0.0,0.0,0.0,0.0,0.0,0.0,0.0,0.0,0.0,0.0,0.0,0.0,0.0,1.0,0.0,0.0,0.0,0.0,0.0,0.0,0.6753794906392313,0.0,-0.0025,0.0,0.0,0.0,0.0,0.0,0.0,0.0,0.0,0.0,0.0,0.0,0.0,0.0,0.0,0.0,0.0,0.0,0.0,0.0,0.0,0.0,0.0,0.0,0.0,0.0,metal
mercury,0.0,0.0,0.0,0.0,0.0,200.59,200.59,201.970643,2.0,0.0,0.0,0.0,1.0,1.0,1.0,0.0,0.0,0.0,0.0,0.0,0.0,0.0,0.0,0.0,0.0,0.0,0.0,0.7071067811865475,6.2048368229954285,0.0,0.0,0.0,0.0,0.0,0.0,0.0,0.0,0.0,0.9350649350649348,0.0,1.935064935064935,0.0045093795093795,1.2128427128427133,28.00040585247103,0.0,0.0,0.0,0.0,0.0,0.0,0.0,0.0,0.0,0.0,0.0,0.0,27.66892822964067,0.0,27.66892822964067,0.0,0.0,0.0,0.0,0.0,0.0,0.0,0.0,0.0,0.0,0.0,0.0,0.0,27.66892822964067,0.0,0.0,0.0,0.0,0.0,0.0,0.0,0.0,27.66892822964067,0.0,0.0,0.0,0.0,0.0,0.0,0.0,0.0,0.0,0.0,0.0,0.0,0.0,0.0,0.0,0.0,0.0,0.0,1.0,0.0,0.0,0.0,0.0,0.0,0.0,0.0,0.0,0.0,0.0,0.0,0.0,0.0,1.0,0.0,0.0,0.0,0.0,0.0,0.0,0.0087259421675006,0.0,-0.0025,0.0,0.0,0.0,0.0,0.0,0.0,0.0,0.0,0.0,0.0,0.0,0.0,0.0,0.0,0.0,0.0,0.0,0.0,0.0,0.0,0.0,0.0,0.0,0.0,0.0,metal
zinc,8.520833333333334,8.520833333333334,0.0,-5.166666666666666,9.666666666666666,161.45299999999995,161.45299999999995,159.88087167999998,32.0,0.0,2.0,2.0,1.1666666666666667,1.1666666666666667,1.1666666666666667,0.0,0.0,0.0,0.0,0.0,0.0,0.0,0.0,0.7219280948873623,0.0,90.7164928725825,4.5,2.7483482335058627,6.531972647421808,2.0,0.6666666666666669,2.0,0.4082482904638632,1.2247448713915892,0.0,0.0,0.0,0.0,0.4933766233766233,3.6096404744368114,9.705182360074453,2.6305334691955937,225.27163146815272,47.88951059429245,9.105499747380728,0.0,0.0,0.0,0.0,19.477968898871303,8.417796984328938,0.0,0.0,0.0,0.0,0.0,10.399000581649608,0.0,37.00126563058097,10.399000581649608,0.0,0.0,0.0,0.0,0.0,0.0,0.0,0.0,0.0,0.0,0.0,17.523296731709664,29.876969480520913,0.0,0.0,0.0,0.0,0.0,80.25999999999999,10.399000581649608,0.0,19.477968898871303,0.0,0.0,0.0,0.0,0.0,0.0,17.523296731709664,34.083333333333336,0.0,0.0,0.0,0.0,0.0,0.0,0.0,0.0,-5.166666666666666,0.0,6.0,0.0,4.0,0.0,0.0,0.0,0.0,0.0,0.0,0.0,0.0,0.0,4.0,0.0,6.0,0.0,0.0,0.0,0.0,0.0,0.0,4.254967837137088,0.0,-1.3404999999999996,10.4746,0.0,0.0,0.0,0.0,0.0,0.0,0.0,0.0,0.0,0.0,0.0,0.0,0.0,0.0,0.0,0.0,0.0,0.0,0.0,0.0,0.0,0.0,0.0,0.0,metal
1-chlorodecane,5.564062941755792,5.564062941755792,0.8422222222222223,0.8422222222222223,10.363636363636363,176.731,155.563,176.133178352,68.0,0.0,0.0222955743467449,0.1267169696445274,0.7272727272727273,1.181818181818182,1.6363636363636365,35.4956627255872,10.0923459652067,1.8889759534336712,-1.9811812120893055,2.0776370102518076,-1.800533061780838,6.173407228702908,0.5857648712114191,2.0339309928768716,2.6909155266923976,53.89311688209828,8.36396103067893,7.741925503688156,8.497854449706612,5.414213562373096,4.974368023098972,5.50889050692382,3.163855970657529,3.541820443666756,1.9871840115494857,2.25444525346191,1.2283745947354905,1.417356831240104,0.29,292.8860629742695,11.289999999999996,10.289999999999996,10.29,76.3269962842807,0.0,0.0,0.0,0.0,0.0,0.0,0.0,0.0,0.0,11.600939890232516,51.8694885601727,6.4208216229260096,5.880003444970339,0.0,0.0,11.600939890232516,0.0,0.0,0.0,58.29031018309871,5.880003444970339,0.0,0.0,0.0,0.0,0.0,11.600939890232516,5.880003444970339,0.0,0.0,58.29031018309871,0.0,0.0,0.0,0.0,0.0,0.0,0.0,0.0,5.880003444970339,51.36657298340809,0.0,0.0,6.923737199690624,11.600939890232516,0.0,5.564062941755792,0.0,0.0,0.0,0.8422222222222223,0.0,10.947389280815209,2.257436666317889,0.0,1.0,11.0,0.0,0.0,0.0,0.0,0.0,0.0,0.0,0.0,0.0,0.0,0.0,0.0,0.0,1.0,0.0,8.0,0.0,0.0,0.0,0.0,10.561281818181811,0.0,4.365900000000004,53.33000000000005,0.0,0.0,0.0,0.0,0.0,0.0,0.0,0.0,1.0,0.0,0.0,0.0,0.0,0.0,0.0,0.0,1.0,0.0,0.0,0.0,0.0,0.0,0.0,7.0,other
2A1,8.018518518518519,8.018518518518519,0.0601851851851853,-0.0601851851851853,15.0,75.111,66.039,75.068413908,32.0,0.0,0.0579315539175779,0.3947756826592662,2.0,2.2,2.2,16.251800155972372,10.408391820218489,1.8075405750417275,-1.9084390192052192,1.6219355399615796,-2.182049913429427,4.429166558893617,0.2734819810346206,1.3787834934861756,2.5395388613593908,20.854752972273342,4.284457050376173,3.309020915065757,3.309020915065757,2.270055610029662,1.6351596590036603,1.6351596590036603,1.1598580700277676,1.1598580700277676,0.2879834411740013,0.2879834411740013,0.0,0.0,-0.08,9.65148445440323,4.920000000000001,2.175102040816326,3.92,31.603259705831498,10.84019487200289,0.0,0.0,0.0,0.0,0.0,0.0,0.0,0.0,0.0,0.0,6.923737199690624,6.041840829147961,6.606881964512918,5.106527394840706,0.0,0.0,0.0,5.733667477162185,12.965578028838586,6.606881964512918,0.0,0.0,5.733667477162185,0.0,0.0,0.0,17.755250188501584,0.0,0.0,6.923737199690624,0.0,0.0,0.0,46.25,0.0,0.0,12.64872279366088,0.0,0.0,0.0,6.923737199690624,0.0,0.0,10.84019487200289,0.0,0.0,0.0,8.018518518518519,5.041666666666667,0.0,-0.0601851851851853,0.0,1.8333333333333337,0.0,1.0,5.0,3.0,2.0,0.0,0.0,0.0,0.0,0.0,0.0,0.0,1.0,0.0,2.0,2.0,2.0,0.0,1.0,0.0,0.0,0.0,0.0,2.1403004081632657,0.0,-0.6741000000000001,20.735200000000003,1.0,1.0,0.0,0.0,0.0,0.0,0.0,1.0,0.0,0.0,0.0,0.0,0.0,0.0,0.0,0.0,0.0,0.0,0.0,0.0,0.0,0.0,0.0,0.0,other
4-octylphenol,9.12536906750287,9.12536906750287,0.3626812915886692,0.3626812915886692,10.466666666666669,206.32900000000004,184.15299999999996,206.167065324,84.0,0.0,0.1150948401177036,0.5079666452523371,0.8666666666666667,1.4666666666666666,2.1333333333333333,16.25463560155537,10.050382206508266,1.9388431926487424,-2.0159161193139705,2.128844050039324,-1.851871109879556,5.25282210295115,0.4747395984326501,2.257122002738398,2.0706728961148544,250.54613980420217,10.932875131431278,9.706362140564297,9.706362140564297,7.325698502695488,6.1056341745757186,6.1056341745757186,4.1842141331773925,4.1842141331773925,2.7553455255066424,2.7553455255066424,1.7720688280772456,1.7720688280772456,-0.98,2717.5748912970303,12.091326676176887,7.329846773929591,5.458270590623322,93.14517378686588,5.106527394840706,5.749511833283905,0.0,0.0,0.0,0.0,0.0,0.0,0.0,0.0,51.16057945124389,30.537828874472233,0.0,0.0,5.106527394840706,0.0,0.0,0.0,0.0,51.8694885601727,0.0,29.828919765543436,5.749511833283905,0.0,0.0,5.749511833283905,0.0,5.106527394840706,6.4208216229260096,0.0,51.01211842894368,24.26546827384644,0.0,0.0,20.23,0.0,0.0,0.0,5.749511833283905,6.4208216229260096,44.08838122925306,12.13273413692322,12.13273413692322,6.923737199690624,5.106527394840706,0.0,0.0,0.0,9.12536906750287,1.3363810416141768,0.3626812915886692,7.571016943814563,9.191412560636946,2.2464724281761064,0.0,0.5714285714285714,15.0,1.0,1.0,0.0,0.0,0.0,0.0,1.0,0.0,1.0,0.0,0.0,1.0,1.0,1.0,0.0,7.0,0.0,0.0,0.0,0.0,5.908504788660265,1.0,4.295200000000005,65.18680000000005,0.0,0.0,0.0,0.0,0.0,0.0,0.0,0.0,0.0,0.0,0.0,0.0,1.0,1.0,0.0,0.0,0.0,0.0,0.0,0.0,0.0,0.0,0.0,5.0,other
A736,14.652744241404331,14.652744241404331,0.0745622914062071,-1.0823988298848162,22.833333333333332,922.1659999999998,858.6619999999997,921.457116356,352.0,0.0,0.3244809840053296,0.4638957999874989,1.121212121212121,1.878787878787879,2.606060606060606,32.133483914717274,9.83813507040465,2.52823953659991,-2.390994669851559,2.4226829852717553,-2.6259655464007077,7.095148669551164,-0.1551894876962286,3.887822424985525,1.143738377132944,2533.974757019422,47.18877652859392,39.33491012310701,40.15140670403473,31.54728338997711,23.142241178376036,24.02189398963093,19.153636046281793,20.0962898875027,13.583771513143,14.454912710467267,10.082692508914324,10.933092567172222,-5.65,358101557534423.0,46.864449608660465,18.918272732826235,9.084010606759316,390.2001053595585,34.057343351949214,18.12552248744388,0.0,11.814359458703011,5.907179729351506,12.00041980028992,29.171039781189023,15.204307102129412,0.0,11.336785877934735,40.3402515508226,81.353606809624,85.77904149748184,46.88393769195529,33.4464118279592,51.96166979836023,0.0,44.98627840730844,11.332896515558172,116.50445825217446,40.39862070620536,70.82870065821764,22.514758973090913,10.742580001116716,4.794537184071822,0.0,11.336785877934735,134.57348224648135,48.03827429565198,11.332896515558172,83.17385763806828,54.56369747481942,0.0,33.41768390517197,171.54000000000002,41.324177703495515,23.97268592035911,49.07155192133411,56.8699358122071,44.67506339171742,27.321628239573624,30.154132557268756,32.2176414379994,66.92529520542489,19.441682949494513,14.24025005468818,1.409202165408953,84.43365215113229,8.124796798038222,9.269637860866895,-1.8242852949711377,7.107904639054137,5.159200048453199,17.53100915604603,3.2986324212832336,0.5306122448979592,66.0,2.0,16.0,1.0,3.0,4.0,5.0,1.0,3.0,4.0,6.0,6.0,12.0,2.0,17.0,6.0,9.0,1.0,2.0,3.0,0.0,13.433249078339855,8.0,5.750000000000005,251.9183999999992,0.0,0.0,3.0,5.0,5.0,7.0,2.0,0.0,0.0,0.0,5.0,0.0,1.0,1.0,7.0,2.0,0.0,1.0,1.0,0.0,0.0,0.0,1.0,0.0,other
biphenyl,2.1203703703703702,2.1203703703703702,1.2760185185185189,1.2760185185185189,9.666666666666666,154.21199999999996,144.13199999999998,154.07825032,58.0,0.0,-0.0184042560761494,0.0622253948936662,0.4166666666666667,0.75,1.0833333333333333,13.961331628236495,10.068819284791342,1.9123006747664757,-1.9807071412546904,2.165668859649118,-1.7312579020506635,5.62192401149373,1.620063319774303,2.2067946744792137,2.457149480139045,297.4313204906765,8.22576835024473,6.77350269189626,6.77350269189626,5.966326495188786,4.071367205045919,4.071367205045919,2.732050807568879,2.732050807568879,1.880911470030613,1.880911470030613,1.2612058845650993,1.2612058845650993,-1.5599999999999996,1023.9527289583552,7.108736857548047,3.2249464015776437,1.3739359404482387,72.48849732556099,0.0,0.0,0.0,0.0,0.0,0.0,0.0,0.0,0.0,0.0,60.6636706846161,11.126902983393991,0.0,0.0,0.0,0.0,0.0,0.0,0.0,0.0,0.0,60.6636706846161,11.126902983393991,0.0,0.0,0.0,0.0,0.0,0.0,0.0,0.0,60.6636706846161,0.0,11.126902983393991,0.0,0.0,0.0,0.0,0.0,0.0,11.126902983393991,0.0,12.13273413692322,48.53093654769288,0.0,0.0,0.0,0.0,0.0,2.5520370370370373,0.0,20.781296296296297,0.0,0.0,0.0,0.0,12.0,0.0,0.0,0.0,0.0,0.0,0.0,2.0,0.0,2.0,0.0,0.0,0.0,0.0,0.0,0.0,1.0,0.0,0.0,0.0,0.0,1.9104412790426617,2.0,3.353600000000002,51.87800000000003,0.0,0.0,0.0,0.0,0.0,0.0,0.0,0.0,0.0,0.0,0.0,0.0,0.0,2.0,0.0,0.0,0.0,0.0,0.0,0.0,0.0,0.0,0.0,0.0,other
H40,11.547578976419056,11.547578976419056,0.0388269305578383,-0.0388269305578383,10.458333333333334,428.37700000000007,410.2330000000001,427.0023809160001,128.0,0.0,0.2246911565831246,0.3945450370115549,1.25,2.0,2.6666666666666665,79.9187312751653,10.283473186594753,2.0469832267135124,-2.0844329222732436,2.3106648630387236,-2.1087979397201475,9.102411220504104,-0.1153287707387194,2.543579738945543,2.0255603976554073,683.5227825457847,17.363596551749424,12.828630580320777,16.12555089136312,11.600886748174156,7.314198324345761,9.556148706864514,4.809417780655289,7.216041934719075,2.8981627274095896,4.507280519196942,1.8743074266284765,3.552027606747349,-1.22,226175.11038703765,19.10934362579321,9.926856202668247,6.350639280292179,158.7340603923547,15.740104602853368,10.421058796818908,0.0,5.907179729351506,0.0,0.0,4.794537184071822,4.983978520947208,12.628789148012991,0.0,11.761884949391115,58.0809999154658,28.443931254557697,6.606881964512918,9.901064578912528,57.73304677722356,0.0,4.983978520947208,0.0,16.21178857396156,29.538069185184945,41.00139842975354,0.0,10.633577208012662,11.50524905251859,0.0,40.32061799535346,34.902177622311704,4.794537184071822,0.0,6.4208216229260096,50.79236538078909,0.0,0.0,74.25,0.0,4.794537184071822,12.514061693864424,24.536294413420404,20.08154924470299,0.0,11.761884949391115,36.39820241076966,44.17628877492221,5.106527394840706,0.7255354410875281,9.024610687345694,17.919382873008537,14.754924089950396,0.7706886349581156,1.19741494704314,11.51063612595584,0.3970948473257278,0.5052679088805723,0.0,0.25,24.0,3.0,5.0,0.0,0.0,0.0,1.0,1.0,1.0,2.0,0.0,0.0,6.0,4.0,8.0,1.0,8.0,0.0,0.0,0.0,0.0,7.90398776252601,2.0,3.657900000000002,105.17720000000004,1.0,1.0,1.0,1.0,1.0,1.0,2.0,0.0,0.0,0.0,1.0,2.0,0.0,1.0,0.0,0.0,1.0,0.0,0.0,0.0,0.0,0.0,1.0,0.0,other
L1000,7.569444444444445,7.569444444444445,0.25,0.25,6.0,46.069,40.021,46.041864812,20.0,0.0,0.0402205817490864,0.3966637147812598,2.0,2.0,2.0,16.248991329327918,10.90816803508637,1.3402935186707778,-1.52235869276019,1.296242638214104,-1.568363547035574,3.835802335589486,0.3184056131739115,0.9182958340544896,1.6329931618554523,2.754887502163469,2.7071067811865475,2.1543203766865053,2.1543203766865053,1.4142135623730951,1.0233345472033857,1.0233345472033857,0.3162277660168379,0.3162277660168379,0.0,0.0,0.0,0.0,-0.04,2.754887502163469,2.9600000000000004,1.96,1.9600000000000033,19.89842689442217,5.106527394840706,0.0,0.0,0.0,0.0,0.0,0.0,0.0,0.0,0.0,0.0,6.923737199690624,6.606881964512918,0.0,5.106527394840706,0.0,0.0,0.0,0.0,6.923737199690624,6.606881964512918,0.0,0.0,0.0,0.0,0.0,0.0,11.713409359353625,0.0,0.0,6.923737199690624,0.0,0.0,0.0,20.23,0.0,0.0,6.606881964512918,0.0,0.0,0.0,6.923737199690624,0.0,0.0,5.106527394840706,0.0,0.0,0.0,7.569444444444445,0.0,0.0,0.0,0.0,1.9305555555555556,0.0,1.0,3.0,1.0,1.0,0.0,0.0,0.0,0.0,0.0,0.0,0.0,0.0,0.0,1.0,1.0,1.0,0.0,0.0,0.0,0.0,0.0,0.0,1.9338666666666668,0.0,-0.0014,12.759800000000002,1.0,1.0,0.0,0.0,0.0,0.0,0.0,0.0,0.0,0.0,0.0,0.0,0.0,0.0,0.0,0.0,0.0,0.0,0.0,0.0,0.0,0.0,0.0,0.0,other
PiperonylButoxide,5.7493962532977685,5.7493962532977685,0.3049363797661617,0.3049363797661617,12.75,338.44400000000013,308.204,338.2093240599999,136.0,0.0,0.2308006434911979,0.4535847260382674,0.7916666666666666,1.4166666666666667,2.0833333333333335,16.696930085781094,10.025871892229487,2.164059030890006,-2.1129959651259194,2.3506771836504816,-2.098375207319165,5.482388014713298,0.0100758097537773,3.0376745307837045,1.6321742102088128,475.0701059180237,17.037323138116363,14.974116583750591,14.974116583750591,11.846866552750669,8.993670249161262,8.993670249161262,5.855063875007728,5.855063875007728,3.8579616008891455,3.8579616008891455,2.5309453027170665,2.5309453027170665,-1.3,374214.1631217753,19.030431376738058,11.288510240503102,6.3032766047595485,144.73754560065805,23.684314769000245,0.0,11.49902366656781,6.792942306099827,0.0,0.0,0.0,0.0,0.0,0.0,26.689117645233267,36.10128036616923,6.606881964512918,33.03440982256459,23.684314769000245,0.0,0.0,0.0,0.0,46.1376428555982,39.827352128664415,23.259637120317212,11.49902366656781,9.473725907600098,0.0,11.49902366656781,0.0,39.827352128664415,27.238292448839076,0.0,44.23684225155327,12.13273413692322,0.0,0.0,46.150000000000006,0.0,0.0,0.0,39.827352128664415,43.78919212278477,11.126902983393991,0.0,6.06636706846161,19.913841467842857,23.684314769000245,27.60799664607838,0.0,0.0,0.0,2.440732839870855,1.65512722863759,4.115497714590081,4.377014216137228,8.47029802135253,0.0,0.6842105263157895,24.0,0.0,5.0,0.0,1.0,1.0,0.0,1.0,0.0,1.0,0.0,0.0,5.0,0.0,5.0,1.0,13.0,0.0,0.0,0.0,0.0,8.951050811562462,2.0,3.7177000000000024,92.76200000000009,0.0,0.0,0.0,0.0,0.0,0.0,0.0,0.0,0.0,0.0,0.0,0.0,1.0,1.0,1.0,5.0,0.0,0.0,0.0,0.0,0.0,0.0,0.0,1.0,other
chlorothalonil,8.704536407155455,8.704536407155455,0.0362654320987647,-0.0746296296296291,9.285714285714286,265.914,265.914,263.88155872,70.0,0.0,0.1023786788740038,0.1923229001143206,0.6428571428571429,1.0,1.2857142857142858,35.50069559863489,10.132631376421894,2.1917384017738093,-2.05369567614446,2.3977344786455763,-1.887548796941588,6.503035179724944,1.4460403234362809,2.1641757289633556,3.7817196239994977,440.5804759440678,10.878315177510853,6.406285083036824,9.430000867110644,6.540111220059324,3.203142541518412,4.715000433555321,2.229535743768433,3.741393635805343,1.486982078692391,3.1923040691486455,0.8298680485500368,1.899925919328703,-0.6399999999999999,1177.3115965560655,11.434850299401196,4.255635544020216,1.6287921069730855,100.1595116187543,0.0,12.138442625584547,0.0,0.0,0.0,0.0,0.0,0.0,10.523783109476971,0.0,46.40375956093006,0.0,0.0,31.217436238359294,0.0,46.40375956093006,10.523783109476971,0.0,0.0,0.0,0.0,31.217436238359294,12.138442625584547,0.0,0.0,0.0,46.40375956093006,0.0,0.0,22.66222573506152,11.126902983393991,0.0,20.090533254965305,0.0,47.58,0.0,0.0,31.217436238359294,0.0,0.0,0.0,12.138442625584547,0.0,0.0,56.92754267040704,0.0,22.811976568405136,0.0,17.220708616780048,-0.0846604938271595,0.0,3.49641975308642,0.0,0.0,0.0,0.0,14.0,0.0,2.0,0.0,0.0,0.0,0.0,1.0,0.0,1.0,0.0,0.0,2.0,0.0,6.0,0.0,0.0,0.0,0.0,0.0,0.0,3.4758968124772816,1.0,4.04356,55.912000000000006,0.0,0.0,0.0,0.0,0.0,2.0,0.0,0.0,0.0,0.0,0.0,0.0,0.0,1.0,0.0,0.0,4.0,0.0,0.0,2.0,0.0,0.0,0.0,0.0,other pesticide
pentachlorophenol,9.200987654320986,9.200987654320986,0.0090432098765425,-0.3632098765432092,10.416666666666666,266.33799999999997,265.33,263.847003052,66.0,0.0,0.1554578230276599,0.5047430525360218,0.5833333333333334,0.8333333333333334,1.1666666666666667,35.502568113069785,10.314709771715224,2.17495916143332,-2.0582719017673337,2.4675927772086603,-1.7848574746363617,6.55208347634766,0.4757325841893683,2.0815718239857546,3.603567451474547,230.20322477240757,9.464101615137752,5.3370359605460935,9.116680690638368,5.464101615137754,2.668517980273047,4.558340345319183,1.9185179802730468,3.808340345319184,1.1866315584665184,3.4434307347924333,0.5933157792332591,1.721715367396217,0.4699999999999999,416.3143647971509,10.550192461908578,3.68572552572852,1.5681178591367897,93.74196800610132,5.106527394840706,10.045266627482652,5.749511833283905,0.0,0.0,0.0,0.0,0.0,0.0,0.0,58.00469945116258,0.0,0.0,15.067899941223978,5.106527394840706,58.00469945116258,0.0,0.0,0.0,0.0,0.0,25.11316656870663,5.749511833283905,0.0,0.0,5.749511833283905,58.00469945116258,5.106527394840706,0.0,0.0,0.0,0.0,25.11316656870663,0.0,20.23,0.0,5.106527394840706,30.86267840199054,0.0,0.0,0.0,0.0,0.0,0.0,58.00469945116258,0.0,27.90413580246913,0.0,9.014629629629631,0.0,-0.3632098765432092,0.0,0.0,0.0,0.0,0.0,12.0,1.0,1.0,0.0,0.0,0.0,0.0,1.0,0.0,1.0,0.0,0.0,1.0,1.0,6.0,0.0,0.0,0.0,0.0,0.0,0.0,3.2404261381837554,1.0,4.6592,53.15680000000001,0.0,0.0,0.0,0.0,0.0,0.0,0.0,0.0,0.0,0.0,0.0,0.0,0.0,1.0,0.0,0.0,5.0,0.0,0.0,0.0,0.0,0.0,0.0,0.0,other pesticide
quinoxyfen,12.885649368435262,12.885649368435262,0.3178234998638436,-0.3178234998638436,10.75,308.13899999999995,300.075,306.996697456,100.0,0.0,0.1393661555358449,0.4565481423143029,1.0,1.75,2.5,35.49683537166785,10.173876989365414,2.095649695091704,-2.0963712306634292,2.352445506620468,-1.886504875595464,6.385107725357089,0.4854661767278622,2.40622052046577,2.0944528914451297,774.675566551701,14.11251969619286,10.10815745850851,11.62001535054542,9.631030293135236,5.805076898828161,6.561005844846616,4.146808036609997,4.990443943822588,2.761563399866154,3.2778724717247565,1.8890154923515852,2.464813235065289,-1.8399999999999992,42917.34920302747,13.157378117913831,5.270174036252378,2.550486487436766,124.27542292443916,4.736862953800049,17.316244507613703,0.0,0.0,0.0,0.0,4.983978520947208,4.39041504767482,0.0,0.0,23.20187978046503,42.46456947923127,11.219476885354403,15.925558245822383,9.127278001474869,34.10480471254609,0.0,4.983978520947208,0.0,0.0,0.0,64.52390051937289,11.49902366656781,4.736862953800049,4.39041504767482,11.49902366656781,23.20187978046503,4.983978520947208,0.0,5.817220841045894,0.0,48.66141305084435,10.045266627482652,10.902924932081056,22.12,0.0,4.39041504767482,5.817220841045894,32.44721522613152,0.0,12.13273413692322,36.52867891392113,0.0,4.983978520947208,27.938742734265084,18.618779564958317,12.141452125182282,4.210379083732258,1.6338291945948884,0.6408441463004957,0.7453167747645266,10.79328028330674,1.6050077160493827,0.0,0.0,0.0,20.0,0.0,2.0,0.0,0.0,0.0,0.0,2.0,1.0,3.0,0.0,0.0,2.0,0.0,5.0,1.0,2.0,0.0,0.0,0.0,0.0,3.4670836271092327,3.0,5.4730000000000025,78.23700000000002,0.0,0.0,1.0,0.0,0.0,1.0,0.0,0.0,0.0,0.0,0.0,0.0,0.0,2.0,1.0,1.0,3.0,0.0,0.0,0.0,0.0,0.0,1.0,0.0,other pesticide
trifluralin,12.844830089443183,12.844830089443183,0.2647663926681782,-4.908340655706728,11.347826086956522,335.28200000000004,319.154,335.10929065199997,128.0,0.0,0.416414443655772,0.416414443655772,1.0,1.391304347826087,1.6521739130434785,19.41318207995752,10.090056498341951,2.384602951581411,-2.2326056736201148,2.4270120746551997,-2.266414185763967,5.76023818832512,-0.3925979096432907,2.4402512812373476,3.6993779362256016,563.6129198986837,17.78409257144667,12.59165503050845,12.59165503050845,10.628446183176258,6.919433478890023,6.919433478890023,4.86213135417773,4.86213135417773,3.093677114331587,3.093677114331587,2.245438727014827,2.245438727014827,-2.390000000000001,62314.25671767691,18.65852013585638,7.2484255198207075,4.299219696317904,129.54838924425488,4.899909730850477,0.0,5.687386274683562,0.0,11.374772549367124,6.176298517443475,20.228636537531145,0.0,13.17124514302446,0.0,13.847474399381248,12.84164324585202,25.22224694874837,15.410073589332338,23.0178672406598,17.062158824050687,0.0,0.0,0.0,32.865416162676745,17.989422542675626,37.92482216615136,0.0,4.899909730850477,30.233403967075148,0.0,0.0,22.936134909460492,6.176298517443475,20.228636537531145,32.25256913693026,12.13273413692322,0.0,0.0,89.52,32.961144656142935,33.3998816805556,18.776899086508713,24.97437738277524,0.0,4.899909730850477,13.847474399381248,0.0,0.0,0.0,38.53449026832955,0.0,21.704739229024945,22.35532690854119,-3.6054195011337864,0.0,0.6957407407407405,-3.8342715419501143,4.066060563114134,0.0,0.5384615384615384,23.0,0.0,7.0,0.0,0.0,0.0,0.0,1.0,0.0,1.0,0.0,0.0,5.0,0.0,10.0,0.0,7.0,0.0,0.0,0.0,0.0,5.880212761514344,1.0,4.148200000000004,77.54780000000001,0.0,0.0,0.0,0.0,0.0,3.0,0.0,0.0,3.0,0.0,0.0,1.0,0.0,1.0,0.0,0.0,3.0,0.0,0.0,0.0,2.0,2.0,0.0,0.0,other pesticide
anthracene,2.2407407407407405,2.2407407407407405,1.3112962962962964,1.3112962962962964,10.857142857142858,178.23399999999995,168.15399999999997,178.07825032,66.0,0.0,-0.0177651677696976,0.0616293497845887,0.4285714285714285,0.7142857142857143,1.0,13.991352165126289,10.041217094255412,1.9465697763062877,-2.003902281770427,2.2145351441983565,-1.7403762758928052,5.974985320549642,1.764859750005029,2.2605062195621475,2.5237326453890008,488.7590985891403,9.38046888862398,7.77350269189626,7.77350269189626,6.932652990377571,4.809401076758505,4.809401076758505,3.5465093652269,3.5465093652269,2.61403104906987,2.61403104906987,1.882638631877587,1.882638631877587,-1.8199999999999992,3255.1289561694925,7.571439103526888,2.8450836230123144,1.080316882093769,82.79473218296737,0.0,0.0,0.0,0.0,0.0,0.0,0.0,0.0,0.0,0.0,48.53093654769288,33.677630994782405,0.0,0.0,0.0,21.544896857859182,0.0,0.0,0.0,0.0,0.0,60.6636706846161,0.0,0.0,0.0,0.0,0.0,0.0,0.0,0.0,0.0,60.6636706846161,0.0,21.544896857859182,0.0,0.0,0.0,0.0,0.0,0.0,21.544896857859182,0.0,0.0,60.6636706846161,0.0,0.0,0.0,0.0,5.245185185185186,0.0,0.0,21.42148148148148,0.0,0.0,0.0,0.0,14.0,0.0,0.0,0.0,0.0,0.0,0.0,3.0,0.0,3.0,0.0,0.0,0.0,0.0,0.0,0.0,0.0,0.0,0.0,0.0,0.0,1.5386698140056707,3.0,3.993000000000002,61.45400000000003,0.0,0.0,0.0,0.0,0.0,0.0,0.0,0.0,0.0,0.0,0.0,0.0,0.0,3.0,2.0,0.0,0.0,0.0,0.0,0.0,0.0,0.0,0.0,0.0,PAH
benzo(a)pyrene,2.309074074074074,2.309074074074074,1.3179454837490554,1.3179454837490554,12.0,252.316,240.2199999999999,252.093900384,92.0,0.0,-0.0020351483441468,0.0616286392192435,0.4,1.1,2.0,14.126846279404475,9.910302212042632,2.094115295590412,-2.1228891175133775,2.375276775749175,-1.846005824737543,6.2828822351626625,1.7826781613557423,2.518598159082093,2.230840176230173,1069.7218869027129,13.10408352775558,10.928203230275514,10.928203230275514,9.915816237971963,6.970084679281463,6.970084679281463,5.453738644055911,5.453738644055911,4.37090389940122,4.37090389940122,3.489493840691964,3.489493840691964,-2.5999999999999988,105539.33725817603,10.21902349550179,3.486521567643158,1.1630091486510117,116.13708612657338,0.0,0.0,0.0,0.0,0.0,0.0,0.0,0.0,0.0,0.0,66.73003775307771,49.156160784179974,0.0,0.0,0.0,43.089793715718365,0.0,0.0,0.0,0.0,0.0,72.79640482153933,0.0,0.0,0.0,0.0,0.0,0.0,0.0,0.0,0.0,72.79640482153933,0.0,43.089793715718365,0.0,0.0,0.0,0.0,0.0,0.0,43.089793715718365,0.0,0.0,72.79640482153933,0.0,0.0,0.0,0.0,10.82069397203326,0.0,0.0,26.51263936130007,0.0,0.0,0.0,0.0,20.0,0.0,0.0,0.0,0.0,0.0,0.0,5.0,0.0,5.0,0.0,0.0,0.0,0.0,0.0,0.0,0.0,0.0,0.0,0.0,0.0,1.7814422908659584,5.0,5.737200000000003,87.65200000000003,0.0,0.0,0.0,0.0,0.0,0.0,0.0,0.0,0.0,0.0,0.0,0.0,0.0,5.0,2.0,0.0,0.0,0.0,0.0,0.0,0.0,0.0,0.0,0.0,PAH
ibuprofen,10.762425070336777,10.762425070336777,0.4184259259259262,-0.7716577958343829,12.8,206.28499999999997,188.14099999999996,206.130679816,82.0,0.0,0.3101853515323108,0.4807885019257389,1.2,1.7333333333333334,2.1333333333333333,16.36640479713451,9.96847176089875,2.123540108955398,-2.0857579653870717,2.1688935075416427,-2.068800465423949,5.749768182058132,-0.13786206865191,2.1655069394400757,2.7590371332701524,324.8941190021566,11.422285251880869,9.526670282288125,9.526670282288125,7.002907755397974,5.320300905843471,5.320300905843471,4.3994781236223774,4.3994781236223774,2.4940956097181957,2.4940956097181957,1.556376775771452,1.556376775771452,-1.31,1862.335967918465,11.763046018991965,4.964460295417243,3.387630631562938,90.941753772513,5.106527394840706,0.0,0.0,0.0,0.0,5.969305287951848,4.794537184071822,0.0,0.0,0.0,38.112942673227685,30.38936785217202,0.0,5.917906046161393,9.901064578912528,5.969305287951848,0.0,0.0,5.917906046161393,33.10993926815928,0.0,35.392371257240434,0.0,0.0,0.0,0.0,0.0,11.075832682792557,11.21535880699783,5.917906046161393,37.81602062862726,24.26546827384644,0.0,0.0,37.3,11.887211334113244,4.794537184071822,0.0,5.917906046161393,11.984273114623004,5.563451491696996,6.923737199690624,24.26546827384644,13.847474399381248,5.106527394840706,0.0,0.0,10.762425070336777,8.850157339170236,2.1401341647770225,-0.5579103678508441,7.871574074074074,1.04338529856387,6.056901087595532,0.0,0.4615384615384615,15.0,1.0,2.0,0.0,0.0,0.0,0.0,1.0,0.0,1.0,1.0,0.0,1.0,1.0,2.0,0.0,4.0,0.0,0.0,0.0,1.0,3.893144994296765,1.0,3.073200000000001,61.03480000000004,0.0,0.0,0.0,1.0,0.0,0.0,0.0,0.0,0.0,0.0,0.0,0.0,0.0,1.0,0.0,0.0,0.0,0.0,0.0,0.0,0.0,0.0,0.0,0.0,PPCP
verapamil,10.2421053405546,10.2421053405546,0.1645103064136459,-0.5796218690994226,12.848484848484848,454.6110000000003,416.30700000000024,454.283157696,180.0,0.0,0.1605443175268939,0.4928699786635633,0.8484848484848485,1.4242424242424243,1.9696969696969695,16.512200901098844,9.694752867535843,2.3593277045457106,-2.3227917977454844,2.4007298107357418,-2.323057175160692,5.471867144281715,0.2922567453199359,2.840656625635782,2.0233334188492673,938.2039770028956,24.432510652501765,21.10440614311549,21.10440614311549,15.842432787502403,11.379315865652575,11.379315865652575,8.653784144576882,8.653784144576882,6.424875284976213,6.424875284976213,4.225326818167966,4.225326818167966,-2.9099999999999997,15777873.299051952,26.343179198047235,12.362155765232773,6.326433951969804,198.56922331120975,23.84736154605067,0.0,22.99804733313562,0.0,0.0,0.0,0.0,0.0,5.261891554738487,0.0,25.980208536304467,74.16517056076962,6.544756405912575,39.92340194729918,18.947451815200196,0.0,5.261891554738487,4.899909730850477,5.917906046161393,38.52492973755605,48.576374959612465,47.52510539416365,29.067268645927893,18.947451815200196,0.0,22.99804733313562,0.0,53.47628469046295,11.835812092322788,17.249018913692154,37.81602062862726,36.39820241076966,0.0,0.0,63.95,5.414990469396779,5.261891554738487,5.917906046161393,11.49902366656781,49.41445283886799,5.563451491696996,28.439190165110137,30.33183534230805,37.9306444941628,18.947451815200196,21.583324082126506,0.0,2.3132679568741077,10.2421053405546,1.6046474762988463,2.9873437787268267,14.511702267869502,2.611084525448425,6.060729342286187,8.669128563148337,0.5185185185185185,33.0,0.0,6.0,0.0,0.0,0.0,0.0,2.0,0.0,2.0,1.0,0.0,6.0,0.0,6.0,0.0,13.0,0.0,0.0,0.0,1.0,9.86843892720302,2.0,5.093080000000005,131.656,0.0,0.0,0.0,0.0,0.0,2.0,0.0,0.0,0.0,0.0,0.0,0.0,0.0,2.0,0.0,4.0,0.0,0.0,4.0,1.0,0.0,0.0,0.0,0.0,PPCP
1-2Dichloroethane,5.054012345679012,5.054012345679012,0.5570987654320989,0.5570987654320989,7.5,98.96,94.928,97.969005488,26.0,0.0,0.0358892034480996,0.1254234307488161,1.0,1.25,1.25,35.498558017336876,10.970234924568343,1.612704084033165,-1.6285173297622817,1.745902114921951,-1.6333332020997315,6.254551773714507,1.5224887609926128,1.3709505944546687,1.9747448713915896,6.0,3.414213562373095,2.1701425083915495,3.682000400428458,1.914213562373095,1.0345224838248486,2.103567451474546,0.3779644730092271,1.1338934190276817,0.0714285714285714,0.6428571428571428,0.0,0.0,0.58,6.854752972273344,4.58,3.5799999999999996,2.58,35.71072559598951,0.0,0.0,0.0,0.0,0.0,0.0,0.0,0.0,0.0,23.20187978046503,0.0,0.0,11.760006889940678,0.0,0.0,23.20187978046503,0.0,0.0,0.0,0.0,11.760006889940678,0.0,0.0,0.0,0.0,0.0,23.20187978046503,11.760006889940678,0.0,0.0,0.0,0.0,0.0,0.0,0.0,0.0,0.0,0.0,11.760006889940678,0.0,0.0,0.0,0.0,0.0,23.20187978046503,0.0,10.108024691358024,0.0,0.0,0.0,1.1141975308641978,0.0,0.0,0.0,0.0,1.0,4.0,0.0,0.0,0.0,0.0,0.0,0.0,0.0,0.0,0.0,0.0,0.0,0.0,0.0,2.0,0.0,1.0,0.0,0.0,0.0,0.0,4.0991,0.0,1.464,21.43999999999999,0.0,0.0,0.0,0.0,0.0,0.0,0.0,0.0,2.0,0.0,0.0,0.0,0.0,0.0,0.0,0.0,2.0,0.0,0.0,0.0,0.0,0.0,0.0,0.0,solvent
124-Trichlorobenzene,5.5975617283950605,5.5975617283950605,0.4899691358024696,0.4899691358024696,9.666666666666666,181.449,178.42499999999998,179.930033136,48.0,0.0,0.0606613048593648,0.0842870944577313,0.8888888888888888,1.5555555555555556,2.0,35.499014189005436,10.35889204397731,1.94444509340604,-1.9221996547994895,2.238868415858722,-1.659379504092596,6.4263588622458006,1.704596867560242,1.7965675742516063,3.1716780304409156,219.5429995478469,6.85337115112852,4.365944226596559,6.633731064651922,4.198377302757662,2.304980581226426,3.4388740002541076,1.558430718868818,2.8092667528220145,0.8816474954669951,1.85577387699275,0.4704998499972052,0.9965423302231506,0.0899999999999999,104.20091930659318,7.200011001100109,2.7822002817304186,1.751071234522005,68.34120180014197,0.0,0.0,0.0,0.0,0.0,0.0,0.0,0.0,0.0,0.0,34.802819670697545,18.19910120538483,5.022633313741326,10.045266627482652,0.0,34.802819670697545,0.0,0.0,0.0,0.0,0.0,33.267001146608806,0.0,0.0,0.0,0.0,34.802819670697545,0.0,0.0,0.0,0.0,18.19910120538483,15.067899941223978,0.0,0.0,0.0,0.0,0.0,15.067899941223978,0.0,0.0,18.19910120538483,0.0,0.0,34.802819670697545,0.0,16.76148148148148,0.0,1.620030864197532,0.0,0.0,4.951820987654321,0.0,0.0,0.0,0.0,9.0,0.0,0.0,0.0,0.0,0.0,0.0,1.0,0.0,1.0,0.0,0.0,0.0,0.0,3.0,0.0,0.0,0.0,0.0,0.0,0.0,2.2257636261914264,1.0,3.6468000000000007,41.47200000000001,0.0,0.0,0.0,0.0,0.0,0.0,0.0,0.0,0.0,0.0,0.0,0.0,0.0,1.0,0.0,0.0,3.0,0.0,0.0,0.0,0.0,0.0,0.0,0.0,solvent
acetone,9.444444444444445,9.444444444444445,0.1666666666666669,0.1666666666666669,6.5,58.08,52.032,58.041864812,24.0,0.0,0.1262679435601437,0.3003439026871919,1.5,1.5,1.5,16.136528004376032,10.55082225459374,1.619125488728841,-1.55783636544892,1.500722222389012,-1.6913205217908889,5.717069246232807,-0.114492595333523,0.8112781244591328,2.803039487674051,26.264662506490403,3.5773502691896257,2.908248290463863,2.908248290463863,1.7320508075688772,1.2041241452319316,1.2041241452319316,0.9082482904638632,0.9082482904638632,0.0,0.0,0.0,0.0,-0.33,3.2451124978365313,3.67,1.0445318352059925,6.883957759412302,25.63065735666653,4.794537184071822,5.783244946364939,0.0,0.0,0.0,0.0,0.0,0.0,0.0,0.0,0.0,13.847474399381248,0.0,0.0,4.794537184071822,5.783244946364939,0.0,0.0,0.0,13.847474399381248,0.0,0.0,0.0,0.0,0.0,0.0,0.0,5.783244946364939,4.794537184071822,0.0,13.847474399381248,0.0,0.0,0.0,17.07,0.0,4.794537184071822,5.783244946364939,0.0,0.0,13.847474399381248,0.0,0.0,0.0,0.0,0.0,0.0,9.444444444444445,0.0,0.0,0.1666666666666669,0.0,0.0,3.0555555555555554,0.0,0.6666666666666666,4.0,0.0,1.0,0.0,0.0,0.0,0.0,0.0,0.0,0.0,0.0,0.0,1.0,0.0,1.0,0.0,0.0,0.0,0.0,0.0,0.0,0.958357958801498,0.0,0.5952999999999999,16.355,0.0,0.0,0.0,1.0,1.0,0.0,0.0,0.0,0.0,0.0,0.0,0.0,0.0,0.0,0.0,0.0,0.0,0.0,0.0,0.0,0.0,0.0,0.0,0.0,solvent
acrylic acid,9.25,9.25,0.8333333333333333,-0.9814814814814812,6.4,72.06299999999999,68.031,72.021129368,28.0,0.0,0.3271981122452583,0.4780891485530972,2.0,2.2,2.2,16.364473207101216,10.68151440868254,1.7299978202955717,-1.6399993695600228,1.5417772905202745,-1.815186808716104,5.783563706313226,-0.1309031732899962,1.3787834934861756,3.204805417886435,55.91340299823497,4.284457050376173,2.639918936339994,2.639918936339994,2.270055610029662,1.1246543680405865,1.1246543680405865,0.5423618132207977,0.5423618132207977,0.174620426250861,0.174620426250861,0.0,0.0,-0.79,9.65148445440323,4.21,1.5215264797507788,3.21,29.735288076678287,5.106527394840706,0.0,0.0,0.0,0.0,5.969305287951848,0.0,4.794537184071822,0.0,0.0,6.578935683598497,0.0,6.076020106833881,0.0,9.901064578912528,5.969305287951848,0.0,0.0,0.0,0.0,0.0,12.654955790432378,0.0,0.0,0.0,0.0,0.0,11.075832682792557,4.794537184071822,0.0,0.0,12.654955790432378,0.0,0.0,37.3,5.969305287951848,4.794537184071822,0.0,0.0,6.076020106833881,0.0,0.0,0.0,6.578935683598497,5.106527394840706,0.0,0.0,9.25,7.604166666666666,0.0,-0.9814814814814812,0.0,0.8333333333333333,2.960648148148148,0.0,0.0,5.0,1.0,2.0,0.0,0.0,0.0,0.0,0.0,0.0,0.0,0.0,0.0,1.0,1.0,2.0,0.0,1.0,0.0,0.0,0.0,0.0,1.2811252959501558,0.0,0.2569999999999999,17.8328,0.0,0.0,0.0,1.0,0.0,0.0,0.0,0.0,0.0,0.0,0.0,0.0,0.0,0.0,0.0,0.0,0.0,0.0,0.0,0.0,0.0,0.0,0.0,0.0,solvent
benzene,2.0,2.0,2.0,2.0,8.0,78.11399999999999,72.06599999999999,78.046950192,30.0,0.0,-0.0622685707820924,0.0622685707820924,0.3333333333333333,0.5,0.6666666666666666,13.646993161855452,10.37900683814456,1.5737245910733595,-1.6942617326375444,1.794093161855451,-1.4738931618554545,4.985993161855451,1.718006838144549,1.719973094021975,3.000000000000001,71.96100505779535,4.242640687119286,3.464101615137755,3.464101615137755,3.0,2.0000000000000004,2.0000000000000004,1.154700538379252,1.154700538379252,0.6666666666666671,0.6666666666666671,0.3849001794597507,0.3849001794597507,-0.78,34.3994618804395,3.4115708812260532,1.6057694396735218,0.5823992601400448,37.43140311949697,0.0,0.0,0.0,0.0,0.0,0.0,0.0,0.0,0.0,0.0,36.39820241076966,0.0,0.0,0.0,0.0,0.0,0.0,0.0,0.0,0.0,0.0,36.39820241076966,0.0,0.0,0.0,0.0,0.0,0.0,0.0,0.0,0.0,36.39820241076966,0.0,0.0,0.0,0.0,0.0,0.0,0.0,0.0,0.0,0.0,36.39820241076966,0.0,0.0,0.0,0.0,0.0,0.0,0.0,0.0,12.0,0.0,0.0,0.0,0.0,6.0,0.0,0.0,0.0,0.0,0.0,0.0,1.0,0.0,1.0,0.0,0.0,0.0,0.0,0.0,0.0,0.0,0.0,0.0,0.0,0.0,0.9130327103921436,1.0,1.6866,26.441999999999993,0.0,0.0,0.0,0.0,0.0,0.0,0.0,0.0,0.0,0.0,0.0,0.0,0.0,1.0,0.0,0.0,0.0,0.0,0.0,0.0,0.0,0.0,0.0,0.0,solvent
hydrazine,4.0,4.0,4.0,4.0,3.0,32.046,28.014,32.037448128,14.0,0.0,-0.2741388281085758,0.2741388281085758,1.0,1.0,1.0,15.006999999999998,13.006999999999998,0.7258611718914241,-1.2741388281085757,-0.0189999999999998,-2.019,3.2619999999999996,1.2619999999999998,1.0,1.0,0.0,2.0,1.1547005383792517,1.1547005383792517,1.0,0.3333333333333334,0.3333333333333334,0.0,0.0,0.0,0.0,0.0,0.0,-0.08,2.0,1.9199999999999997,0.9200000000000016,-14.580000000000016,13.024226327693349,0.0,0.0,0.0,0.0,0.0,0.0,11.685340540532478,0.0,0.0,0.0,0.0,0.0,0.0,0.0,0.0,0.0,0.0,0.0,11.685340540532478,0.0,0.0,0.0,0.0,11.685340540532478,0.0,0.0,0.0,0.0,0.0,0.0,0.0,0.0,0.0,0.0,52.04,0.0,0.0,0.0,0.0,0.0,0.0,0.0,0.0,11.685340540532478,0.0,0.0,0.0,0.0,0.0,0.0,8.0,0.0,0.0,0.0,0.0,0.0,2.0,4.0,2.0,0.0,0.0,0.0,0.0,0.0,0.0,0.0,0.0,0.0,2.0,2.0,2.0,0.0,0.0,0.0,0.0,0.0,0.0,0.8832000000000012,0.0,-1.1812,8.3748,0.0,0.0,0.0,0.0,0.0,0.0,0.0,2.0,0.0,0.0,0.0,0.0,0.0,0.0,0.0,0.0,0.0,1.0,0.0,0.0,0.0,0.0,0.0,0.0,solvent
nitric acid,8.36111111111111,8.36111111111111,1.5,-1.5,6.0,63.01200000000001,62.004000000000005,62.995642892000006,24.0,0.0,0.2912954790944709,0.3277520249285433,2.0,2.0,2.0,16.87317440486154,13.134757125847123,1.6506178161317808,-1.556407554087673,1.3780625324686728,-1.809588415731418,3.831460780433154,-0.7424608904065827,0.8112781244591328,2.803039487674051,26.264662506490403,3.5773502691896257,1.710923771927642,1.710923771927642,1.7320508075688772,0.5651483716701108,0.5651483716701108,0.2378349154355382,0.2378349154355382,0.0,0.0,0.0,0.0,-0.8,3.2451124978365313,3.2,0.6545454545454547,0.0750000000000001,21.775556887606736,5.20725302477729,0.0,0.0,0.0,5.086619042932543,0.0,0.0,0.0,0.0,10.114318268765572,0.0,0.0,0.0,0.0,10.293872067709833,0.0,0.0,0.0,0.0,0.0,0.0,10.114318268765572,0.0,0.0,0.0,0.0,0.0,10.293872067709833,0.0,10.114318268765572,0.0,0.0,0.0,0.0,63.370000000000005,5.086619042932543,0.0,0.0,0.0,0.0,0.0,0.0,0.0,0.0,15.321571293542863,0.0,0.0,8.36111111111111,13.63888888888889,0.0,0.0,0.0,0.0,0.0,0.0,0.0,4.0,1.0,4.0,0.0,0.0,0.0,0.0,0.0,0.0,0.0,0.0,0.0,2.0,1.0,4.0,0.0,0.0,0.0,0.0,0.0,0.0,0.5236363636363638,0.0,-0.3477,8.7809,0.0,0.0,0.0,0.0,0.0,1.0,0.0,0.0,0.0,0.0,0.0,0.0,0.0,0.0,0.0,0.0,0.0,0.0,0.0,0.0,0.0,0.0,0.0,0.0,solvent
tetrachloroethylene,4.993827160493827,4.993827160493827,0.0987654320987647,-0.0987654320987649,8.0,165.834,165.834,163.87541072,36.0,0.0,0.1364417932720134,0.1364417932720134,0.6666666666666666,0.8333333333333334,0.8333333333333334,35.543795903521655,11.221517558122912,1.8759279385243848,-1.754816993950027,2.195521962341773,-1.4747103791520777,6.672996403618484,2.251521850095896,1.3609640474436813,3.675948764555208,55.61727061434748,5.1547005383792515,2.5118578920369092,5.535573676110726,2.6427344100918364,1.0059289460184544,2.5177868380553634,0.52082161586637,2.4196077047419675,0.1428571428571428,1.2857142857142858,0.0,0.0,0.8999999999999999,13.609640474436812,6.900000000000001,2.975404326822096,3.104081632653062,55.6276550175686,0.0,8.982936348315857,0.0,0.0,0.0,0.0,0.0,0.0,0.0,0.0,46.40375956093006,0.0,0.0,0.0,0.0,46.40375956093006,0.0,0.0,0.0,0.0,0.0,8.982936348315857,0.0,0.0,0.0,0.0,46.40375956093006,0.0,0.0,0.0,0.0,8.982936348315857,0.0,0.0,0.0,0.0,0.0,8.982936348315857,0.0,0.0,0.0,0.0,0.0,0.0,46.40375956093006,-0.1975308641975297,19.975308641975307,0.0,0.0,0.0,0.0,0.0,0.0,0.0,0.0,0.0,6.0,0.0,0.0,0.0,0.0,0.0,0.0,0.0,0.0,0.0,0.0,0.0,0.0,0.0,4.0,0.0,0.0,0.0,0.0,0.0,0.0,3.4217149758454113,0.0,3.0682,30.438,0.0,0.0,0.0,0.0,0.0,0.0,0.0,0.0,0.0,0.0,0.0,0.0,0.0,0.0,0.0,0.0,4.0,0.0,0.0,0.0,0.0,0.0,0.0,0.0,solvent
123-trichlorobenzene,5.613765432098765,5.613765432098765,0.4174382716049387,0.4174382716049387,9.666666666666666,181.449,178.42499999999998,179.930033136,48.0,0.0,0.0777950410230942,0.0826555679210312,0.8888888888888888,1.3333333333333333,1.6666666666666667,35.49994069905176,10.358676907309334,1.9822844948465512,-1.9384671092892396,2.280657345189872,-1.6723829156712866,6.4741478437772555,1.7045030686844014,1.8289585849367005,3.2478347337367026,199.29299954784688,6.85337115112852,4.365944226596559,6.633731064651922,4.21521405516327,2.3109636453701334,3.444857064397815,1.5356409209032411,2.7280056473936805,0.9044711161625654,2.1350761296712277,0.4774825582937496,1.0009153974292928,0.0899999999999999,109.73751509620202,7.200011001100109,2.7822002817304186,1.5113363246814933,68.34120180014199,0.0,0.0,0.0,0.0,0.0,0.0,0.0,0.0,0.0,0.0,40.86918673915916,12.13273413692322,0.0,15.067899941223978,0.0,34.802819670697545,0.0,0.0,0.0,0.0,0.0,33.26700114660881,0.0,0.0,0.0,0.0,34.802819670697545,0.0,0.0,0.0,0.0,18.19910120538483,15.067899941223978,0.0,0.0,0.0,0.0,0.0,15.067899941223978,0.0,0.0,18.19910120538483,0.0,0.0,34.802819670697545,0.0,16.808888888888887,0.0,1.397376543209878,0.0,0.0,5.127067901234568,0.0,0.0,0.0,0.0,9.0,0.0,0.0,0.0,0.0,0.0,0.0,1.0,0.0,1.0,0.0,0.0,0.0,0.0,3.0,0.0,0.0,0.0,0.0,0.0,0.0,2.2257636261914264,1.0,3.6468000000000007,41.47200000000001,0.0,0.0,0.0,0.0,0.0,0.0,0.0,0.0,0.0,0.0,0.0,0.0,0.0,1.0,0.0,0.0,3.0,0.0,0.0,0.0,0.0,0.0,0.0,0.0,solvent
trichloroethylene,4.9567901234567895,4.9567901234567895,0.0895061728395067,0.0895061728395067,7.0,131.389,130.381,129.914383072,30.0,0.0,0.1176031867403948,0.1176031867403948,1.4,1.6,1.6,35.53934101259008,11.24175916168245,1.70133481820837,-1.6398831051025773,2.0542662292372333,-1.3339745863707675,6.578145152858435,2.3625631189483385,1.3787834934861756,3.1431973062780685,42.854752972273346,4.284457050376173,2.2112436882173077,4.479030526272671,2.270055610029662,0.8848574978400325,2.077222224330472,0.39875540678256,1.6248376489191083,0.0824786098842322,0.7423074889580903,0.0,0.0,0.6099999999999999,9.65148445440323,5.609999999999999,2.826919739696312,4.6099999999999985,45.324388790686925,0.0,4.491468174157928,0.0,0.0,0.0,0.0,0.0,0.0,0.0,0.0,34.802819670697545,0.0,5.535201928878213,0.0,0.0,34.802819670697545,0.0,0.0,0.0,0.0,0.0,10.026670103036142,0.0,0.0,0.0,0.0,34.802819670697545,0.0,0.0,0.0,0.0,10.026670103036142,0.0,0.0,0.0,0.0,0.0,4.491468174157928,0.0,5.535201928878213,0.0,0.0,0.0,0.0,34.802819670697545,0.0895061728395067,14.824074074074073,0.0,0.0,1.08641975308642,0.0,0.0,0.0,0.0,0.0,0.0,5.0,0.0,0.0,0.0,0.0,0.0,0.0,0.0,0.0,0.0,0.0,0.0,0.0,0.0,3.0,0.0,0.0,0.0,0.0,0.0,0.0,3.1718039479392615,0.0,2.5017000000000005,25.642,0.0,0.0,0.0,0.0,0.0,0.0,0.0,0.0,0.0,0.0,0.0,0.0,0.0,0.0,0.0,0.0,3.0,0.0,0.0,0.0,0.0,0.0,0.0,0.0,solvent
