name;substance_type;CAS_nb;SMILES;detected
carbaryl;insecticide;63-25-2;CNC(=O)OC1=CC=CC2=CC=CC=C21;1
chlorpyrifos;insecticide;2921-88-2;CCOP(=S)(OCC)OC1=NC(=C(C=C1Cl)Cl)Cl;1
cypermethrine;insecticide;52315-07-8;CC1(C(C1C(=O)OC(C#N)C2=CC(=CC=C2)OC3=CC=CC=C3)C=C(Cl)Cl)C;1
DDD(2-4);insecticide;72-54-8;C1=CC(=CC=C1C(C2=CC=C(C=C2)Cl)C(Cl)Cl)Cl;1
dicofol;insecticide;115-32-2;C1=CC(=CC=C1C(C2=CC=C(C=C2)Cl)(C(Cl)(Cl)Cl)O)Cl;1
dieldrin;insecticide;60-57-1;C1[C@@H]2[C@H]3[C@@H]([C@H]1[C@H]4[C@@H]2O4)[C@]5(C(=C([C@@]3(C5(Cl)Cl)Cl)Cl)Cl)Cl;1
isodrin;insecticide;465-73-6;C1[C@@H]2C=C[C@H]1[C@@H]3[C@H]2[C@@]4(C(=C([C@]3(C4(Cl)Cl)Cl)Cl)Cl)Cl;1
lindane;insecticide;06/09/8065;CNC(=O)OC1=CC=CC2=CC=CC=C21.C1(C(C(C(C(C1Cl)Cl)Cl)Cl)Cl)Cl;1
methomyl;insecticide;16752-77-5;CC(=NOC(=O)NC)SC;1
tebufenozide;insecticide;112410-23-8;CCC1=CC=C(C=C1)C(=O)NN(C(=O)C2=CC(=CC(=C2)C)C)C(C)(C)C;1
alphaEndosulfan;insecticide;959-98-8;C1[C@@H]2[C@H](COS(=O)O1)[C@@]3(C(=C([C@]2(C3(Cl)Cl)Cl)Cl)Cl)Cl;1
betaEndosulfan;insecticide;33213-65-9;C1[C@@H]2[C@H](COS(=O)O1)[C@@]3(C(=C([C@]2(C3(Cl)Cl)Cl)Cl)Cl)Cl;1
aluminium;metal;7429-90-5;[Al];1
cobalt;metal;7440-48-4;[Co];1
copper;metal;7440-50-8;[Cu];1
mercury;metal;7439-97-6;[Hg];1
zinc;metal;7733-02-0;[O-]S(=O)(=O)[O-].[Zn+2];1
1-chlorodecane;other;1002-69-3;CCCCCCCCCCCl;1
2A1;other;03/11/2749;C[C@@H](CO)N;1
4-octylphenol;other;1806-26-4;CCCCCCCCC1=CC=C(C=C1)O;1
A736;other;NA;CCN1C2=C3C=C(C=C2)C4=CSC(=N4)C[C@@H](C(=O)N5CCC[C@H](N5)C(=O)OCC(CC3=C1C6=C(N=CC=C6)[C@H](C)OC)(C)C)NC(=O)[C@H](C(C)C)N(C)C(=O)N7CCN([C@@H]8[C@H]7C8)C(=O)C=C;1
biphenyl;other;92-52-4;C1=CC=C(C=C1)C2=CC=CC=C2;1
H40;other;NA;C1=CC(=CC=C1NC(=O)CCS)SC2=CC(=NC(=C2)Br)NCCO;1
L1000;other;64-17-5;CCO;1
PiperonylButoxide;other;51-03-6;CCCCOCCOCCOCC1=CC2=C(C=C1CCC)OCO2;1
soja;other;NA;NA;1
chlorothalonil;other pesticide;1897-45-6;C(#N)C1=C(C(=C(C(=C1Cl)Cl)Cl)C#N)Cl;1
pentachlorophenol;other pesticide;87-86-5;C1(=C(C(=C(C(=C1Cl)Cl)Cl)Cl)Cl)O;1
quinoxyfen;other pesticide;124495-18-7;C1=CC(=CC=C1OC2=C3C(=CC(=CC3=NC=C2)Cl)Cl)F;1
trifluralin;other pesticide;1582-09-8;CCCN(CCC)C1=C(C=C(C=C1[N+](=O)[O-])C(F)(F)F)[N+](=O)[O-];1
anthracene;PAH;120-12-7;C1=CC=C2C=C3C=CC=CC3=CC2=C1;1
benzo(a)pyrene;PAH;50-32-8;C1=CC=C2C3=C4C(=CC2=C1)C=CC5=C4C(=CC=C5)C=C3;1
ibuprofen;PPCP;15687-27-1;CC(C)CC1=CC=C(C=C1)C(C)C(=O)O;1
verapamil;PPCP;52-53-9;CC(C)C(CCCN(C)CCC1=CC(=C(C=C1)OC)OC)(C#N)C2=CC(=C(C=C2)OC)OC;1
1-2Dichloroethane;solvent;107-06-2;C(CCl)Cl;1
124-Trichlorobenzene;solvent;120-82-1;C1=CC(=C(C=C1Cl)Cl)Cl;1
acetone;solvent;67-64-1;CC(=O)C;1
acrylic acid;solvent;79-10-7;C=CC(=O)O;1
benzene;solvent;71-43-2;C1=CC=CC=C1;1
hydrazine;solvent;302-01-2;NN;1
nitric acid;solvent;7697-37-2;[N+](=O)(O)[O-];1
tetrachloroethylene;solvent;127-18-4;C(=C(Cl)Cl)(Cl)Cl;1
123-trichlorobenzene;solvent;87-61-6;C1=CC(=C(C(=C1)Cl)Cl)Cl;1
trichloroethylene;solvent;79-01-6;C(=C(Cl)Cl)Cl;1
aldrin;insecticide;309-00-2;C1[C@@H]2C=C[C@H]1[C@H]3[C@@H]2[C@]4(C(=C([C@@]3(C4(Cl)Cl)Cl)Cl)Cl)Cl;0
azinphosMethyl;insecticide;86-50-0;COP(=S)(OC)SCN1C(=O)C2=CC=CC=C2N=N1;0
chlorfenvinphos;insecticide;470-90-6;CCOP(=O)(OCC)OC(=CCl)C1=C(C=C(C=C1)Cl)Cl;0
diazinon;insecticide;333-41-5;CCOP(=S)(OCC)OC1=NC(=NC(=C1)C)C(C)C;0
imidacloprid;insecticide;138261-41-3;C1CN(/C(=N/[N+](=O)[O-])/N1)CC2=CN=C(C=C2)Cl;0
chloride;ions;16887-00-6;[Cl-];0
nitrate;ions;14797-55-8;[N+](=O)([O-])[O-];0
arsenic;metal;7440-38-2;[As];0
chromium;metal;7440-47-3;[Cr];0
manganese;metal;218791-21-0;[Mn];0
MC-LR;microcystin;NA;CC1C(NC(=O)C(NC(=O)C(C(NC(=O)C(NC(=O)C(NC(=O)C(=C)N(C(=O)CCC(NC1=O)C(=O)O)C)C)CC(C)C)C(=O)O)C)CCCN=C(N)N)C=CC(=CC(C)C(CC2=CC=CC=C2)OC)C;0
alpha HCH;other pesticide;608-73-1;C1(C(C(C(C(C1Cl)Cl)Cl)Cl)Cl)Cl;0
fentin-chloride;other pesticide;639-58-7;C1=CC=C(C=C1)[Sn](C2=CC=CC=C2)(C3=CC=CC=C3)Cl;0
MCPA;other pesticide;94-74-6;CC1=C(C=CC(=C1)Cl)OCC(=O)O;0
vernolat;other pesticide;1929-77-7;CCCN(CCC)C(=O)SCCC;0
benzo(b)fluoranthene;PAH;205-99-2;C1=CC=C2C3=C4C(=CC=C3)C5=CC=CC=C5C4=CC2=C1;0
ciprofloxacin;PPCP;85721-33-1;C1CC1N2C=C(C(=O)C3=CC(=C(C=C32)N4CCNCC4)F)C(=O)O;0
nonylphenol;PPCP;25154-52-3;CCCCCCCCCC1=CC=CC=C1O;0
ofloxacin;PPCP;82419-36-1;CC1COC2=C3N1C=C(C(=O)C3=CC(=C2N4CCN(CC4)C)F)C(=O)O;0
tramadol;PPCP;27203-92-5;CN(C)C[C@H]1CCCC[C@@]1(C2=CC(=CC=C2)OC)O;0
chloroacetic acid;solvent;79-11-8;C(C(=O)O)Cl;0
DMSO;solvent;67-68-5;CS(=O)C;0
methanol;solvent;67-56-1;CO;0
butyltinTrichloride;other;1118-46-3;CCCC[Sn](Cl)(Cl)Cl;0
MHPC724;other;NA;NA;0
P520;other;NA;NA;0