name,0,2,3,5,6,15,16,17,18,19,20,21,22,23,24,25,26,27,28,41,42,44,45,47,48,49,50,51,52,53,54,55,56,57,58,59,60,61,62,63,64,65,66,67,68,70,71,72,73,74,75,76,77,78,79,80,81,83,84,85,87,88,89,90,91,92,93,94,95,97,98,99,100,101,102,103,104,105,107,109,110,111,113,114,115,117,119,120,121,122,124,127,129,130,132,133,134,139,142,147,148,149,151,157,161,162,168,172,173,177,190,205,215,substance_type
Carbaryl,0.8365529051735937,-0.11613260805664762,-0.08962148608396296,-0.36365914829283075,-0.33022138072784796,0.24271178655700454,0.9731770865589482,1.631762164909606,-0.8484532358010296,-0.3797715025912585,-0.039818393454011274,-0.18785164534759188,0.2168567768286344,-0.6633895053416174,-0.22870986102635005,-0.5094991603414379,0.25595360419891006,-0.014770475982542842,0.1256497906120495,-0.8921702744408243,-0.1666666762355621,-0.35047528356714414,-0.3022880095216594,0.611629171210153,0.19313527337131972,-0.430098654663701,-0.4084723337736647,-0.32545360669630063,1.0271942272588663,-0.5296629446310762,1.1675522308591677,-0.4611913643311311,-0.4661130666347928,0.10605507617812972,-0.44043655883287286,0.2580270964026341,-0.7564147565876221,0.25985816297389613,-0.4804882102087519,-0.27869320571664713,0.37927898959766737,-0.5228649355700823,-0.7027817356669918,-0.028846339019574854,0.4336639331135964,0.2651883687751623,1.4586600141612622,0.570761415415379,0.696022327994743,-0.8894091917560623,-0.1350960021274653,-0.5769783465278698,-0.6065111276932532,-0.6840687851918078,0.8008899401824756,-0.4916028693089743,0.7276433104640547,0.1765292514537509,-0.13663693161097104,0.15560027415256938,-0.714176615975365,-0.29658800713002353,0.3128715601668098,-0.0826662642149866,-0.2285032739846194,1.3573875659114327,-0.3620139229319946,-0.8128660078709675,-0.08239084804224214,0.31495052765471815,-0.15028933806315628,-0.39156027302313506,0.17691268965288234,0.8998807154422735,-0.5684350813113135,-0.4876883207765948,0.7159881389164945,-0.7604998272194525,0.3907019005301633,-0.3712320188845549,-0.2970442628930024,-0.41574858983784074,0.917010954628728,-0.2970442628930024,0.6870254211258012,-0.311187957132071,0.5054592188852508,-0.41047062163355835,-0.3195741847747845,-0.4456236358242331,-0.27869320571664713,-0.33678765702728175,0.22710998958306752,-0.410299194932457,-0.23904572186687878,-0.34815531191139565,-0.2970442628930024,-0.23904572186687878,0.6504436355879909,-0.4417383200072547,1.4876686105234733,-0.22613350843332275,-0.23904572186687878,-0.5074460867172774,-0.22613350843332275,-0.2970442628930024,0.038898761569587416,-0.23904572186687878,0.5141872122181113,-0.2970442628930024,-0.16666666666666666,-0.34815531191139565,-0.2546573096474334,insecticide
Chlorpyrifos,-0.6604733626952121,-0.6540805338591975,-1.7618206037084947,-0.23932124314550737,0.5472455144814421,0.3167947256952763,0.6522492566870063,0.8098197020221213,0.6156200978225179,0.09861910082161267,0.4230500383939185,-0.7052791538323013,0.726163777298815,-0.1108192950103582,1.6377389923244459,-0.4938625929090121,0.20997372132253916,0.6626964740104418,0.07382873979655455,0.8057027621889614,-0.1666666761779256,0.5058903026884776,0.3893677282597661,-0.10710388242323064,0.0693790533344294,0.7466399683589745,1.7971598440604808,-0.32545360669630063,1.1949935874933915,0.87660010262959,-0.4426311005457209,0.9503918954148011,-0.4661130666347928,0.033339989491026456,-0.06778769893145715,0.21502863253510132,0.639340574190919,0.7619690233609977,0.9114419589410595,-0.27869320571664713,0.33500865335444835,-0.5228649355700823,-0.12439640059849032,0.4636067376651227,-0.423639224036321,0.2838941996060459,0.28836156030028254,-0.3325418891263275,0.7226143748524613,0.7684343045813571,0.07505367834065775,1.5229492135420164,-0.6065111276932532,-0.03658135481097135,-0.8181114497128219,1.7992689383383558,-0.40106094803812603,0.24298816785371818,-0.09017978501733336,-0.5607157880403726,1.1522568438321374,0.2800494495602867,-0.5292505545050069,-0.15686481431383348,0.41883750839320605,-0.6426376097609922,-0.3785885845317475,1.3640750029849147,0.830562456843824,-0.1707779913404058,-0.8298209520885416,-0.39156027302313506,-0.15099538162833234,-0.6982868668616973,-0.3997175483630203,-0.13609487129876724,-0.29354895467010755,0.2764478306498304,-0.6418674080138397,-0.3712320188845549,-0.2970442628930024,-0.41574858983784074,-0.917010954628728,1.5347286916138454,-0.1329726621533808,-0.311187957132071,-0.6634152247868915,1.2463380693237132,0.6657795516141344,0.9058578826590967,-0.27869320571664713,-0.33678765702728175,-0.37310926860075394,0.6577999288998848,-0.23904572186687878,-0.34815531191139565,-0.2970442628930024,-0.23904572186687878,-0.443484296991812,0.33656252952933696,-0.41039134083406165,-0.22613350843332275,-0.23904572186687878,-0.5074460867172774,-0.22613350843332275,-0.2970442628930024,-0.440852631121991,-0.23904572186687878,-0.3917616854995134,-0.2970442628930024,-0.16666666666666666,2.872281323269014,-0.2546573096474334,insecticide
Cypermethrine,1.2780170113675795,-0.571202425182858,-0.48017021136069055,0.4114824089146315,0.9332837165146235,0.2638783405965106,0.8726667222583943,1.257484793416198,0.6187160179567294,-0.41134307683278104,1.32052350395978,-0.4518745468446971,0.9106901263926002,-0.4419576826292039,0.33571393608281513,-0.949425625268433,1.5772494373746264,-0.9454882855787662,1.0863033281532828,-1.2078904672025605,-0.1666666389077139,0.7738306668791644,0.3892718534763222,0.5362550410990693,2.970062654170929,-0.430098654663701,1.8811758605622881,-0.32545360669630063,0.9939398791274884,0.21555780153967669,-0.4426311005457209,1.0291035881952144,-0.4661130666347928,1.5182118815901633,0.8905862437138693,-0.21310475691068062,-0.30347721629290475,0.8486016627351872,-0.010735792454445083,2.299218947162339,-0.32795925592045655,2.5018014845052345,0.13055584142063364,-0.5917065398618809,1.5766231684288379,1.9595871112768217,0.33346343984640237,-0.3325418891263275,1.8678140635703433,0.0369820323858805,-0.43313069028566004,0.38278541691182527,2.8966141777950845,0.5089698557606132,1.810601662502657,-0.4916028693089743,-0.40106094803812603,0.7965170982250015,0.3076064217881112,0.9417402692074304,1.211043960460368,0.5773747577488766,-0.5292505545050069,-0.6155557210103012,1.7910391065869435,2.1184417978249415,-0.6268014891583832,0.28411356240202623,0.4414514675741701,0.41763518541570416,0.74118657043461,-0.2835441800251404,-0.0026628004916982766,1.5558850467072072,-0.1703148429171879,0.5092333629393783,-0.29354895467010755,-0.21664616050479363,-0.6418674080138397,0.877457499181675,-0.2970442628930024,0.48911598804451856,0.917010954628728,-0.2970442628930024,0.6870254211258012,-0.311187957132071,-0.6634152247868915,0.41793372384507743,-0.3195741847747845,0.9058578826590967,-0.27869320571664713,5.003702332976757,0.827329247766889,1.3796630597273274,-0.23904572186687878,-0.34815531191139565,-0.2970442628930024,-0.23904572186687878,0.6504436355879909,0.33656252952933696,-0.41039134083406165,-0.22613350843332275,-0.23904572186687878,-0.5074460867172774,-0.22613350843332275,-0.2970442628930024,-0.440852631121991,4.183300132670379,1.420136109935736,-0.2970442628930024,-0.16666666666666666,-0.34815531191139565,-0.2546573096474334,insecticide
DDD(2-4),-0.6156791624727361,-0.5970523826500925,-0.1455027476402618,-0.26814128738495335,0.3678055729005753,-0.9179209266092486,-1.0758236733926816,-1.0395508394747202,0.6187307151058107,-0.6265608726810021,0.3521469192678667,-0.6468553671993722,0.4014187079112721,-0.26861710699025343,0.2428552631152161,0.3439649799741663,0.3242837666967343,-0.10345579880910881,0.05688297558255735,0.25143842378502335,-0.1666666760900052,0.2201375546163905,0.07799387586624656,-0.695064609863425,0.037649325497415065,-0.430098654663701,-0.4084723337736647,-0.32545360669630063,-0.6077521669992291,-0.5296629446310762,-0.4426311005457209,-0.4611913643311311,1.2704041787799523,0.6105696762207059,0.6139149280930458,0.5000426628639623,-0.7564147565876221,-0.9247971520577932,0.6471038556162442,-0.27869320571664713,-0.32795925592045655,-0.5228649355700823,-0.25359819812834744,-0.5917065398618809,1.535167479810508,-0.5590933456782173,-0.6690029671494622,-0.3325418891263275,-0.4757694075808573,0.9633732565278232,-0.48021691824923873,-0.5769783465278698,-0.6065111276932532,0.11292128545761214,1.0707235051650252,1.022533736099094,-0.40106094803812603,-0.9556353110399138,-0.23001448777567066,-0.5607157880403726,-0.1901616854334965,0.03527285278185687,0.34058058295117577,-0.6155557210103012,-0.7331881006139016,2.0240626244689075,-0.6268014891583832,0.8231322462180086,-0.5106404698854043,-0.4705548866929986,-0.6768411923593026,0.5651494035013768,-0.24275828679478514,1.1207537775918617,-0.3997175483630203,-0.4876883207765948,-0.29354895467010755,-0.5895743891091313,-0.6418674080138397,-0.3712320188845549,-0.2970442628930024,-0.41574858983784074,0.917010954628728,-0.2970442628930024,0.6870254211258012,-0.311187957132071,-0.6634152247868915,-0.13433583980734645,-0.3195741847747845,0.09496897156909884,-0.27869320571664713,-0.33678765702728175,0.22710998958306752,1.256550555745207,-0.23904572186687878,-0.34815531191139565,-0.2970442628930024,-0.23904572186687878,-0.443484296991812,-0.4417383200072547,-0.41039134083406165,-0.22613350843332275,-0.23904572186687878,0.7874163414578442,-0.22613350843332275,-0.2970442628930024,-0.440852631121991,-0.23904572186687878,-0.3917616854995134,-0.2970442628930024,-0.16666666666666666,-0.34815531191139565,-0.2546573096474334,insecticide
Dicofol,0.8071240360900335,-0.15896529917034644,-1.114344488262729,-0.1734468563124883,0.6641443652759319,-0.831490830947932,-1.0634802953206839,-1.0806479626190946,0.6220778406210946,-0.6981015766793598,1.0336216272160068,-1.2319860698773475,0.6936118761244735,-1.2354907880754094,0.4445102718205192,-0.6571880389247579,0.383331850984355,0.1822973820622794,0.23980591391092457,0.4268385308748774,-0.1666666758982555,0.15583377913488572,-0.000381430124050424,-0.03135873629561963,-0.7857598685464177,0.8489295541259947,1.014139211756691,-0.32545360669630063,-0.6077521669992291,-0.5296629446310762,-0.4426311005457209,-0.4611913643311311,-0.4661130666347928,2.1968285630355378,0.6139149280930458,0.09422991524772104,-0.7564147565876221,-0.2901081523151312,1.0899603897919918,-0.27869320571664713,-0.32795925592045655,-0.5228649355700823,-0.31042767447298864,-0.5917065398618809,1.535167479810508,-0.5590933456782173,-0.6690029671494622,-0.3325418891263275,-0.4757694075808573,1.426568868598795,-0.3113770089862665,-0.012980872095228848,-0.6065111276932532,-0.16379125204565076,1.0707235051650252,1.022533736099094,-0.40106094803812603,-0.35809580936376356,0.10853854093494492,0.20221240596857848,-0.714176615975365,0.8948618584699587,-0.5292505545050069,-0.6155557210103012,3.304290512420356,-0.6426376097609922,-0.6268014891583832,1.278628550278337,-0.6746670166552241,-0.434418615276296,1.177612043469499,-0.8450617899879913,-0.183603744099643,0.837469975029853,-0.3997175483630203,-0.4876883207765948,-0.29354895467010755,-0.5895743891091313,0.3907019005301633,-0.3712320188845549,-0.2970442628930024,-0.41574858983784074,0.917010954628728,-0.2970442628930024,0.6870254211258012,-0.311187957132071,0.5054592188852508,0.41793372384507743,-0.3195741847747845,-0.17532733212756713,-0.27869320571664713,-0.33678765702728175,0.22710998958306752,1.0936235332449724,-0.23904572186687878,2.872281323269014,-0.2970442628930024,-0.23904572186687878,-0.443484296991812,-0.4417383200072547,-0.41039134083406165,-0.22613350843332275,-0.23904572186687878,1.4348475555454052,-0.22613350843332275,-0.2970442628930024,-0.440852631121991,-0.23904572186687878,-0.3917616854995134,-0.2970442628930024,-0.16666666666666666,-0.34815531191139565,-0.2546573096474334,insecticide
Isodrin,-0.4210312806155502,-0.6349605500720001,-0.7087714958442205,3.256138408181565,0.6313875437255984,-0.42403466568743875,-0.4586547697927929,-0.32035118444817084,0.6188101833116982,-0.8606770720275703,1.8744779219031074,-1.290101497385426,1.3216239359958954,-1.3875833097360932,0.42043917485050764,-0.3820760519250099,1.2544302116077632,-0.5563333847886841,0.10871218595651495,1.3880311177272766,-0.16666667594987686,-0.525515245453205,-0.5523320513539038,-0.695064609863425,0.8739648925509288,0.5594446179939773,-0.4084723337736647,-0.32545360669630063,-0.6077521669992291,-0.5296629446310762,-0.4426311005457209,-0.4611913643311311,1.2704041787799523,1.1159642174891753,0.38049656399569604,-0.5946112422222694,0.01389534452101831,-0.9247971520577932,1.532816923967739,-0.27869320571664713,-0.32795925592045655,3.6275951096235035,0.15357349147488294,-0.5917065398618809,-0.3851464247348489,-0.5590933456782173,-0.6690029671494622,-0.3325418891263275,-0.4757694075808573,1.889764480669766,-0.09599917726550532,-0.5769783465278698,2.2947872792839683,-0.3838406588449672,-0.09974436712176576,-0.4916028693089743,-0.40106094803812603,-0.9556353110399138,0.4568080337006974,-0.5607157880403726,0.3338532451083721,0.9511188212846903,-0.02731119330016915,-0.6155557210103012,-0.7331881006139016,-0.6426376097609922,-0.02160361643542655,1.7341248543386651,-0.6247057893433865,-0.5782101385012693,-0.8028778932732895,-0.39156027302313506,0.32629528563971677,-0.888268719376452,1.6127997690859452,-0.4876883207765948,-0.29354895467010755,0.9145694662616968,-0.6418674080138397,4.623526053380365,-0.2970442628930024,3.203709721691596,-0.917010954628728,-0.2970442628930024,-0.9529707454325629,2.978513303978393,-0.6634152247868915,0.41793372384507743,-0.3195741847747845,-0.715919939520899,-0.27869320571664713,-0.33678765702728175,1.4275485059507103,0.9307954042333573,-0.23904572186687878,-0.34815531191139565,-0.2970442628930024,-0.23904572186687878,-0.443484296991812,-0.4417383200072547,-0.41039134083406165,-0.22613350843332275,-0.23904572186687878,2.082278769632966,-0.22613350843332275,-0.2970442628930024,3.8769099031022147,-0.23904572186687878,-0.3917616854995134,-0.2970442628930024,-0.16666666666666666,-0.34815531191139565,-0.2546573096474334,insecticide
Lindane,0.8365529051735937,-0.1372603213379894,-0.08962148608396296,1.1371789650527862,1.3783029960882167,-0.5475062309178913,-0.4586547697927929,-0.1491131713466119,0.61608228575781,-0.5663979693646192,0.9618376029483637,-1.302753165027061,0.5080324209536369,-1.5654610017324868,0.2442153595371958,-0.5095017483101065,0.8482983203506148,-3.100529413354352,0.6129367523561865,0.3286144709045593,-0.1666666617129204,1.3585316078723457,0.6906138140883639,0.611629171210153,0.19313527337131972,-0.430098654663701,-0.4084723337736647,-0.32545360669630063,1.0271942272588663,-0.5296629446310762,1.1675522308591677,-0.4611913643311311,4.743438669609442,0.10605507617812972,-0.44043655883287286,0.2580270964026341,1.712855556907902,0.25985816297389613,2.176650994845733,-0.27869320571664713,0.37927898959766737,-0.5228649355700823,0.6447688769489418,-0.028846339019574854,0.4336639331135964,0.2651883687751623,1.4586600141612622,0.570761415415379,0.696022327994743,1.889764480669766,1.205656851477929,-0.5769783465278698,-0.6065111276932532,-0.6840687851918078,0.8008899401824756,-0.4916028693089743,0.7276433104640547,0.1765292514537509,2.2600750297684464,0.15560027415256938,-0.714176615975365,-0.29658800713002353,0.3128715601668098,-0.0826662642149866,-0.2285032739846194,1.3573875659114327,-0.3620139229319946,1.9201118164910025,-0.08239084804224214,0.31495052765471815,-0.6060947564113975,-0.39156027302313506,0.17691268965288234,0.8998807154422735,-0.5684350813113135,-0.4876883207765948,0.7159881389164945,0.11691742174686388,0.3907019005301633,0.877457499181675,-0.2970442628930024,0.48911598804451856,0.917010954628728,-0.2970442628930024,0.6870254211258012,-0.311187957132071,0.5054592188852508,1.2463380693237132,-0.3195741847747845,-0.4456236358242331,-0.27869320571664713,-0.33678765702728175,0.827329247766889,1.391737954687739,-0.23904572186687878,-0.34815531191139565,-0.2970442628930024,-0.23904572186687878,0.6504436355879909,-0.4417383200072547,1.4876686105234733,-0.22613350843332275,-0.23904572186687878,3.377141197808087,-0.22613350843332275,-0.2970442628930024,0.038898761569587416,-0.23904572186687878,0.5141872122181113,-0.2970442628930024,-0.16666666666666666,-0.34815531191139565,-0.2546573096474334,insecticide
Methomyl,0.6305966526129034,0.011966797244091568,-0.15426210431630358,-0.2920207526119225,-0.559395764784525,1.5021217519076198,1.9359605761747738,1.6934078496261677,0.3581311665667693,0.6607391554220376,-0.28061627940342765,0.21421225235100194,-0.3416291824797893,-0.5090886875328093,1.6848868029757444,-0.5719991711284528,-0.1890190316677035,1.4162106883490289,-0.61763085665919,0.03394229099360406,-0.1666666762950108,-0.05955917680460087,0.3098139760056434,-0.004030654271093926,0.07296869807736622,-0.430098654663701,-0.4084723337736647,-0.32545360669630063,1.0271942272588663,0.22224933295348867,1.1675522308591677,-0.4611913643311311,0.41419129863471976,-1.3179294565815043,-0.3643800743654296,-0.11132625775662817,-0.7564147565876221,0.2723773260704245,-0.25017743560217814,-0.27869320571664713,0.37927898959766737,0.38111104469891094,-0.41358906813274104,0.4707687832093083,-1.283567592242598,-0.5590933456782173,0.45619360716539803,0.570761415415379,-0.4757694075808573,-0.41978745853524047,0.33448340275262944,-0.08985765513523757,-0.6065111276932532,-0.3603250700013896,-0.8586175886783047,-0.4916028693089743,-0.40106094803812603,0.5416102322109044,-0.13663693161097104,0.15560027415256938,-0.714176615975365,-0.3511129267229747,-0.5292505545050069,0.806674853955085,-0.15717529611034778,-0.29889272590605426,0.13567408568602254,-0.9988529700233045,-0.5106404698854043,0.5616783293466643,0.20702162255444206,-0.39156027302313506,-0.183603744099643,-0.888268719376452,0.0870771063664747,-0.035411689868946175,0.6786793606232329,0.7231329755781368,0.3907019005301633,-0.3712320188845549,-0.2970442628930024,-0.41574858983784074,-0.917010954628728,-0.2970442628930024,-0.9529707454325629,-0.311187957132071,0.5054592188852508,0.14179894201886548,-0.3195741847747845,-0.4456236358242331,-0.27869320571664713,-0.33678765702728175,-0.9733285267845754,-1.1614941344843726,-0.23904572186687878,-0.34815531191139565,-0.2970442628930024,-0.23904572186687878,0.6504436355879909,0.33656252952933696,1.4876686105234733,-0.22613350843332275,-0.23904572186687878,-0.5074460867172774,-0.22613350843332275,-0.2970442628930024,-0.440852631121991,-0.23904572186687878,-0.3917616854995134,-0.2970442628930024,-0.16666666666666666,-0.34815531191139565,-0.2546573096474334,insecticide
Tebufenozide,1.4125021727586433,-0.42903087328759354,-0.16373824677749163,-0.2732085479105702,0.5583309022621963,-0.22458059877670752,0.07305997792403417,0.25658919815554465,-0.8774907951482891,-0.4879622180265857,0.5576081153717259,-1.2319185891888706,0.08867071296972358,-1.6829350264488694,-0.1463241073935641,-0.7185679537002813,0.6580769243902428,-0.23335328700756938,0.7630774828028091,-1.3061145271728798,-0.16666666988725987,0.633384469076851,0.4494437658893019,-0.695064609863425,-0.7857598685464177,-0.430098654663701,-0.4084723337736647,3.836446936293347,-0.6077521669992291,1.804115904015493,1.2395474173998307,-0.4611913643311311,-0.4661130666347928,0.09928845157134206,2.1763450160358015,0.16840172840090814,-0.3324831902326416,0.2670264784830038,-0.6733186268231073,-0.27869320571664713,1.060063146940203,-0.5228649355700823,1.5319124527699144,-0.5917065398618809,1.5585704620735337,-0.5590933456782173,0.47926196261948045,-0.3325418891263275,-0.4757694075808573,-0.8894091917560623,0.2481183797070224,0.0695659004929428,1.090696258762397,2.3599708491056735,0.8008899401824756,-0.4916028693089743,-0.40106094803812603,0.5038024931033674,-0.17781575642481068,0.8719163363455114,0.33195367113262453,0.11883273652322911,0.8425199441560134,0.18384319131006638,0.2761815526446628,2.9262935255891214,-0.011768268028225806,-0.9988529700233045,-0.5106404698854043,1.3046596454503767,-0.6706431409455822,2.658293318906178,-0.5032401766588928,0.8683941286499458,-0.05744759472067432,2.516359525069644,-0.29354895467010755,0.04440359951824255,0.3907019005301633,-0.3712320188845549,-0.2970442628930024,-0.41574858983784074,0.917010954628728,-0.2970442628930024,0.6870254211258012,-0.311187957132071,0.5054592188852508,-0.13433583980734645,-0.3195741847747845,0.09496897156909884,-0.27869320571664713,-0.33678765702728175,0.22710998958306752,0.525994687268133,-0.23904572186687878,-0.34815531191139565,-0.2970442628930024,-0.23904572186687878,1.7443715681677938,0.33656252952933696,1.4876686105234733,-0.22613350843332275,-0.23904572186687878,-0.5074460867172774,-0.22613350843332275,5.198274600627541,-0.440852631121991,-0.23904572186687878,-0.3917616854995134,3.366501646120693,-0.16666666666666666,-0.34815531191139565,-0.2546573096474334,insecticide
alphaEndosulfan,0.901745067207811,-0.7096985344202232,-1.044570753757098,2.7694480370402466,0.8782092541698651,-0.170593031793352,-0.2507662970012515,-0.18516327936799262,0.6188102813473296,-0.7598326632194137,1.8084845904942946,-1.1612195994579615,1.220654098362365,-1.3729915382739317,1.358357200764242,-0.5044939179075133,0.6233156522779145,-0.3618187548530333,0.08593276572733,1.6195592590858838,-0.16666667600434004,-0.21217047939596448,-0.3875727712948395,-0.695064609863425,0.8739648925509288,0.5594446179939773,-0.4084723337736647,-0.32545360669630063,2.4407315969833263,0.7707011688318196,-0.4426311005457209,0.730870485160975,1.2704041787799523,0.5620929517626372,-0.9448295257383371,0.21701425301021326,1.025234437329049,0.6381550412951852,1.9665260278176875,-0.27869320571664713,-0.32795925592045655,1.5523650870267107,-0.11461325209166064,0.4636067376651227,-0.8765647249371538,-0.5590933456782173,-0.6690029671494622,-0.3325418891263275,-0.4757694075808573,1.889764480669766,0.6280446711013482,1.4094798056497595,0.8441380757953578,-0.6840687851918078,-0.6402702363380536,-0.4916028693089743,-0.40106094803812603,0.09382482215601394,2.1800715331121654,0.06810436254538628,1.347058533561453,-0.7407562691648727,-0.5292505545050069,-0.6155557210103012,-0.7331881006139016,-0.6426376097609922,-0.6268014891583832,2.0626120238558157,1.1388395085662606,-0.6222162062451112,-0.8800806002497544,-0.39156027302313506,-0.7533909564239685,-0.888268719376452,-0.3997175483630203,-0.48216040262626003,-0.29354895467010755,1.23363028406763,-0.6418674080138397,2.1261470172479053,1.5347286916138454,2.298845143809237,-0.917010954628728,-0.2970442628930024,-0.9529707454325629,1.3336626734231611,-0.6634152247868915,1.522472851149925,0.6657795516141344,-0.715919939520899,2.2992189471623385,1.4433756729740643,0.827329247766889,0.14933905716394766,-0.23904572186687878,-0.34815531191139565,-0.2970442628930024,-0.23904572186687878,-0.443484296991812,-0.4417383200072547,-0.41039134083406165,-0.22613350843332275,-0.23904572186687878,2.082278769632966,-0.22613350843332275,-0.2970442628930024,1.957904332335901,-0.23904572186687878,-0.3917616854995134,-0.2970442628930024,-0.16666666666666666,-0.34815531191139565,-0.2546573096474334,insecticide
betaEndosulfan,1.003770690330356,-0.2924274667571434,-1.6633668954168037,3.3935211754583214,0.9018510736845131,0.06335309180118928,-0.016891765110768245,0.00950730394746456,0.6188102813473302,-0.7598326632194066,1.8084845904942954,-1.1612195994579473,1.2206540983623702,-1.3729915382739344,1.3583572007642435,-0.5044939179075133,0.5860894179127827,-0.12206087544265037,0.3881739493975462,1.6195592590858838,-0.16666667526333215,-0.21217047939596448,-0.3875727712948395,-0.695064609863425,0.8739648925509288,0.5594446179939773,-0.4084723337736647,-0.32545360669630063,2.4407315969833263,0.7707011688318196,-0.4426311005457209,0.730870485160975,1.2704041787799523,0.5620929517626372,-0.9448295257383371,0.21701425301021326,1.4375565609837724,1.3196399797943836,1.9665260278176875,-0.27869320571664713,-0.32795925592045655,1.5523650870267107,-0.11461325209166064,0.45595622316790113,-0.8765647249371538,-0.5590933456782173,-0.6690029671494622,-0.3325418891263275,-0.4757694075808573,1.889764480669766,0.6240637265372382,1.4094798056497595,0.8441380757953578,-0.42769021113302924,-0.6402702363380536,-0.4916028693089743,-0.40106094803812603,0.09382482215601394,3.154576616626459,0.06810436254538628,0.1770146813180639,-0.7407562691648727,-0.5292505545050069,-0.6155557210103012,-0.7331881006139016,-0.6426376097609922,-0.21014809421477004,1.9494092923246955,3.73757228286049,-0.7202281568281861,-1.0283623169996865,-0.39156027302313506,-2.2332198394470253,-0.888268719376452,-0.3997175483630203,-1.915011083533009,-0.29354895467010755,1.23363028406763,-0.6418674080138397,2.1261470172479053,1.5347286916138454,2.298845143809237,-0.917010954628728,-0.2970442628930024,-0.9529707454325629,1.3336626734231611,-0.6634152247868915,1.522472851149925,0.6657795516141344,-0.715919939520899,2.2992189471623385,1.4433756729740643,0.827329247766889,0.14933905716394721,-0.23904572186687878,-0.34815531191139565,-0.2970442628930024,-0.23904572186687878,-0.443484296991812,-0.4417383200072547,-0.41039134083406165,-0.22613350843332275,-0.23904572186687878,2.082278769632966,-0.22613350843332275,-0.2970442628930024,1.957904332335901,-0.23904572186687878,-0.3917616854995134,-0.2970442628930024,-0.16666666666666666,-0.34815531191139565,-0.2546573096474334,insecticide
1-chlorodecane,-0.7689889101728632,0.40763847908762973,0.7882887527077114,-0.3317699564850284,-0.47411406133291445,-0.6597531084001208,-0.5484247921345945,-0.2736499081477454,0.615360673358375,-0.4067617036076156,-0.4051370106747566,0.08841235550910198,-0.1082019249039689,0.5863360160529192,0.009050044994000523,-0.031962395057496554,-0.12268514841863337,0.2681003922811077,-0.8191558498629553,0.73554271935302,-0.16666667629250131,1.309389156030806,1.939542135230712,-0.695064609863425,-0.7857598685464177,-0.430098654663701,-0.4084723337736647,-0.32545360669630063,-0.6077521669992291,-0.5296629446310762,-0.4426311005457209,-0.4611913643311311,0.40214555607257974,0.8112124564466207,-0.6620448538373536,-0.19139761642566586,-0.7564147565876221,-0.9247971520577932,-0.6814657469109983,-0.27869320571664713,-0.32795925592045655,-0.5228649355700823,1.73190488039961,-0.122101835198507,-1.283567592242598,-0.5590933456782173,-0.6690029671494622,-0.3325418891263275,-0.4757694075808573,-0.4262135796850909,-0.43684185959465976,-0.5769783465278698,-0.6065111276932532,2.0414999407733356,-1.0879450146953715,-0.4916028693089743,-0.40106094803812603,-0.9556353110399138,-0.5892902921758093,-0.5607157880403726,-0.714176615975365,-0.7407562691648727,-0.06958894943682513,3.2683800299505696,-0.7331881006139016,-0.6426376097609922,-0.2819844089916562,-0.5433566659629763,-0.5106404698854043,-0.434418615276296,-0.9165983923481122,-0.39156027302313506,0.34322692204429955,-0.888268719376452,3.6825301325845046,0.09322715899266505,-0.29354895467010755,1.8717519196794963,-0.6418674080138397,-0.3712320188845549,-0.2970442628930024,-0.41574858983784074,-0.917010954628728,-0.2970442628930024,-0.9529707454325629,-0.311187957132071,-0.6634152247868915,-0.9627401852859823,-0.3195741847747845,1.4464504900524287,-0.27869320571664713,-0.33678765702728175,-0.9733285267845754,0.4836484954413651,-0.23904572186687878,-0.34815531191139565,-0.2970442628930024,-0.23904572186687878,-0.443484296991812,-0.4417383200072547,-0.41039134083406165,-0.22613350843332275,-0.23904572186687878,0.13998512737028343,-0.22613350843332275,-0.2970442628930024,-0.440852631121991,-0.23904572186687878,-0.3917616854995134,-0.2970442628930024,-0.16666666666666666,-0.34815531191139565,4.8188998594822,other
2A1,-0.056056925416061824,-0.6432555538842331,0.17637157627845143,0.011824856655377707,-1.0710918601035055,2.1688682041520635,1.7137797708788147,0.7687225788777471,-0.8714973082077474,0.015380051711222155,-0.5986387854295657,0.34678012057830576,-0.9971874188777404,-0.5617686557200815,-1.4864585439529967,-0.4218516379366952,-1.0817056992631107,0.0785990945287108,-0.8909870870220126,0.4759505608600361,-0.16666667629737872,-0.8330280347285234,0.2357751783667627,0.7138578242817374,-0.7857598685464177,-0.430098654663701,-0.4084723337736647,-0.32545360669630063,-0.6077521669992291,-0.5296629446310762,-0.4426311005457209,-0.4611913643311311,-0.4661130666347928,-1.5529188973238055,-0.6398955363946325,-0.18029982727053964,-0.25074521018360685,-0.2901081523151312,-1.1243222810867457,-0.27869320571664713,-0.32795925592045655,0.4824466387756922,-0.16123170450017546,-0.06404990109837908,-1.283567592242598,-0.5590933456782173,0.5444180439289266,-0.3325418891263275,-0.4757694075808573,-0.8894091917560623,0.05666476669655237,-0.5769783465278698,-0.6065111276932532,-0.3603250700013896,-1.0879450146953715,-0.4916028693089743,-0.40106094803812603,0.4104646371816358,-0.5892902921758093,-0.5607157880403726,0.40583433797731505,-0.7407562691648727,-0.5292505545050069,-0.6155557210103012,-0.15717529611034778,-0.6426376097609922,-0.6268014891583832,-0.5732263616440696,-0.5106404698854043,-0.434418615276296,0.4781984001945616,1.9619133524007342,-0.183603744099643,-0.8963097600908239,-0.3997175483630203,-0.015909099325632288,-0.29354895467010755,1.8717519196794963,2.4558405176181695,-0.3712320188845549,-0.2970442628930024,-0.41574858983784074,-0.917010954628728,-0.2970442628930024,-0.9529707454325629,-0.311187957132071,1.674333662557393,-0.6866054034597703,-0.3195741847747845,-0.4456236358242331,-0.27869320571664713,-0.33678765702728175,-0.9733285267845754,-2.0084674177640434,-0.23904572186687878,2.872281323269014,3.366501646120693,-0.23904572186687878,-0.443484296991812,-0.4417383200072547,-0.41039134083406165,2.5628464289109907,-0.23904572186687878,-0.5074460867172774,-0.22613350843332275,-0.2970442628930024,-0.440852631121991,-0.23904572186687878,-0.3917616854995134,-0.2970442628930024,-0.16666666666666666,-0.34815531191139565,-0.2546573096474334,other
4-octylphenol,0.2654437634484538,-0.23676412424419715,0.46311485691868326,-0.3241345161930192,-0.3002373747750323,-0.3499517265491673,0.08445386537510849,0.645431209444624,-0.8712782303131132,-0.4628126040570856,-0.28664552109393954,-0.034960064178923944,-0.008306887191126561,0.4318436191714952,-0.7802578677547225,-0.17057888960724135,0.20402718036229478,-0.5083520626414587,-0.3915974524157252,-0.15548982466343816,-0.1666666762507471,0.52787801556874,0.6472123216979414,-0.03135873629561963,0.19313527337131972,-0.430098654663701,-0.4084723337736647,-0.32545360669630063,-0.6077521669992291,-0.5296629446310762,-0.4426311005457209,-0.4611913643311311,-0.4661130666347928,0.7789014717441629,0.40011204497932135,-0.5946112422222694,-0.7564147565876221,-0.2901081523151312,-1.1243222810867457,-0.27869320571664713,-0.32795925592045655,-0.5228649355700823,1.463718136833066,-0.5917065398618809,-0.0773111291042138,0.2651883687751623,-0.6690029671494622,-0.3325418891263275,0.696022327994743,-0.8894091917560623,-0.4689856595729177,0.0695659004929428,-0.6065111276932532,1.7011824546527325,-0.008610754765173118,-0.4916028693089743,-0.40106094803812603,-0.35809580936376356,-0.5892902921758093,-0.5607157880403726,-0.714176615975365,-0.29658800713002353,-0.02731119330016915,2.718060483317739,0.2761815526446628,0.02403744879648278,-0.2819844089916562,-0.798351598846375,-0.5106404698854043,-0.434418615276296,0.6707316707709206,0.2322686595300107,0.04326230313128527,0.12325687960762499,3.0277318322894997,0.0904056864103015,-0.29354895467010755,0.6410887652851825,0.3907019005301633,-0.3712320188845549,-0.2970442628930024,-0.41574858983784074,0.0,-0.2970442628930024,-0.1329726621533808,-0.311187957132071,0.5054592188852508,-0.9627401852859823,-0.3195741847747845,1.1761541863557625,-0.27869320571664713,-0.33678765702728175,-0.37310926860075394,0.44868964721445614,-0.23904572186687878,-0.34815531191139565,-0.2970442628930024,4.183300132670379,-0.443484296991812,-0.4417383200072547,-0.41039134083406165,-0.22613350843332275,-0.23904572186687878,-0.5074460867172774,-0.22613350843332275,1.5347286916138454,-0.440852631121991,-0.23904572186687878,-0.3917616854995134,-0.2970442628930024,-0.16666666666666666,-0.34815531191139565,3.3693120968737333,other
A736,1.8709495181798146,-0.6239357334364467,-0.5167855078030441,0.5923428906213578,3.9050253347166373,0.21577253596126927,1.000108093261489,1.5196791017885853,0.3555852575700827,-0.7463106382041695,1.1138420905634232,-1.3671746013762702,0.5649160844617067,-1.8976509631072265,0.7993493800781114,-0.9570535322600185,2.5910853903992797,-1.6687376074818703,4.572979576478488,-3.4319638251019104,5.999999999999994,3.587342609339106,1.616979359950982,3.731438387778725,2.3002388078917164,-0.430098654663701,4.023191453915376,1.755496664798523,2.6122166597083964,4.004427249628798,4.663538884482601,-0.4611913643311311,0.3823752615041712,0.28572760098607175,2.638131403666421,5.287575505328427,2.8319314002932,3.2322489238167806,0.8592726012780145,-0.27869320571664713,5.656107251670336,1.4641864732068377,4.163410335153455,2.6347171388135195,1.58068557603208,2.668746628388602,1.6044585369343407,0.570761415415379,-0.4757694075808573,-0.4367605681674888,4.911348870304022,4.260232793517451,0.7824985300535979,3.2050178311619093,1.3390622603512976,-0.4916028693089743,3.1003419486100707,4.111192475293592,2.4805916905285064,3.020864522924337,3.6309795374108376,3.6526289927824873,2.9631642947967,1.4502906559402975,1.7754522421276469,1.1276721777828098,2.7062228900832235,-0.23549975795610875,0.6788793402867256,5.270095504755713,0.49668518214171153,3.9355501182722246,-1.3247389597561319,0.061382767457816075,1.5241322292502673,4.02363850698109,1.8756342604933531,0.5238827505809625,1.4232712090741664,0.877457499181675,5.198274600627541,3.203709721691596,0.0,5.198274600627541,2.327021587684165,4.623363934533626,1.674333662557393,3.4554163239334086,5.592548233558729,1.7167467937490946,4.877131100041324,-0.33678765702728175,3.828425538685996,1.1680408834309695,-0.23904572186687878,-0.34815531191139565,-0.2970442628930024,-0.23904572186687878,5.026155365907203,5.0063676267488875,3.3857285618810087,-0.22613350843332275,4.183300132670379,-0.5074460867172774,-0.22613350843332275,1.5347286916138454,2.917407117719058,4.183300132670379,1.420136109935736,3.366501646120693,-0.16666666666666666,2.872281323269014,-0.2546573096474334,other
Biphenyl,-1.7692590324165134,0.9905698719923397,1.082443479936429,-0.3834214643427365,-0.6064043885373521,-1.3500714049158322,-1.5078419059126036,-1.2964078591270596,-1.0484680904335246,-0.43818623903458453,-0.34971423174645816,0.09009617362301539,0.0635311991345617,0.7948068455335866,-0.4637906026711081,1.259372646683044,0.13035683572304765,-0.02454028053894787,-0.2896607904694033,-0.5624180731118991,-0.16666667627991202,-0.5558582394421452,-0.44521380353640494,-0.695064609863425,-0.7857598685464177,-0.430098654663701,-0.4084723337736647,-0.32545360669630063,-0.6077521669992291,-0.5296629446310762,-0.4426311005457209,-0.4611913643311311,-0.4661130666347928,1.2120377251794197,-0.4547804643848375,-0.5946112422222694,-0.7564147565876221,-0.9247971520577932,-1.1243222810867457,-0.27869320571664713,-0.32795925592045655,-0.5228649355700823,-0.7027817356669918,-0.5917065398618809,1.1696203011233939,1.036120810524309,-0.6690029671494622,-0.3325418891263275,-0.4757694075808573,-0.8894091917560623,-0.6812006274904691,-0.5769783465278698,-0.6065111276932532,-0.6840687851918078,1.6103906351301245,-0.4916028693089743,0.7647819765443726,-0.9556353110399138,-0.5892902921758093,-0.5607157880403726,-0.714176615975365,-0.7407562691648727,-0.5292505545050069,0.22577306120447388,-0.7331881006139016,0.02403744879648278,1.7901440643036837,-0.9988529700233045,-0.5106404698854043,-0.434418615276296,-0.9165983923481122,0.7997425747993202,-0.183603744099643,1.8882160434730706,-0.3997175483630203,-0.4876883207765948,-0.29354895467010755,-0.9997954405739023,-0.6418674080138397,-0.3712320188845549,-0.2970442628930024,-0.41574858983784074,0.917010954628728,-0.2970442628930024,0.6870254211258012,-0.311187957132071,-0.6634152247868915,-1.2388749671121941,-0.3195741847747845,-0.4456236358242331,-0.27869320571664713,-0.33678765702728175,0.22710998958306752,-0.016900897205031514,-0.23904572186687878,-0.34815531191139565,-0.2970442628930024,-0.23904572186687878,-0.443484296991812,-0.4417383200072547,-0.41039134083406165,-0.22613350843332275,-0.23904572186687878,-0.5074460867172774,-0.22613350843332275,-0.2970442628930024,-0.440852631121991,-0.23904572186687878,-0.3917616854995134,-0.2970442628930024,-0.16666666666666666,-0.34815531191139565,-0.2546573096474334,other
H40,0.9690095294008536,-0.6719565760603857,0.19085448361912985,-0.3247520885695788,1.0042078747960386,0.5020020735409548,1.2694181602868946,1.631762164909606,4.0476650664946225,-0.15147349322132467,-0.029689773766698957,-0.27831997056067315,0.34639037800760275,-0.34133033728459294,2.520372423044995,-0.9072869096109627,0.6233508536214215,-0.5648262687822264,0.5497702252934643,-0.32387392746969795,-0.16666667240270983,1.2135154287166274,0.8858918015720039,1.3507091748890425,0.9884992556440673,-0.430098654663701,1.8073595600708554,-0.32545360669630063,-0.6077521669992291,0.21555780153967669,1.2311736548266734,3.115587162557119,-0.4661130666347928,-1.0168303072842464,1.613163433625536,1.3558945288023931,-0.25074521018360685,0.30580366295526745,1.0795902678175213,-0.27869320571664713,0.33500865335444835,-0.5228649355700823,-0.025643039037269843,1.7673424616995552,0.3744945247346762,-0.5590933456782173,1.5813901814802582,1.835077025842483,-0.4757694075808573,0.7204891016711992,0.769249733718766,-0.09419271323435872,-0.6065111276932532,-0.3838406588449672,1.1713124403715824,-0.4916028693089743,-0.40106094803812603,1.2375089301590063,-0.5892902921758093,0.15560027415256938,0.39391045370032435,1.15475130824273,1.0405983825686131,-0.6155557210103012,0.24532915683625786,1.3573875659114327,1.573273191413185,-0.798351598846375,-0.45003487821101806,0.7762523674068345,1.6499755635945341,-0.03179920675116499,0.5654086870102594,0.649609638102022,-0.25164210516557595,-0.3576656476806863,-0.29354895467010755,-0.28190860051055266,2.4558405176181695,-0.3712320188845549,-0.2970442628930024,-0.41574858983784074,0.0,1.5347286916138454,0.6870254211258012,-0.311187957132071,4.0120825499016775,0.9702032874975013,0.6657795516141344,1.4464504900524287,-0.27869320571664713,-0.33678765702728175,0.22710998958306752,0.13356554572917587,-0.23904572186687878,2.872281323269014,3.366501646120693,-0.23904572186687878,0.6504436355879909,0.33656252952933696,3.3857285618810087,-0.22613350843332275,-0.23904572186687878,-0.5074460867172774,5.351826366255304,-0.2970442628930024,-0.440852631121991,-0.23904572186687878,-0.3917616854995134,-0.2970442628930024,-0.16666666666666666,2.872281323269014,-0.2546573096474334,other
L1000,-0.1864969602504762,-0.38818418665805293,0.3867063332082709,-0.65515331002894,-1.241702263881261,2.1688682041520635,1.2694181602868946,0.3988484705783785,-0.8717143294164592,0.6829300456925145,-1.7088827167782479,1.7180710746431929,-1.6325513227056792,1.2850073941859854,-1.99520788553452,-0.3657638999493354,-1.755778528993782,-1.0562626501789958,-0.9303393906856894,0.5040145779944127,-0.16666667629749748,-0.8898172035301815,-0.2884608083606055,-0.03135873629561963,-0.7857598685464177,-0.430098654663701,-0.4084723337736647,-0.32545360669630063,-0.6077521669992291,-0.5296629446310762,-0.4426311005457209,-0.4611913643311311,-0.4661130666347928,-1.5529188973238055,-0.6398955363946325,-0.14155286274118756,-0.7564147565876221,-0.2901081523151312,-1.1243222810867457,-0.27869320571664713,-0.32795925592045655,-0.5228649355700823,-0.41358906813274104,-0.06404990109837908,-1.283567592242598,-0.5590933456782173,-0.6690029671494622,-0.3325418891263275,-0.4757694075808573,-0.8894091917560623,-0.1944195727345851,-0.5769783465278698,-0.6065111276932532,-0.3603250700013896,-1.0879450146953715,-0.4916028693089743,-0.40106094803812603,-0.35809580936376356,-0.5892902921758093,-0.5607157880403726,-0.12915468985367043,-0.7407562691648727,-0.5292505545050069,-0.6155557210103012,-0.15717529611034778,-0.6426376097609922,-0.6268014891583832,-0.798351598846375,-0.5106404698854043,-0.434418615276296,0.4000833373327606,-0.39156027302313506,-0.183603744099643,-0.888268719376452,-0.3997175483630203,0.009109495751312598,-0.29354895467010755,1.8717519196794963,0.3907019005301633,-0.3712320188845549,-0.2970442628930024,-0.41574858983784074,-0.917010954628728,-0.2970442628930024,-0.9529707454325629,-0.311187957132071,0.5054592188852508,-0.9627401852859823,-0.3195741847747845,-0.715919939520899,-0.27869320571664713,-0.33678765702728175,-0.9733285267845754,-1.675839168793155,-0.23904572186687878,2.872281323269014,3.366501646120693,-0.23904572186687878,-0.443484296991812,-0.4417383200072547,-0.41039134083406165,-0.22613350843332275,-0.23904572186687878,-0.5074460867172774,-0.22613350843332275,-0.2970442628930024,-0.440852631121991,-0.23904572186687878,-0.3917616854995134,-0.2970442628930024,-0.16666666666666666,-0.34815531191139565,-0.2546573096474334,other
PiperonylButoxide,-0.7151561796520514,-0.31436119496437265,0.42395837049632307,-0.1549196850157017,0.4758866351105876,-0.5166383396102783,-0.026636537272871037,0.5529626823697822,-0.8371047850551923,-0.4955509770779054,0.24849860499865575,-0.3797709889150591,0.424446682239903,-0.309965044479047,-0.5834284974091276,-0.7507176626883347,1.3466186061179375,-1.0572878570660231,0.0965572970698554,-0.38000196173845124,-0.16666666985341208,1.5730062113730876,0.8732238327240974,2.3832345175428107,-0.7857598685464177,2.1957614097083122,2.139616416617914,-0.32545360669630063,-0.6077521669992291,-0.5296629446310762,-0.4426311005457209,-0.4611913643311311,-0.4661130666347928,-0.33647004500156824,0.6451365756560711,-0.14155286274118756,1.7719329754324542,2.0189203467486614,-1.1243222810867457,-0.27869320571664713,-0.32795925592045655,-0.5228649355700823,1.2243087396545158,2.589092945877195,-0.3429674019854247,1.089470083228542,1.335929846842267,-0.3325418891263275,1.8678140635703433,-0.8894091917560623,0.9739281127890475,2.1657798728543423,-0.6065111276932532,1.3843805573757078,-0.5482778847302723,-0.4916028693089743,-0.40106094803812603,0.4075109075638596,-0.5892902921758093,-0.5607157880403726,-0.714176615975365,2.3360346462014037,2.893912463029546,0.22577306120447388,-0.7331881006139016,-0.30930008048225466,0.364950865357829,-0.06891815926161936,1.7955169924875458,-0.434418615276296,-0.9165983923481122,0.7477852539868399,0.851718950325828,-0.3384177123371136,1.2324575460783076,1.692008373389582,-0.29354895467010755,0.9649474901257916,-0.6418674080138397,-0.3712320188845549,1.5347286916138454,0.48911598804451856,0.0,-0.2970442628930024,-0.1329726621533808,-0.311187957132071,-0.6634152247868915,0.14179894201886548,0.6657795516141344,2.797932008535758,-0.27869320571664713,-0.33678765702728175,0.22710998958306752,0.16313469882633552,-0.23904572186687878,-0.34815531191139565,-0.2970442628930024,-0.23904572186687878,-0.443484296991812,-0.4417383200072547,-0.41039134083406165,-0.22613350843332275,-0.23904572186687878,-0.5074460867172774,-0.22613350843332275,1.5347286916138454,0.038898761569587416,-0.23904572186687878,4.13798280308861,-0.2970442628930024,-0.16666666666666666,-0.34815531191139565,0.47013657165680006,other
Chlorothalonil,0.14320685411816486,-0.6753986936566392,0.1665768831199289,-0.4116533444140303,0.04980122136495626,-0.8473657464775616,-0.9523898926727039,-0.9221304876336509,0.61574953330965,-0.3529525682101937,0.31426863635203595,-0.1691465559052943,0.516246369894281,0.3244781934583904,0.2916724149702453,1.04210267634497,0.06797020577629302,1.6336265226037547,0.021570751218212402,0.0830543209787633,-0.1666666762772711,-0.2837456203797001,-0.37704810255083976,-0.695064609863425,1.2808960252366892,-0.430098654663701,-0.4084723337736647,-0.32545360669630063,-0.6077521669992291,-0.5296629446310762,-0.4426311005457209,2.5193985407215593,-0.4661130666347928,0.5620929517626372,-0.9448295257383371,-0.5946112422222694,1.6328676473263686,-0.9247971520577932,0.6471038556162442,4.877131100041324,-0.32795925592045655,-0.5228649355700823,-0.7027817356669918,-0.5917065398618809,-0.021160689105947653,1.1811407104183416,-0.6690029671494622,-0.3325418891263275,-0.4757694075808573,0.9633732565278232,-0.6812006274904691,-0.5769783465278698,2.1710709643011086,-0.16379125204565076,-1.0879450146953715,2.5366703415071625,-0.40106094803812603,0.4497492410980608,-0.5892902921758093,-0.5607157880403726,2.050044808720928,-0.7407562691648727,-0.5292505545050069,-0.6155557210103012,0.27665646416548634,-0.6426376097609922,-0.6268014891583832,1.2363353449716905,-0.5106404698854043,-0.434418615276296,2.0788912468570304,-0.4310801882636468,-0.183603744099643,-0.4211296135882977,-0.3997175483630203,-0.4876883207765948,-0.29354895467010755,-0.9997954405739023,-0.6418674080138397,-0.3712320188845549,-0.2970442628930024,-0.41574858983784074,0.0,-0.2970442628930024,-0.1329726621533808,-0.311187957132071,-0.6634152247868915,0.41793372384507743,-0.3195741847747845,-0.715919939520899,-0.27869320571664713,-0.33678765702728175,-0.37310926860075394,0.32426185983369826,-0.23904572186687878,-0.34815531191139565,-0.2970442628930024,-0.23904572186687878,-0.443484296991812,1.1148633790659288,-0.41039134083406165,-0.22613350843332275,-0.23904572186687878,-0.5074460867172774,-0.22613350843332275,-0.2970442628930024,-0.440852631121991,-0.23904572186687878,-0.3917616854995134,-0.2970442628930024,-0.16666666666666666,-0.34815531191139565,-0.2546573096474334,other pesticide
Pentachlorophenol,0.2874082714620187,-0.7119796604685887,-0.029107691735176612,-0.3278399504523767,0.052292055715268376,-0.9796567092244749,-1.322691234832637,-1.1422936473356557,0.6158942112828505,-0.10975085499077399,0.27439882977613395,-0.185400522685185,0.6525264087028417,0.6335088073872716,0.33372632997299057,-0.16933913399764808,-0.05294736244643451,1.4106062320152433,-0.43582654191131126,0.8618307964577148,-0.16666667629037582,-0.4342077736335558,-0.39327648223624867,-0.03135873629561963,0.9245179752152765,0.8828313775223057,-0.4084723337736647,-0.32545360669630063,-0.6077521669992291,-0.5296629446310762,-0.4426311005457209,-0.4611913643311311,-0.4661130666347928,1.090845914034248,-0.9448295257383371,-0.5946112422222694,0.3968339573239097,-0.2901081523151312,1.0899603897919918,-0.27869320571664713,-0.32795925592045655,-0.5228649355700823,-0.7027817356669918,-0.5917065398618809,-0.2680122278017535,0.2651883687751623,-0.6690029671494622,-0.3325418891263275,0.696022327994743,1.426568868598795,-0.4689856595729177,-0.5769783465278698,-0.6065111276932532,-0.6840687851918078,-1.0879450146953715,3.2937386442111967,-0.40106094803812603,-0.35809580936376356,-0.5892902921758093,0.20221240596857848,2.018631940464167,-0.7407562691648727,-0.5292505545050069,-0.6155557210103012,-0.7331881006139016,-0.6426376097609922,-0.6268014891583832,1.278628550278337,-0.5106404698854043,-0.434418615276296,0.6514688839610062,-0.39156027302313506,-0.41080043418986223,-0.888268719376452,-0.3997175483630203,-0.4876883207765948,-0.29354895467010755,-0.9997954405739023,0.3907019005301633,-0.3712320188845549,-0.2970442628930024,-0.41574858983784074,0.0,-0.2970442628930024,-0.1329726621533808,-0.311187957132071,0.5054592188852508,0.41793372384507743,-0.3195741847747845,-0.715919939520899,-0.27869320571664713,-0.33678765702728175,-0.37310926860075394,0.6286757965015111,-0.23904572186687878,-0.34815531191139565,-0.2970442628930024,4.183300132670379,-0.443484296991812,-0.4417383200072547,-0.41039134083406165,-0.22613350843332275,-0.23904572186687878,-0.5074460867172774,-0.22613350843332275,-0.2970442628930024,-0.440852631121991,-0.23904572186687878,-0.3917616854995134,-0.2970442628930024,-0.16666666666666666,-0.34815531191139565,-0.2546573096474334,other pesticide
Quinoxyfen,1.3576713529660736,-0.2970436038894575,0.0016685444060829371,-0.3031370553899945,0.29785659976574536,-0.05361996999608136,0.713966147046995,1.3235337413267991,0.6154512766963615,-0.29786089347037015,0.08594851745490235,-0.32072278982121216,0.42789633858614534,0.32761968241037104,0.19056164285468324,-0.15718661733821968,0.4222811502453859,-0.47858300962579203,0.7479524737700651,-0.7588661930525353,-0.16666667555848927,-0.015896940411346372,-0.13052495816132517,-0.07940478438217786,2.162453495696909,-0.430098654663701,-0.4084723337736647,-0.32545360669630063,-0.6077521669992291,0.24500289894988486,1.0318330356801324,-0.4611913643311311,-0.4661130666347928,-0.49541297278058416,0.9253874110979587,0.17474986391016978,0.46247637203411196,0.2096299247424078,0.17760116275898774,-0.27869320571664713,0.33500865335444835,-0.5228649355700823,-0.7027817356669918,-0.5917065398618809,1.3257247535800936,1.089470083228542,0.33346343984640237,0.4946237513967119,1.8678140635703433,0.0369820323858805,-0.47407849533600716,-0.5769783465278698,0.10647305233223948,-0.6840687851918078,1.0765271335301558,1.022533736099094,0.7413142401243943,-0.30227031958779105,-0.5892902921758093,0.09522339807981865,-0.1990770940854157,1.7658953584446884,-0.5292505545050069,0.30182609238263425,2.3057757102825778,-0.6426376097609922,-0.3785885845317475,0.09812660024968918,1.044627664360214,-0.14995659898394492,-0.6323987967594041,-0.09241122251229367,0.28261018682872807,0.5537673220954273,0.19878487615819584,-0.4876883207765948,-0.29354895467010755,-0.9997954405739023,-0.6418674080138397,-0.3712320188845549,-0.2970442628930024,-0.41574858983784074,0.917010954628728,1.5347286916138454,1.5070235044049833,-0.311187957132071,-0.6634152247868915,0.14179894201886548,0.6657795516141344,-0.17532733212756713,-0.27869320571664713,-0.33678765702728175,0.827329247766889,1.0310734016932899,-0.23904572186687878,-0.34815531191139565,-0.2970442628930024,-0.23904572186687878,-0.443484296991812,0.33656252952933696,-0.41039134083406165,-0.22613350843332275,-0.23904572186687878,-0.5074460867172774,-0.22613350843332275,-0.2970442628930024,0.038898761569587416,-0.23904572186687878,0.5141872122181113,-0.2970442628930024,-0.16666666666666666,2.872281323269014,-0.2546573096474334,other pesticide
Trifluralin,1.345814805280437,-0.368341246735026,-3.1111342465458263,-0.25883295011507007,0.45731112045094713,-0.05361996999608136,-0.08298674151460024,-0.2444108482031311,-0.6272362650075068,-0.40981973947710465,0.7725416058155169,-0.8046041131166924,0.5733613011548786,-0.8156473894627027,-0.3452002940028132,-1.2534610294292712,0.472096190325929,1.5305468527091266,0.2890650098347631,-1.1447464286502151,-0.166666675224466,0.5063819603658962,0.3372040618798594,-0.058213259256120024,-0.7857598685464177,0.8686446928057818,-0.4084723337736647,3.6815915670241766,1.0494805816524513,2.614498636719608,-0.4426311005457209,3.269223820196945,-0.4661130666347928,-0.9217723542046706,-0.3792601819363699,1.1349716973321906,0.4230228304352697,1.9360877518289272,-0.47298811386662837,-0.27869320571664713,-0.32795925592045655,-0.5228649355700823,0.6699505179680041,0.845013274893337,0.2500803645345083,-0.5590933456782173,0.36796917040186944,5.363510234889114,-0.4757694075808573,-0.8894091917560623,0.27196984582990796,0.04494366109776843,1.8727995653063731,0.8240136644557884,-0.5482778847302723,-0.4916028693089743,-0.40106094803812603,1.6885434427934507,1.8593204178842406,4.429311571139949,0.9484681428056192,1.1885946251655628,-0.5292505545050069,-0.2450631326439641,0.41883750839320605,-0.6426376097609922,-0.6268014891583832,-0.9988529700233045,2.7082313457799745,1.0319989593414927,2.972042407852612,-2.074586991272507,-0.183603744099643,-0.7953142887183134,-1.8295055744158737,0.5586477993171041,-0.29354895467010755,0.5464223687933123,-0.6418674080138397,-0.3712320188845549,-0.2970442628930024,-0.41574858983784074,0.0,-0.2970442628930024,-0.1329726621533808,-0.311187957132071,-0.6634152247868915,1.522472851149925,-0.3195741847747845,1.1761541863557625,-0.27869320571664713,-0.33678765702728175,-0.37310926860075394,0.3760029330792979,-0.23904572186687878,-0.34815531191139565,-0.2970442628930024,-0.23904572186687878,-0.443484296991812,1.8931642286025203,-0.41039134083406165,-0.22613350843332275,-0.23904572186687878,1.4348475555454052,2.5628464289109907,-0.2970442628930024,-0.440852631121991,-0.23904572186687878,-0.3917616854995134,-0.2970442628930024,6.0,-0.34815531191139565,-0.2546573096474334,other pesticide
Anthracene,-1.7342957241103818,1.0379758187792538,1.106365134381283,-0.2951968391199431,-0.46528452352980315,-1.32361321236645,-1.5871921935183035,-1.450522070918463,-1.0461485833842503,-0.4750544243903074,-0.268286084691119,0.007711021651221134,0.15885987578114086,0.7673667794869672,-0.16107651667532824,1.44015286977598,0.20898107774495744,0.058812039289025474,0.12631958438261057,-0.744834184485347,-0.16666667624149017,-0.6561459511325869,-0.5237473120968215,-0.695064609863425,-0.7857598685464177,-0.430098654663701,-0.4084723337736647,-0.32545360669630063,-0.6077521669992291,-0.5296629446310762,-0.4426311005457209,-0.4611913643311311,-0.4661130666347928,0.6590464006787746,0.5383946456445783,-0.5946112422222694,-0.7564147565876221,-0.9247971520577932,-0.3018632008807681,-0.27869320571664713,-0.32795925592045655,-0.5228649355700823,-0.7027817356669918,-0.5917065398618809,1.1696203011233939,-0.5590933456782173,-0.6690029671494622,-0.3325418891263275,-0.4757694075808573,-0.8894091917560623,-0.6812006274904691,-0.5769783465278698,-0.6065111276932532,-0.6840687851918078,1.6103906351301245,-0.4916028693089743,1.8563475689662354,-0.9556353110399138,-0.5892902921758093,-0.5607157880403726,-0.714176615975365,-0.7407562691648727,-0.5292505545050069,1.0134997190719668,-0.7331881006139016,-0.6426376097609922,2.3943804526692003,-0.9988529700233045,-0.5106404698854043,-0.434418615276296,-0.004214458122276325,-0.39156027302313506,-0.183603744099643,1.97374797501025,-0.3997175483630203,-0.4876883207765948,-0.29354895467010755,-0.9997954405739023,-0.6418674080138397,-0.3712320188845549,-0.2970442628930024,-0.41574858983784074,1.834021909257456,-0.2970442628930024,1.5070235044049833,-0.311187957132071,-0.6634152247868915,-1.2388749671121941,-0.3195741847747845,-0.715919939520899,-0.27869320571664713,-0.33678765702728175,0.827329247766889,0.2992615859107497,-0.23904572186687878,-0.34815531191139565,-0.2970442628930024,-0.23904572186687878,-0.443484296991812,-0.4417383200072547,-0.41039134083406165,-0.22613350843332275,-0.23904572186687878,-0.5074460867172774,-0.22613350843332275,-0.2970442628930024,0.5186501542611659,-0.23904572186687878,-0.3917616854995134,-0.2970442628930024,-0.16666666666666666,-0.34815531191139565,-0.2546573096474334,PAH
Benzo(a)pyrene,-1.7144473229335164,1.0469109344928142,1.110873909440356,-0.2105011989060615,-0.03008171612453881,-1.3871128744849681,-0.7302090873767438,0.3988484705783785,-1.0356797648432234,-0.6499171454109658,0.08230257103031666,-0.41490976560700843,0.4724357319997875,0.4494941141462974,0.1029137045619724,1.4623993876908954,0.5867822205977251,-0.3078462094271955,1.3894352744283076,-1.2920825186056908,-0.16666667448011102,-0.48679968377413785,-0.5016298315083731,-0.695064609863425,-0.7857598685464177,-0.430098654663701,-0.4084723337736647,-0.32545360669630063,-0.6077521669992291,-0.5296629446310762,-0.4426311005457209,-0.4611913643311311,-0.4661130666347928,1.4885333874297422,1.220097272669081,-0.5946112422222694,-0.7564147565876221,-0.9247971520577932,0.5205958793252095,-0.27869320571664713,-0.32795925592045655,-0.5228649355700823,-0.7027817356669918,-0.5917065398618809,1.6602578797965923,-0.5590933456782173,-0.6690029671494622,-0.3325418891263275,-0.4757694075808573,-0.8894091917560623,-0.6812006274904691,-0.5769783465278698,-0.6065111276932532,-0.6840687851918078,2.1500577650952235,-0.4916028693089743,4.113756085970597,-0.9556353110399138,-0.5892902921758093,-0.5607157880403726,-0.714176615975365,-0.7407562691648727,-0.5292505545050069,2.6425551591542344,-0.7331881006139016,-0.6426376097609922,2.998616841034717,-0.9988529700233045,-0.5106404698854043,-0.434418615276296,0.9656282571784538,-0.39156027302313506,-0.183603744099643,2.653952042987322,-0.3997175483630203,-0.4876883207765948,-0.29354895467010755,-0.9997954405739023,-0.6418674080138397,-0.3712320188845549,-0.2970442628930024,-0.41574858983784074,3.668043818514912,-0.2970442628930024,3.1470196709633473,-0.311187957132071,-0.6634152247868915,-1.2388749671121941,-0.3195741847747845,-0.715919939520899,-0.27869320571664713,-0.33678765702728175,2.0277677641345315,1.1617117001593356,-0.23904572186687878,-0.34815531191139565,-0.2970442628930024,-0.23904572186687878,-0.443484296991812,-0.4417383200072547,-0.41039134083406165,-0.22613350843332275,-0.23904572186687878,-0.5074460867172774,-0.22613350843332275,-0.2970442628930024,0.5186501542611659,-0.23904572186687878,-0.3917616854995134,-0.2970442628930024,-0.16666666666666666,-0.34815531191139565,-0.2546573096474334,PAH
Ibuprofen,0.7409502653007942,-0.16185500764126137,-0.3060738330140049,-0.15121425075634434,-0.3004958575849708,0.39087766483354747,0.6769360128310018,0.645431209444624,-0.8626424941172798,-0.5722202065939376,0.15222001625357157,-0.28302629593205186,0.06982186393711758,-0.22096530779728876,-0.35417725719925225,-0.9354200246143861,0.06991886345393249,0.3533786141461786,-0.22995181703737172,-0.3870179660220454,-0.16666667626547468,-0.0966085374161252,0.09338375940450279,-0.03135873629561963,-0.7857598685464177,-0.430098654663701,-0.4084723337736647,-0.32545360669630063,0.9939398791274884,0.21555780153967669,-0.4426311005457209,-0.4611913643311311,-0.4661130666347928,0.18421029479661927,0.39357355131811306,-0.5946112422222694,-0.30347721629290475,0.30580366295526745,-0.89644886080594,-0.27869320571664713,-0.32795925592045655,0.514750075728314,0.6801638301011412,-0.5917065398618809,0.1476701766877737,-0.5590933456782173,-0.6690029671494622,-0.3325418891263275,-0.4757694075808573,-0.8894091917560623,-0.22091572236810855,0.5523515337864539,0.1188134740510522,1.0841524310288668,-0.008610754765173118,-0.4916028693089743,-0.40106094803812603,0.14610583639065475,0.2937844095406626,0.15560027415256938,-0.714176615975365,-0.2835790131424766,0.40760437542792216,-0.19489132990291363,-0.15717529611034778,0.6907125073539577,0.06283267117507073,-0.798351598846375,-0.5106404698854043,0.2927133305221578,0.6228594316457055,0.6074643838372807,-0.5325903689929478,0.16341281024030826,-0.010642390246424913,1.0709589953204819,-0.29354895467010755,0.32553411031228163,0.3907019005301633,-0.3712320188845549,-0.2970442628930024,-0.41574858983784074,0.0,-0.2970442628930024,-0.1329726621533808,-0.311187957132071,0.5054592188852508,-0.6866054034597703,-0.3195741847747845,0.3652652752657648,-0.27869320571664713,1.4433756729740643,-0.37310926860075394,-0.1555495682492376,4.183300132670379,-0.34815531191139565,-0.2970442628930024,-0.23904572186687878,0.6504436355879909,-0.4417383200072547,-0.41039134083406165,-0.22613350843332275,-0.23904572186687878,-0.5074460867172774,-0.22613350843332275,-0.2970442628930024,-0.440852631121991,-0.23904572186687878,-0.3917616854995134,-0.2970442628930024,-0.16666666666666666,-0.34815531191139565,-0.2546573096474334,PPCP
Verapamil,0.5898159032965762,-0.5030644347993409,-0.17585539609066844,-0.14762110238363432,1.1583223756122933,-0.39036060244276993,-0.009804658083783186,0.3428069390178678,-0.851377702546647,-0.937825932079048,0.7124841067856098,-1.1249297234217828,0.522089683886872,-0.9861040297619599,-0.5924490714422692,-0.3984111009662172,1.0582190928832709,-0.5676141183685693,1.1034921144563963,-1.5095786513971106,-0.16666640459561166,1.856459760700781,0.8794176667877487,2.4044260426688684,-0.7857598685464177,4.821621474080326,-0.4084723337736647,-0.32545360669630063,-0.6077521669992291,-0.5296629446310762,-0.4426311005457209,1.0291035881952144,-0.4661130666347928,-0.3687810297040257,2.321539586373875,-0.1458130425135839,2.2991943283075837,1.4301768469873706,-1.1243222810867457,2.299218947162339,0.32382583830589795,0.514750075728314,0.9063387257322708,3.2878310199398713,0.6383077553609721,3.6081505401835807,3.3408626608339955,-0.3325418891263275,4.211397534721543,-0.8894091917560623,1.5411448457566086,0.6148280400235493,1.5076045200482333,1.0841524310288668,0.5310563751999261,-0.4916028693089743,-0.40106094803812603,0.933274779528045,-0.1870225979995106,0.22542420701448854,-0.1901616854334965,0.14758025490482563,3.3336598873093024,-0.19489132990291363,1.632779470417961,1.024050036632695,1.2622266044994428,-0.2549051214139564,1.292262672015699,-0.2781293942464441,0.8649845328390616,0.3574966883465789,1.6850530918539912,1.0505670325072938,0.5739478137931759,1.0719441358754676,5.407276650493868,0.4891550425204525,-0.6418674080138397,-0.3712320188845549,-0.2970442628930024,-0.41574858983784074,0.917010954628728,-0.2970442628930024,0.6870254211258012,-0.311187957132071,-0.6634152247868915,0.41793372384507743,-0.3195741847747845,2.797932008535758,-0.27869320571664713,1.4433756729740643,0.22710998958306752,0.8432153307121407,-0.23904572186687878,-0.34815531191139565,-0.2970442628930024,-0.23904572186687878,-0.443484296991812,1.1148633790659288,-0.41039134083406165,-0.22613350843332275,4.183300132670379,-0.5074460867172774,-0.22613350843332275,-0.2970442628930024,-0.440852631121991,-0.23904572186687878,3.2320339053709852,-0.2970442628930024,-0.16666666666666666,-0.34815531191139565,-0.2546573096474334,PPCP
1-2Dichloroethane,-0.9171404543401509,0.024492253000564162,0.59494820698456,-0.5439902822482203,-0.9309883025077584,-0.05361996999608136,-0.3969378794328043,-0.9881794355442525,0.6155843752078031,0.7658326538350055,-1.061597361193806,1.341013844202953,-0.7553525904599278,1.089493187722189,0.07862322151230186,1.137549543194643,-1.0931716838709908,-0.6284398260750939,-0.9232839430831343,0.9390068435772505,-0.1666666762974269,-0.46212040851351865,-0.12263105745705083,-0.695064609863425,-0.7857598685464177,-0.430098654663701,-0.4084723337736647,-0.32545360669630063,-0.6077521669992291,-0.5296629446310762,-0.4426311005457209,-0.4611913643311311,1.2704041787799523,-1.5529188973238055,-0.9448295257383371,0.21181600937093764,-0.7564147565876221,-0.9247971520577932,-0.23860921273525074,-0.27869320571664713,-0.32795925592045655,-0.5228649355700823,-0.7027817356669918,0.3475028694648669,-1.283567592242598,-0.5590933456782173,-0.6690029671494622,-0.3325418891263275,-0.4757694075808573,0.0369820323858805,-0.19248309169885042,-0.5769783465278698,-0.6065111276932532,-0.6840687851918078,-1.0879450146953715,-0.4916028693089743,-0.40106094803812603,-0.9556353110399138,-0.5892902921758093,-0.5607157880403726,-0.714176615975365,0.16774204743731794,-0.5292505545050069,-0.6155557210103012,-0.7331881006139016,-0.6426376097609922,-0.6268014891583832,-0.087860361902648,-0.5106404698854043,-0.434418615276296,-0.9165983923481122,-0.39156027302313506,0.5133541512315035,-0.888268719376452,-0.3997175483630203,-0.4876883207765948,-0.29354895467010755,1.8717519196794963,-0.6418674080138397,-0.3712320188845549,-0.2970442628930024,-0.41574858983784074,-0.917010954628728,-0.2970442628930024,-0.9529707454325629,-0.311187957132071,-0.6634152247868915,-0.6866054034597703,-0.3195741847747845,-0.4456236358242331,-0.27869320571664713,-0.33678765702728175,-0.9733285267845754,-0.9512465776798213,-0.23904572186687878,-0.34815531191139565,-0.2970442628930024,-0.23904572186687878,-0.443484296991812,-0.4417383200072547,-0.41039134083406165,-0.22613350843332275,-0.23904572186687878,0.7874163414578442,-0.22613350843332275,-0.2970442628930024,-0.440852631121991,-0.23904572186687878,-0.3917616854995134,-0.2970442628930024,-0.16666666666666666,-0.34815531191139565,-0.2546573096474334,solvent
124-Trichlorobenzene,-0.7592587049608474,-0.0657159134574748,0.5494279983952709,-0.3834214643427365,-0.4463976545763738,-0.3005631004569864,0.2819479145270731,0.3988484705783785,0.6156196208599641,-0.05073669084046083,-0.27333462649331186,0.2979047083386901,0.20632938583826488,1.0111116408227554,0.22593028812749527,1.3649138786265962,-0.47014338750530915,0.8699442641263329,-0.45900375396589077,0.5952226336811367,-0.16666667629575055,-0.6727478051611091,-0.34434242954738586,-0.695064609863425,-0.7857598685464177,-0.430098654663701,-0.4084723337736647,-0.32545360669630063,-0.6077521669992291,-0.5296629446310762,-0.4426311005457209,-0.4611913643311311,-0.4661130666347928,0.033339989491026456,-0.14330798137992456,-0.25019066348727415,0.012417719353399139,-0.9247971520577932,0.20424732144049668,-0.27869320571664713,-0.32795925592045655,-0.5228649355700823,-0.7027817356669918,-0.5917065398618809,0.061721994431706124,-0.5590933456782173,-0.6690029671494622,-0.3325418891263275,-0.4757694075808573,0.5001776444568518,-0.6812006274904691,-0.5769783465278698,-0.6065111276932532,-0.6840687851918078,-0.27844431974772266,1.7796020388031282,-0.40106094803812603,-0.9556353110399138,-0.5892902921758093,-0.5607157880403726,-0.714176615975365,0.4232874137552216,-0.5292505545050069,-0.6155557210103012,0.7808663792739451,-0.6426376097609922,-0.6268014891583832,0.3676359421576802,-0.5106404698854043,-0.434418615276296,-0.6347989741657702,-0.39156027302313506,-0.183603744099643,-0.2266807546722954,-0.3997175483630203,-0.4876883207765948,-0.29354895467010755,-0.9997954405739023,-0.6418674080138397,-0.3712320188845549,-0.2970442628930024,-0.41574858983784074,0.0,-0.2970442628930024,-0.1329726621533808,-0.311187957132071,-0.6634152247868915,-0.41047062163355835,-0.3195741847747845,-0.715919939520899,-0.27869320571664713,-0.33678765702728175,-0.37310926860075394,0.12807695711080622,-0.23904572186687878,-0.34815531191139565,-0.2970442628930024,-0.23904572186687878,-0.443484296991812,-0.4417383200072547,-0.41039134083406165,-0.22613350843332275,-0.23904572186687878,-0.5074460867172774,-0.22613350843332275,-0.2970442628930024,-0.440852631121991,-0.23904572186687878,-0.3917616854995134,-0.2970442628930024,-0.16666666666666666,-0.34815531191139565,-0.2546573096474334,solvent
Acetone,0.35812380374888236,-0.500166738123205,0.3301984880629465,-0.6180989674353667,-1.1711423313774865,1.057624117077991,0.15851413380709534,-0.5258368001700422,-0.880403696830785,0.20562407049688372,-1.046339211363006,1.5920604797048432,-1.2336511742608869,0.9149910330904082,-0.3822132617613672,-0.9062429337611758,-1.9124336072802803,0.40846308337633486,-0.8792249883956387,0.30055045377018214,-0.16666667629748907,-1.1315102899636278,1.0285370766441861,-0.07190874599343801,0.19887857497227068,-0.430098654663701,-0.4084723337736647,-0.32545360669630063,-0.6077521669992291,-0.5296629446310762,-0.4426311005457209,-0.4611913643311311,-0.4661130666347928,-1.5529188973238055,-0.33496154705092795,-0.5946112422222694,-0.7564147565876221,-0.3288853367873947,-0.9035515644491259,-0.27869320571664713,-0.32795925592045655,-0.5228649355700823,-0.12439640059849032,-0.5917065398618809,-1.283567592242598,-0.5590933456782173,-0.6690029671494622,-0.3325418891263275,-0.4757694075808573,-0.8894091917560623,-0.4408629095351812,-0.09419271323435872,-0.6065111276932532,-0.03658135481097135,-1.0879450146953715,-0.4916028693089743,-0.40106094803812603,-0.4514336652854954,-0.5892902921758093,0.15560027415256938,-0.20208556971048697,-0.7407562691648727,-0.5292505545050069,0.43148124790807657,-0.7331881006139016,-0.6426376097609922,-0.6268014891583832,-0.9988529700233045,-0.5106404698854043,0.20366780307211005,-0.9165983923481122,-0.39156027302313506,-0.07934965449332176,-0.888268719376452,-0.3997175483630203,0.2986103816416758,-0.29354895467010755,0.9145694662616968,-0.6418674080138397,-0.3712320188845549,-0.2970442628930024,-0.41574858983784074,-0.917010954628728,-0.2970442628930024,-0.9529707454325629,-0.311187957132071,-0.6634152247868915,-0.9627401852859823,-0.3195741847747845,-0.715919939520899,-0.27869320571664713,-0.33678765702728175,-0.9733285267845754,-1.3807904454975866,-0.23904572186687878,-0.34815531191139565,-0.2970442628930024,-0.23904572186687878,0.6504436355879909,-0.4417383200072547,-0.41039134083406165,-0.22613350843332275,-0.23904572186687878,-0.5074460867172774,-0.22613350843332275,-0.2970442628930024,-0.440852631121991,-0.23904572186687878,-0.3917616854995134,-0.2970442628930024,-0.16666666666666666,-0.34815531191139565,-0.2546573096474334,solvent
Acide Acrylique,0.3016446134082081,0.3956936735980133,-0.448354045050415,-0.6255098359540814,-1.0889976693010333,2.1688682041520635,1.7137797708788147,0.7687225788777471,-0.8627917365080798,0.3801892940508781,-0.7828911455099904,1.3002316125522626,-1.1535606711524533,0.5422382645573843,-0.325201039830702,-0.9267317534049194,-1.0817056992631107,0.9114148758501571,-0.8147633910979434,-0.022185743275149182,-0.16666667629737872,-1.0055787586599751,0.04587336684817492,-0.03135873629561963,-0.7857598685464177,-0.430098654663701,-0.4084723337736647,-0.32545360669630063,0.9939398791274884,-0.5296629446310762,1.1675522308591677,-0.4611913643311311,-0.4661130666347928,-1.2530611475025202,-0.9448295257383371,-0.17795602754119808,-0.7564147565876221,0.30580366295526745,-0.89644886080594,-0.27869320571664713,-0.32795925592045655,-0.5228649355700823,-0.7027817356669918,-0.5917065398618809,-0.7718118084956812,-0.5590933456782173,-0.6690029671494622,-0.3325418891263275,-0.4757694075808573,-0.8894091917560623,-0.22091572236810855,-0.09419271323435872,-0.6065111276932532,-0.6840687851918078,-0.5250493314813188,-0.4916028693089743,-0.40106094803812603,0.14610583639065475,-0.14584377318567102,0.15560027415256938,-0.714176615975365,-0.7407562691648727,-0.05426560239195665,-0.6155557210103012,-0.7331881006139016,-0.6426376097609922,-0.299156269879337,-0.798351598846375,-0.5106404698854043,0.19053072975317226,0.4061231617808378,-0.39156027302313506,-0.7975444940035336,-0.888268719376452,-0.08897011989458223,0.2741874673998962,-0.29354895467010755,-0.9997954405739023,0.3907019005301633,-0.3712320188845549,-0.2970442628930024,-0.41574858983784074,-0.917010954628728,-0.2970442628930024,-0.9529707454325629,-0.311187957132071,0.5054592188852508,-0.6866054034597703,-0.3195741847747845,-0.4456236358242331,-0.27869320571664713,-0.33678765702728175,-0.9733285267845754,-1.5480687814970686,4.183300132670379,-0.34815531191139565,-0.2970442628930024,-0.23904572186687878,0.6504436355879909,-0.4417383200072547,-0.41039134083406165,-0.22613350843332275,-0.23904572186687878,-0.5074460867172774,-0.22613350843332275,-0.2970442628930024,-0.440852631121991,-0.23904572186687878,-0.3917616854995134,-0.2970442628930024,-0.16666666666666666,-0.34815531191139565,-0.2546573096474334,solvent
Benzene,-1.8042223407226452,1.963449394110146,1.573371081260088,-0.5069359396546471,-1.0534504083252327,-1.5352787527615113,-2.0632939191525033,-2.066978918084077,-1.072755140705328,-0.023869404391399306,-1.1542180527863821,1.1075010263565308,-0.6613411718967924,1.5692986125183095,-1.0090364876408646,1.3816564010081065,-0.5822642163107049,0.6550286462366108,-0.7798730704839841,-0.015169738991555015,-0.16666667629695256,-0.983337743868818,-0.6569240140630744,-0.695064609863425,-0.7857598685464177,-0.430098654663701,-0.4084723337736647,-0.32545360669630063,-0.6077521669992291,-0.5296629446310762,-0.4426311005457209,-0.4611913643311311,-0.4661130666347928,0.10605507617812972,-0.9448295257383371,-0.5946112422222694,-0.7564147565876221,-0.9247971520577932,-1.1243222810867457,-0.27869320571664713,-0.32795925592045655,-0.5228649355700823,-0.7027817356669918,-0.5917065398618809,0.18834514377699726,-0.5590933456782173,-0.6690029671494622,-0.3325418891263275,-0.4757694075808573,-0.8894091917560623,-0.6812006274904691,-0.5769783465278698,-0.6065111276932532,-0.6840687851918078,0.5310563751999261,-0.4916028693089743,-0.40106094803812603,-0.9556353110399138,-0.5892902921758093,-0.5607157880403726,-0.714176615975365,-0.7407562691648727,-0.5292505545050069,-0.6155557210103012,-0.7331881006139016,1.3573875659114327,-0.6268014891583832,-0.9988529700233045,-0.5106404698854043,-0.434418615276296,-0.9165983923481122,-0.39156027302313506,-0.183603744099643,0.7149910907506125,-0.3997175483630203,-0.4876883207765948,-0.29354895467010755,-0.9997954405739023,-0.6418674080138397,-0.3712320188845549,-0.2970442628930024,-0.41574858983784074,0.0,-0.2970442628930024,-0.1329726621533808,-0.311187957132071,-0.6634152247868915,-1.2388749671121941,-0.3195741847747845,-0.715919939520899,-0.27869320571664713,-0.33678765702728175,-0.37310926860075394,-0.8411781248465825,-0.23904572186687878,-0.34815531191139565,-0.2970442628930024,-0.23904572186687878,-0.443484296991812,-0.4417383200072547,-0.41039134083406165,-0.22613350843332275,-0.23904572186687878,-0.5074460867172774,-0.22613350843332275,-0.2970442628930024,-0.440852631121991,-0.23904572186687878,-0.3917616854995134,-0.2970442628930024,-0.16666666666666666,-0.34815531191139565,-0.2546573096474334,solvent
Hydrazine,-1.223293525789996,4.651030629273802,2.9295593647478793,-0.8774793655903792,-1.3240819103303851,-0.05361996999608136,-0.9523898926727039,-1.450522070918463,-0.9676755593601263,3.4863352976135586,-3.1688593499847473,2.5997053660098457,-4.198335509628467,-0.07109998268087696,-2.48718490228746,0.8123259430657618,-1.6361780202469347,-1.8486768929958912,-0.9363290025821664,0.4759505608600361,-0.1666666762975105,-1.1643879855161867,-4.712370614723205,-0.695064609863425,-0.7857598685464177,-0.430098654663701,-0.4084723337736647,-0.32545360669630063,-0.6077521669992291,1.2866037485973716,-0.4426311005457209,-0.4611913643311311,-0.4661130666347928,-1.5529188973238055,-0.9448295257383371,-0.5946112422222694,-0.7564147565876221,-0.9247971520577932,-1.1243222810867457,-0.27869320571664713,-0.32795925592045655,1.5259821840719967,-0.7027817356669918,-0.5917065398618809,-1.283567592242598,-0.5590933456782173,1.8039757659154805,-0.3325418891263275,-0.4757694075808573,-0.8894091917560623,-0.6812006274904691,-0.5769783465278698,-0.6065111276932532,-0.6840687851918078,-1.0879450146953715,-0.4916028693089743,-0.40106094803812603,0.5814855820508849,-0.5892902921758093,-0.5607157880403726,-0.714176615975365,-0.7407562691648727,-0.5292505545050069,-0.6155557210103012,-0.7331881006139016,-0.6426376097609922,-0.044846269061304005,-0.9988529700233045,-0.5106404698854043,-0.434418615276296,-0.9165983923481122,-0.39156027302313506,4.820592557003769,-0.888268719376452,-0.3997175483630203,-0.4876883207765948,-0.29354895467010755,-0.9997954405739023,3.4884098261621723,-0.3712320188845549,-0.2970442628930024,-0.41574858983784074,-0.917010954628728,-0.2970442628930024,-0.9529707454325629,-0.311187957132071,1.674333662557393,-0.6866054034597703,-0.3195741847747845,-0.715919939520899,-0.27869320571664713,-0.33678765702728175,-0.9733285267845754,-2.259211858158183,-0.23904572186687878,-0.34815531191139565,-0.2970442628930024,-0.23904572186687878,-0.443484296991812,-0.4417383200072547,-0.41039134083406165,5.351826366255304,-0.23904572186687878,-0.5074460867172774,-0.22613350843332275,-0.2970442628930024,-0.440852631121991,-0.23904572186687878,-0.3917616854995134,3.366501646120693,-0.16666666666666666,-0.34815531191139565,-0.2546573096474334,solvent
Nitric Acid,0.043454028993697255,1.291554085319232,-0.7999584148435461,-0.65515331002894,-1.1421687582271562,2.1688682041520635,1.2694181602868946,0.3988484705783785,-0.8234874423007178,3.6569802103828897,-0.9715090654981565,1.5971353720537602,-1.472936522550536,0.5590855967587406,-1.9989303265588954,-1.6902695033230297,-1.9124336072802803,0.40846308337633486,-0.8792249883956387,-0.029201747558743347,-0.16666667629748907,-1.2344707375615664,-0.7926367445754485,-0.01826721890255302,-0.7857598685464177,-0.430098654663701,-0.4084723337736647,1.4664338528618739,-0.6077521669992291,-0.5296629446310762,-0.4426311005457209,-0.4611913643311311,0.2908811194187304,-1.5529188973238055,-0.9448295257383371,-0.5946112422222694,-0.7564147565876221,0.35462560649523056,-1.1243222810867457,-0.27869320571664713,-0.32795925592045655,-0.5228649355700823,-0.7027817356669918,-0.5917065398618809,-0.8745530560866376,-0.5590933456782173,-0.6690029671494622,-0.3325418891263275,-0.4757694075808573,-0.8894091917560623,-0.2534121204115671,-0.5769783465278698,0.63314421880656,-0.6840687851918078,-1.0879450146953715,-0.4916028693089743,-0.40106094803812603,0.9161431477449424,-0.21141658674310765,-0.5607157880403726,-0.714176615975365,-0.7407562691648727,-0.5292505545050069,-0.6155557210103012,-0.7331881006139016,-0.6426376097609922,-0.6268014891583832,-0.39727075663027234,-0.5106404698854043,0.13047553743802814,1.4558446508566896,-0.39156027302313506,-0.183603744099643,-0.888268719376452,-0.3997175483630203,-0.4876883207765948,-0.29354895467010755,-0.9997954405739023,0.3907019005301633,-0.3712320188845549,-0.2970442628930024,-0.41574858983784074,-0.917010954628728,-0.2970442628930024,-0.9529707454325629,-0.311187957132071,0.5054592188852508,-0.13433583980734645,-0.3195741847747845,-0.715919939520899,-0.27869320571664713,-0.33678765702728175,-0.9733285267845754,-1.8470732443374076,-0.23904572186687878,-0.34815531191139565,-0.2970442628930024,-0.23904572186687878,-0.443484296991812,0.33656252952933696,-0.41039134083406165,-0.22613350843332275,-0.23904572186687878,-0.5074460867172774,-0.22613350843332275,-0.2970442628930024,-0.440852631121991,-0.23904572186687878,-0.3917616854995134,-0.2970442628930024,-0.16666666666666666,-0.34815531191139565,-0.2546573096474334,solvent
Tetrachloroethylene,-0.9346221084932167,-0.5914117800577748,0.1502105368593201,-0.5069359396546471,-0.5381296790578025,-0.7944493613787964,-1.322691234832637,-1.7587504945012697,0.6190796356784959,1.1014703163061974,-0.43614090716090476,0.8924191473510589,0.12176883270413917,1.5668393476338032,0.43739684080221697,2.0477568202678094,-1.1077902298082318,1.5012169792637298,-0.8154072351925105,1.1635189806522637,-0.16666667629731058,-0.621739934253723,0.017543662859055495,-0.695064609863425,0.7436487154342192,-0.430098654663701,-0.4084723337736647,-0.32545360669630063,-0.6077521669992291,-0.5296629446310762,-0.4426311005457209,-0.4611913643311311,-0.4661130666347928,0.5620929517626372,-0.9448295257383371,-0.5946112422222694,-0.7564147565876221,-0.9247971520577932,0.6471038556162442,-0.27869320571664713,-0.32795925592045655,-0.5228649355700823,-0.7027817356669918,-0.5917065398618809,-0.9203051907447907,-0.5590933456782173,-0.6690029671494622,-0.3325418891263275,-0.4757694075808573,0.9633732565278232,-0.6812006274904691,-0.5769783465278698,-0.6065111276932532,-0.6840687851918078,-0.6883816992014943,-0.4916028693089743,-0.40106094803812603,-0.9556353110399138,-0.5892902921758093,-0.5607157880403726,0.08123864237907368,-0.7407562691648727,-0.5292505545050069,-0.6155557210103012,-0.7331881006139016,-0.6426376097609922,-0.6268014891583832,0.8231322462180086,-0.5271406630127032,-0.434418615276296,-0.9165983923481122,-0.39156027302313506,-0.183603744099643,-0.888268719376452,-0.3997175483630203,-0.4876883207765948,-0.29354895467010755,-0.9997954405739023,-0.6418674080138397,-0.3712320188845549,-0.2970442628930024,-0.41574858983784074,-0.917010954628728,-0.2970442628930024,-0.9529707454325629,-0.311187957132071,-0.6634152247868915,-0.13433583980734645,-0.3195741847747845,-0.715919939520899,-0.27869320571664713,-0.33678765702728175,-0.9733285267845754,-0.15802190546471953,-0.23904572186687878,-0.34815531191139565,-0.2970442628930024,-0.23904572186687878,-0.443484296991812,-0.4417383200072547,-0.41039134083406165,-0.22613350843332275,-0.23904572186687878,-0.5074460867172774,-0.22613350843332275,-0.2970442628930024,-0.440852631121991,-0.23904572186687878,-0.3917616854995134,-0.2970442628930024,-0.16666666666666666,-0.34815531191139565,-0.2546573096474334,solvent
Trichlorobenzene(123),-0.754552105765791,-0.16318220825121854,0.5002452442873031,-0.3834214643427365,-0.4463976545763738,-0.3005631004569864,-0.2117872083528379,-0.21760837658723514,0.6156912067410417,-0.05102404841599118,-0.18342295076979168,0.2401255062931989,0.2878515103124896,0.9719802695138073,0.266904468797835,1.364796769512281,-0.42272865274936733,0.9652812440720069,-0.5030308297751244,0.5952226336811367,-0.1666666762956552,-0.6727478051611091,-0.4084636882276091,-0.695064609863425,-0.7857598685464177,-0.430098654663701,-0.4084723337736647,-0.32545360669630063,-0.6077521669992291,-0.5296629446310762,-0.4426311005457209,-0.4611913643311311,-0.4661130666347928,0.30983565174134925,-0.41048182949939543,-0.5946112422222694,0.3968339573239097,-0.9247971520577932,0.20424732144049668,-0.27869320571664713,-0.32795925592045655,-0.5228649355700823,-0.7027817356669918,-0.5917065398618809,0.06172199443170641,-0.5590933456782173,-0.6690029671494622,-0.3325418891263275,-0.4757694075808573,0.5001776444568518,-0.6812006274904691,-0.5769783465278698,-0.6065111276932532,-0.6840687851918078,-0.27844431974772266,1.7796020388031282,-0.40106094803812603,-0.9556353110399138,-0.5892902921758093,-0.5607157880403726,-0.714176615975365,0.4232874137552216,-0.5292505545050069,-0.6155557210103012,0.7808663792739451,-0.6426376097609922,-0.6268014891583832,0.3676359421576802,-0.5106404698854043,-0.434418615276296,-0.6735290128932638,-0.39156027302313506,-0.183603744099643,-0.2032668935562936,-0.3997175483630203,-0.4876883207765948,-0.29354895467010755,-0.9997954405739023,-0.6418674080138397,-0.3712320188845549,-0.2970442628930024,-0.41574858983784074,0.0,-0.2970442628930024,-0.1329726621533808,-0.311187957132071,-0.6634152247868915,-0.41047062163355835,-0.3195741847747845,-0.715919939520899,-0.27869320571664713,-0.33678765702728175,-0.37310926860075394,0.12807695711080622,-0.23904572186687878,-0.34815531191139565,-0.2970442628930024,-0.23904572186687878,-0.443484296991812,-0.4417383200072547,-0.41039134083406165,-0.22613350843332275,-0.23904572186687878,-0.5074460867172774,-0.22613350843332275,-0.2970442628930024,-0.440852631121991,-0.23904572186687878,-0.3917616854995134,-0.2970442628930024,-0.16666666666666666,-0.34815531191139565,-0.2546573096474334,solvent
Trichloroethylene,-0.945380049510488,-0.6038542857761234,0.2778764092246831,-0.5810446248417935,-0.7404805969740887,0.8353752996631764,0.3806949391030554,-0.3408997460203579,0.6187354329429661,1.1285069817823923,-0.8509984212812172,1.3006445639197728,-0.1537938017341272,1.9903577858880805,0.3560715611895547,2.186393286123219,-1.0817056992631107,0.8342905907023963,-0.843155202192228,0.960054856428033,-0.16666667629737872,-0.6609414046383344,0.4203276430820096,-0.695064609863425,-0.02105557655609929,-0.430098654663701,-0.4084723337736647,-0.32545360669630063,-0.6077521669992291,-0.5296629446310762,-0.4426311005457209,-0.4611913643311311,-0.4661130666347928,0.033339989491026456,-0.9448295257383371,-0.21504193411779152,-0.7564147565876221,-0.9247971520577932,0.20424732144049668,-0.27869320571664713,-0.32795925592045655,-0.5228649355700823,-0.7027817356669918,-0.5917065398618809,-0.8780974742963603,-0.5590933456782173,-0.6690029671494622,-0.3325418891263275,-0.4757694075808573,0.5001776444568518,-0.6812006274904691,-0.5769783465278698,-0.6065111276932532,-0.6840687851918078,-0.6419561537720091,-0.4916028693089743,-0.40106094803812603,-0.9556353110399138,-0.5892902921758093,-0.5607157880403726,-0.31646898679814567,-0.7407562691648727,-0.09654335852861241,-0.6155557210103012,-0.7331881006139016,-0.6426376097609922,-0.6268014891583832,0.3676359421576802,-0.503163819874597,-0.434418615276296,-0.9165983923481122,0.11558555871803547,-0.183603744099643,-0.888268719376452,-0.3997175483630203,-0.4876883207765948,-0.29354895467010755,-0.9997954405739023,-0.6418674080138397,-0.3712320188845549,-0.2970442628930024,-0.41574858983784074,-0.917010954628728,-0.2970442628930024,-0.9529707454325629,-0.311187957132071,-0.6634152247868915,-0.41047062163355835,-0.3195741847747845,-0.715919939520899,-0.27869320571664713,-0.33678765702728175,-0.9733285267845754,-0.4381377119787794,-0.23904572186687878,-0.34815531191139565,-0.2970442628930024,-0.23904572186687878,-0.443484296991812,-0.4417383200072547,-0.41039134083406165,-0.22613350843332275,-0.23904572186687878,-0.5074460867172774,-0.22613350843332275,-0.2970442628930024,-0.440852631121991,-0.23904572186687878,-0.3917616854995134,-0.2970442628930024,-0.16666666666666666,-0.34815531191139565,-0.2546573096474334,solvent
