name,substance_type,SMILES,detected,typol_class_tab_2,molecule,0,1,2,3,4,5,6,7,8,9,10,11,12,13,14,15,16,17,18,19,20,21,22,23,24,25,26,27,28,29,30,31,32,33,34,35,36,37,38,39,40,41,42,43,44,45,46,47,48,49,50,51,52,53,54,55,56,57,58,59,60,61,62,63,64,65,66,67,68,69,70,71,72,73,74,75,76,77,78,79,80,81,82,83,84,85,86,87,88,89,90,91,92,93,94,95,96,97,98,99,100,101,102,103,104,105,106,107,108,109,110,111,112,113,114,115,116,117,118,119,120,121,122,123,124,125,126,127,128,129,130,131,132,133,134,135,136,137,138,139,140,141,142,143,144,145,146,147,148,149,150,151,152,153,154,155,156,157,158,159,160,161,162,163,164,165,166,167,168,169,170,171,172,173,174,175,176,177,178,179,180,181,182,183,184,185,186,187,188,189,190,191,192,193,194,195,196,197,198,199,200,201,202,203,204,205,206,207,208,209,210,211,212,213,214,215,216
Carbaryl,insecticide,CNC(=O)OC1=CC=CC2=CC=CC=C21,1.0,1.0,<rdkit.Chem.rdchem.Mol object at 0x16833b840>,11.091562263794406,11.091562263794406,0.45245086923658273,-0.45245086923658273,0.7695670306859667,9.933333333333334,201.225,190.13699999999997,201.078978592,76,0,0.4118597328988006,-0.4096970676079811,0.4118597328988006,0.4096970676079811,1.1333333333333333,1.8666666666666667,2.6666666666666665,16.550051211511672,10.112552782110447,2.042720588927014,-2.058962003481236,2.2442648453675855,-2.2158186695042463,5.8961032394140656,0.2032804504377142,2.2925951390532595,2.464953756163773,488.45103080120384,10.673362107437434,8.35794846525511,8.35794846525511,7.308861750289881,4.683739640741714,4.683739640741714,3.116804193004947,3.116804193004947,2.1564108306777956,2.1564108306777956,1.4355892694739252,1.4355892694739252,-2.0299999999999994,3599.3743683136177,9.522159782005515,4.002881593971449,1.9083032165631202,87.66788139318408,10.05365155780638,5.749511833283905,0.0,0.0,0.0,6.093240070938415,0.0,4.794537184071822,0.0,0.0,36.39820241076966,11.452591282926406,12.433896197141985,0.0,9.53140013787187,16.865688499868007,0.0,5.316788604006331,0.0,0.0,7.04767198267719,42.46456947923127,0.0,5.749511833283905,10.05365155780638,4.794537184071822,5.749511833283905,0.0,13.140912053615605,0.0,0.0,0.0,42.46456947923127,0.0,10.772448428929591,0.0,38.33,6.093240070938415,4.794537184071822,0.0,0.0,5.749511833283905,10.772448428929591,7.04767198267719,6.06636706846161,36.39820241076966,5.316788604006331,4.736862953800049,5.126759259259259,0.0,11.091562263794406,4.40541832010582,0.0,0.5763425925925927,13.383852749433105,-0.45245086923658273,0.0,1.535182350718065,0.08333333333333333,15,1,3,0,0,0,1,2,0,2,0,0,2,1,3,0,1,0,0,0,0,0,2.5410718750830044,2,2.5580000000000007,59.03170000000003,0,0,0,0,0,0,0,0,0,0,1,1,0,0,0,0,1,0,0,0,0,0,0,0,0,0,0,1,0,0,0,0,0,0,2,0,1,0,0,0,0,1,0,0,0,0,0,0,0,0,0,0,0,0,0,0,0,0,0,0,0,0,0,0,0,0,0,0,0,0,0,0,0,0,0,0,0,0,0,0,0,0,0,0,0
Chlorpyrifos,insecticide,CCOP(=S)(OCC)OC1=NC(=C(C=C1Cl)Cl)Cl,1.0,3.0,<rdkit.Chem.rdchem.Mol object at 0x168339380>,5.9376562106324,5.9376562106324,0.05212962962963008,-2.918478835978836,0.5483413192652408,11.61111111111111,350.5909999999999,339.50299999999993,348.926283882,102,0,0.38135594339529894,-0.4039620319976707,0.4039620319976707,0.38135594339529894,1.1666666666666667,1.7222222222222223,2.2222222222222223,35.499020362158454,10.47071059374657,2.2375191427954966,-2.2046412124013015,2.5053399141023007,-2.0321987852346157,8.0729787332724,0.21580460328220627,2.261184336373165,3.006125183376143,464.61623687665036,13.759148545064338,9.65287760344577,13.63158821342878,8.414832660707777,5.017495294338299,8.707427315056757,2.922028581870719,7.029481865631415,1.6272346318388393,4.972432894378645,1.0046270716835448,3.5945294102959977,0.38999999999999985,6946.358281338363,16.44437737901033,7.246563253264823,4.494247868158743,125.74118203040851,4.5237471617118175,5.022633313741326,5.153109816892792,5.879988336435371,0.0,6.718607232363179,9.047494323423635,0.0,4.983978520947208,0.0,34.802819670697545,19.913841467842857,11.806856088638648,18.23639724276716,13.571241485135452,53.328282991699375,0.0,4.983978520947208,0.0,13.847474399381248,13.213763929025836,21.264743512837054,0.0,5.879988336435371,4.5237471617118175,0.0,5.879988336435371,41.52142690306073,18.197742449973042,20.85435041206228,0.0,13.847474399381248,6.06636706846161,15.198376444375445,0.0,0.0,40.58,6.718607232363179,0.0,0.0,21.078364780810816,13.213763929025836,0.0,6.06636706846161,13.847474399381248,0.0,4.983978520947208,60.18091724447165,16.056113473167045,22.67465017076789,3.9021974993701183,0.49887303686907014,0.0,0.05212962962963008,1.421966805240615,0.0,1.3662916071778506,0.0,0.4444444444444444,18,0,4,0,0,0,0,0,1,1,0,0,5,0,9,1,6,0,0,0,0,0,6.620290046530865,1,4.718100000000002,77.43200000000002,0,0,0,0,0,1,0,0,0,0,0,0,0,0,0,1,0,0,0,0,0,0,0,0,0,0,0,0,0,0,0,0,0,0,0,0,0,0,0,0,0,0,0,0,3,0,0,0,0,0,0,0,0,0,0,0,0,0,0,0,0,0,0,0,0,0,0,0,0,0,0,0,0,1,0,0,0,0,0,0,0,0,0,0,0
Cypermethrine,insecticide,CC1(C(C1C(=O)OC(C#N)C2=CC(=CC=C2)OC3=CC=CC=C3)C=C(Cl)Cl)C,1.0,4.0,<rdkit.Chem.rdchem.Mol object at 0x16833b0d0>,12.611418379883837,12.611418379883837,0.113804497419286,-1.0284014655244815,0.528046798102563,20.392857142857142,416.30400000000003,397.152,415.074198828,144,0,0.3112852422470833,-0.45737081541460906,0.45737081541460906,0.3112852422470833,1.1428571428571428,1.8214285714285714,2.4642857142857144,35.53908973147812,10.08891601780199,2.6152215765726248,-2.1332963726366696,2.5999296786815265,-2.1422365528792984,6.554401659899356,-0.1490798940492189,3.195228205986146,1.721481494739987,930.2980937199306,20.311190308942127,15.43344091237514,16.94529880441205,13.323735633975273,8.78453839388687,9.540467339905325,7.214765173188115,8.222629525088673,4.961172443444766,5.21314875878425,3.2987824841352333,3.5702492352956376,-2.4799999999999986,2171247.0323573537,20.25931432531098,8.261449020580432,4.49388941398866,173.83020897810323,9.473725907600098,22.05971315351801,0.0,6.103966387748303,0.0,5.9693052879518484,4.794537184071822,0.0,5.261891554738487,0.0,67.38118952215433,41.67438489623849,5.563451491696996,5.917906046161393,14.268263091671919,29.171185068416882,5.261891554738487,0.0,17.250802561719567,19.95144078712955,0.0,70.7282433888433,0.0,17.568244979360085,4.736862953800049,0.0,11.49902366656781,23.20187978046503,5.9693052879518484,9.53140013787187,28.581915429250326,25.514892278826547,65.1647918971463,0.0,0.0,0.0,59.32000000000001,12.073271675700152,10.056428738810308,0.0,21.742270735877497,17.062475158264807,0.0,0.0,30.34148838068032,50.248531054481575,0.0,32.67560568806513,11.397899512505774,11.462066063019403,12.611418379883837,9.530405787327686,0.23139462012601708,0.2892627430591366,18.293881632746352,0.6151906779955121,3.8740361388918387,0.0,0.2727272727272727,28,0,4,1,0,1,0,2,0,2,3,0,4,0,6,0,6,1,0,1,0,3,5.977546160373983,3,6.177980000000003,107.95400000000005,0,0,0,0,0,0,0,0,0,0,1,1,0,0,0,1,0,0,0,0,0,0,0,0,0,0,1,0,0,0,0,0,0,0,2,0,0,0,0,0,1,2,0,0,2,0,0,0,0,0,0,0,0,0,0,0,0,1,0,0,0,0,0,0,1,0,0,0,0,0,0,0,0,0,0,0,0,0,0,0,0,0,0,0,0
DDD(2-4),insecticide,C1=CC(=CC=C1C(C2=CC=C(C=C2)Cl)C(Cl)Cl)Cl,1.0,3.0,<rdkit.Chem.rdchem.Mol object at 0x1683398c0>,6.0918720080624835,6.0918720080624835,0.09456790123456793,-0.5348601662887378,0.6150214671313038,11.222222222222221,320.04599999999994,309.966,317.95366104,94,0,0.11822313058451664,-0.1043364023454487,0.11822313058451664,0.1043364023454487,0.6111111111111112,0.9444444444444444,1.2222222222222223,35.539279951338116,9.927788407359307,2.207679507771397,-2.188192278242921,2.338872849574731,-2.084635227576267,6.446098788801404,0.8868649639057902,2.339274363032339,2.394110502884274,456.8221302041951,13.120955864630137,9.285360583933167,12.30907636800699,8.575387400469408,5.367818266096009,6.996618773058433,3.915228272993108,5.951881343689907,2.710220015184639,3.718125276542579,1.823640237744887,2.6575309270470204,-0.3999999999999995,12051.94151834261,14.018545496589201,6.164208984375,3.330091331517386,126.43144646188087,0.0,4.836269690250055,0.0,0.0,0.0,0.0,0.0,0.0,0.0,23.20187978046503,47.46734805431147,35.392371257240434,15.963172673644046,0.0,0.0,46.40375956093006,0.0,0.0,0.0,10.754175736411447,0.0,69.70310615856953,0.0,0.0,0.0,0.0,0.0,46.40375956093006,4.836269690250055,0.0,0.0,17.044809029555385,48.53093654769288,10.045266627482652,0.0,0.0,0.0,4.836269690250055,0.0,0.0,5.917906046161393,10.045266627482652,11.126902983393991,0.0,0.0,48.53093654769288,0.0,46.40375956093006,0.0,23.942352047815007,-0.5348601662887378,1.3783352229780808,2.049486016628874,-0.09456790123456793,15.037032557879119,0.0,0.0,0.0,0.14285714285714285,18,0,0,0,0,0,0,2,0,2,0,0,0,0,4,0,3,0,0,0,0,0,4.8007357832191575,2,5.929000000000001,80.24100000000003,0,0,0,0,0,0,0,0,0,0,0,0,0,0,0,0,0,0,0,0,0,0,0,0,0,2,0,0,0,0,0,0,0,0,2,0,0,0,0,0,0,0,0,0,4,0,0,0,0,0,0,0,0,0,0,0,0,0,0,0,0,0,0,0,0,0,0,0,0,0,0,0,0,0,0,0,0,0,0,0,0,0,0,0,0
Dicofol,insecticide,C1=CC(=CC=C1C(C2=CC=C(C=C2)Cl)(C(Cl)(Cl)Cl)O)Cl,1.0,,<rdkit.Chem.rdchem.Mol object at 0x16833b060>,10.990245653817082,10.990245653817082,0.4205763416477706,-1.9636318972033253,0.6824161965725927,12.5,370.49,361.418,367.909603308,106,0,0.22658727166145695,-0.37583939778535813,0.37583939778535813,0.22658727166145695,0.65,0.95,1.2,35.582600580623456,9.874227861219472,2.4944786897252405,-2.3529329935763594,2.4886535347109096,-2.4059287575292783,6.6812929361664795,0.08498862604578244,2.3796126068069703,2.622374710790276,540.9564823741972,14.966255326250886,9.9558381140631,13.735482844155378,9.248037131279782,5.561252390364884,7.451074755411023,4.221955315329213,7.376059300072742,2.934238992828637,4.258684609440006,1.8761752598723573,2.782805245919819,-0.14999999999999952,23186.94524072712,16.224491773487685,5.920643642072214,3.0370637568559187,141.52894644095855,5.106527394840706,0.0,5.601050810983688,3.7925359355297714,0.0,0.0,0.0,0.0,0.0,0.0,82.27016772500902,35.392371257240434,10.045266627482652,0.0,5.106527394840706,58.00469945116258,0.0,0.0,0.0,9.39358674651346,0.0,69.70310615856953,0.0,0.0,0.0,0.0,0.0,58.00469945116258,8.899063330370478,5.601050810983688,0.0,11.126902983393991,48.53093654769288,10.045266627482652,0.0,0.0,20.23,9.39358674651346,5.106527394840706,0.0,0.0,21.172169610876644,0.0,0.0,48.53093654769288,0.0,0.0,58.00469945116258,-1.9636318972033253,29.701268651493514,0.0,12.039363189720333,-0.9715016376921131,0.0,12.916723915903813,0.0,0.0,0.0,0.14285714285714285,20,1,1,0,0,0,0,2,0,2,0,0,1,1,6,0,2,0,0,0,0,0,4.80297170322764,2,5.599500000000001,86.19280000000002,0,1,0,0,0,0,0,0,0,0,0,0,0,0,0,0,0,0,0,0,0,0,0,0,0,3,0,0,0,0,0,0,0,0,2,0,0,0,0,0,0,0,0,0,5,0,0,0,0,0,0,0,0,0,0,0,0,0,0,0,0,0,0,0,0,0,0,0,0,0,0,0,0,0,0,0,0,0,0,0,0,0,0,0,0
Dieldrin,insecticide,C1[C@@H]2[C@H]3[C@@H]([C@H]1[C@H]4[C@@H]2O4)[C@]5(C(=C([C@@]3(C5(Cl)Cl)Cl)Cl)Cl)Cl,1.0,2.0,<rdkit.Chem.rdchem.Mol object at 0x16833aff0>,6.824158950617283,6.824158950617283,0.04668209876543172,-1.3746913580246911,0.3426777863228232,66.63157894736842,380.9129999999999,372.84899999999993,377.87063095599996,104,0,0.16635904769380647,-0.36896126247287175,0.36896126247287175,0.16635904769380647,0.8421052631578947,1.263157894736842,1.6842105263157894,35.540308675380096,9.725070007982097,2.8893323855120308,-2.375103965539239,2.8364238806512265,-2.460079740213884,6.653212334758468,0.2373438586922135,2.9115223693703705,1.802907459793631,516.4228624657378,13.533015715890102,9.347243524843527,13.882817200954259,8.775727571947288,6.249144789936065,8.51693162799143,6.306182474345147,9.581833664301062,5.923293583236559,10.21579330365118,5.298209213835473,8.43442226552978,1.44,38778.56643764397,12.932158223084155,3.2014111163459638,0.9859582678778774,139.9679980771587,4.736862953800049,9.748344582882218,4.33335411348544,0.0,0.0,0.0,0.0,0.0,0.0,23.20187978046503,46.40375956093006,30.09244580757158,0.0,22.2725054797238,4.736862953800049,69.60563934139509,0.0,0.0,23.671624184645573,32.710453094790275,0.0,10.064572704227194,0.0,0.0,0.0,0.0,0.0,69.60563934139509,26.28963147186426,4.736862953800049,23.671624184645573,6.4208216229260096,10.064572704227194,0.0,0.0,0.0,12.53,14.081698696367658,0.0,0.0,24.04374486781939,21.900384796549982,6.4208216229260096,0.0,0.0,0.0,0.0,74.34250229519515,4.346471403376166,39.5237745653817,-2.17162037037037,0.6422839506172853,0.0,0.7758024691358014,0.0,1.6332879818594104,0.0,0.0,0.8333333333333334,19,0,1,4,1,5,0,0,0,0,8,4,1,0,7,1,0,3,1,4,0,0,2.1790081628277096,5,4.481400000000002,77.57500000000002,0,0,0,0,0,0,0,0,0,0,0,0,0,0,0,0,0,0,0,0,0,0,0,0,0,4,2,0,0,0,0,0,0,0,0,0,12,0,0,1,0,1,0,0,6,0,0,0,0,0,0,0,0,0,0,0,0,0,0,0,0,0,0,0,0,0,0,0,0,0,0,0,0,0,0,0,0,0,0,0,0,0,0,0,0
Isodrin,insecticide,C1[C@@H]2C=C[C@H]1[C@@H]3[C@H]2[C@@]4(C(=C([C@]3(C4(Cl)Cl)Cl)Cl)Cl)Cl,1.0,2.0,<rdkit.Chem.rdchem.Mol object at 0x16833ab90>,6.761998456790122,6.761998456790122,0.06635802469135776,-1.3655246913580248,0.3118304581196564,58.77777777777778,364.9139999999999,356.8499999999999,361.875716336,98,0,0.16637947106595996,-0.10932991585549681,0.16637947106595996,0.10932991585549681,0.8333333333333334,1.2222222222222223,1.6111111111111112,35.540308479450225,9.752512084981033,2.8483537413512976,-2.3692951107166356,2.810577819171557,-2.4564693236029886,6.653218348957602,0.3053403489815749,2.9746967394496187,2.032344649126246,480.66067707067873,13.085421958697397,8.938995234379664,13.474568910490396,8.275727571947288,5.777740269145033,8.0455271072004,5.6257686569053735,8.901419846861291,5.1233562092276985,9.415855929642317,4.4780601699064375,7.61427322160075,1.22,20189.26677064456,12.922960575085408,3.339877471519769,0.9734449954580695,135.1706809689968,0.0,9.748344582882218,4.33335411348544,0.0,0.0,0.0,0.0,0.0,0.0,23.20187978046503,58.55579977459783,30.09244580757158,0.0,10.064572704227194,0.0,69.60563934139509,0.0,0.0,23.671624184645573,20.502520319293666,0.0,22.216612917894956,0.0,0.0,0.0,0.0,0.0,69.60563934139509,14.081698696367658,0.0,23.671624184645573,6.4208216229260096,22.216612917894956,0.0,0.0,0.0,0.0,14.081698696367658,0.0,0.0,11.835812092322787,21.900384796549982,6.4208216229260096,0.0,0.0,0.0,12.152040213667762,69.60563934139509,-1.3655246913580248,39.21124496094734,-2.128287037037037,0.6537654320987669,0.0,0.8151543209876535,0.0,5.396980347694634,0.0,0.0,0.6666666666666666,18,0,0,4,0,4,0,0,0,0,6,4,0,0,6,0,0,2,0,2,0,0,2.3978391605592173,4,5.270200000000001,78.05400000000002,0,0,0,0,0,0,0,0,0,0,0,0,0,0,0,0,0,0,0,0,0,0,0,0,0,4,4,0,0,0,0,0,0,0,0,0,9,0,0,0,0,0,0,0,6,0,0,0,0,0,0,0,0,0,0,0,0,0,0,0,0,0,0,0,0,0,0,0,0,0,0,0,0,0,0,0,0,0,0,0,0,0,0,0,0
Lindane,insecticide,CNC(=O)OC1=CC=CC2=CC=CC=C21.C1(C(C(C(C(C1Cl)Cl)Cl)Cl)Cl)Cl,1.0,1.0,<rdkit.Chem.rdchem.Mol object at 0x16833aab0>,11.091562263794406,11.091562263794406,0.43672839506172845,-0.45245086923658273,0.48197399750274134,30.185185185185187,492.0569999999999,474.9209999999998,488.93904486400004,148,0,0.4118597328988006,-0.4096970676079811,0.4118597328988006,0.4096970676079811,0.7777777777777778,1.2222222222222223,1.7037037037037037,35.50500229265778,9.972830708858853,2.464268325059907,-2.3728571264644076,2.3935239390647687,-2.5155783392680684,6.44768509563482,0.20327837759690048,2.6972508674652924,1.991111060656885e-07,712.5758629402783,20.13746372257519,14.089836918448228,18.62541059455896,12.772963365427639,7.993046982157668,10.611661664989576,5.78336262342111,8.807078407494929,3.9816633440027176,8.013120751604946,2.4893992993811103,4.816962318886769,-0.2899999999999992,846936.7723841019,22.99349504801821,10.47613834125222,5.6205389721136365,187.6771314408538,10.05365155780638,5.749511833283905,0.0,0.0,0.0,6.093240070938415,0.0,4.794537184071822,0.0,69.60563934139509,36.39820241076966,11.452591282926406,12.433896197141985,32.26252720923436,9.53140013787187,86.4713278412631,0.0,5.316788604006331,0.0,32.26252720923436,7.04767198267719,42.46456947923127,0.0,5.749511833283905,10.05365155780638,4.794537184071822,5.749511833283905,69.60563934139509,45.403439262849965,0.0,0.0,0.0,42.46456947923127,0.0,10.772448428929591,0.0,38.33,38.35576728017278,4.794537184071822,0.0,0.0,5.749511833283905,10.772448428929591,7.04767198267719,6.06636706846161,36.39820241076966,5.316788604006331,74.34250229519515,5.126759259259259,35.28703703703703,11.091562263794406,1.7850479497354481,0.0,0.5763425925925927,13.383852749433105,-0.45245086923658273,0.0,1.535182350718065,0.3888888888888889,27,1,3,1,0,1,1,2,0,2,0,0,2,1,9,0,1,1,0,1,0,0,8.921593891553208,3,6.202400000000003,116.87770000000002,0,0,0,0,0,0,0,0,0,0,1,1,0,0,0,0,1,0,0,0,0,0,0,0,0,6,0,1,0,0,0,0,0,0,2,0,1,0,0,0,0,1,0,0,6,0,0,0,0,0,0,0,0,0,0,0,0,0,0,0,0,0,0,0,0,0,0,0,0,0,0,0,0,0,0,0,0,0,0,0,0,0,0,0,0
Methomyl,insecticide,CC(=NOC(=O)NC)SC,1.0,,<rdkit.Chem.rdchem.Mol object at 0x168339b60>,10.382503779289493,10.382503779289493,0.5477777777777779,-0.5477777777777779,0.27108245929930574,10.9,162.214,152.134,162.04629856,58,0,0.43261343366141014,-0.32265780259105936,0.43261343366141014,0.32265780259105936,1.7,2.3,2.7,32.1664346897438,10.891554329380547,1.9413806038900887,-1.9457628604291417,1.9579802270937066,-2.1645442834098936,8.127968139176359,0.1532208902905333,1.988615511683862,3.608044380766722,146.58337707694835,7.983127663125442,6.171958466891548,6.988455047819274,4.701907262607799,2.676801709744692,3.9015465811362806,1.44317384553169,2.4422446122944708,0.7566451684664391,1.4220032440153507,0.1886444653969026,0.3004478642718921,-0.7100000000000001,147.1575478646058,9.29,5.104793271698562,4.196814348969283,63.99642000927801,5.316788604006331,5.043716986591482,0.0,0.0,0.0,6.093240070938415,4.8375885837366335,4.794537184071822,0.0,11.761884949391115,5.15571272675054,13.179506383202028,7.04767198267719,0.0,9.632125767808455,22.898842006921015,0.0,5.316788604006331,5.15571272675054,6.923737199690624,13.303441166188595,0.0,0.0,0.0,5.316788604006331,4.794537184071822,0.0,11.761884949391115,24.440398223718493,4.8375885837366335,0.0,6.923737199690624,5.15571272675054,0.0,0.0,0.0,50.69,6.093240070938415,4.794537184071822,0.0,0.0,5.043716986591482,0.0,18.809556932068304,6.923737199690624,6.255769183511404,15.310089914493503,0.0,0.0,1.4222467876039302,14.74342970521542,6.459555933484506,0.0,0.0,0.0,1.3054402872260014,1.7575462962962962,1.478447656840514,0.6,10,1,4,0,0,0,1,0,0,0,0,0,4,1,5,0,1,0,0,0,0,0,4.742352949407964,0,1.0388,42.16470000000002,0,0,0,0,0,0,0,0,0,0,1,1,0,0,0,1,1,0,0,0,0,0,0,0,0,0,0,1,0,0,0,0,0,0,0,0,0,0,0,0,0,0,0,0,0,0,0,0,0,0,0,0,0,0,0,0,0,0,0,0,0,0,0,1,0,0,0,0,0,0,0,0,0,0,0,1,0,0,0,0,0,0,0,0,0
Tebufenozide,insecticide,CCC1=CC=C(C=C1)C(=O)NN(C(=O)C2=CC(=CC(=C2)C)C)C(C)(C)C,1.0,,<rdkit.Chem.rdchem.Mol object at 0x16833af80>,13.074418864398123,13.074418864398123,0.21960338456370176,-0.5617524486646517,0.8297150521472977,11.153846153846153,352.4780000000001,324.2540000000001,352.215078136,138,0,0.27230076774797696,-0.26742611107161585,0.27230076774797696,0.26742611107161585,0.9230769230769231,1.4615384615384615,1.9230769230769231,16.174228632379325,10.031553386212572,2.294148018309765,-2.3529139947153523,2.1785555867045345,-2.5546151284756853,5.992191341589644,0.035826209962287435,2.567302586602795,2.290346313235774,781.6322273628837,19.48276318419594,16.512268841941612,16.512268841941612,12.112410768570083,8.943146868108418,8.943146868108418,7.679175888908547,7.679175888908547,4.180270702519702,4.180270702519702,2.8082851680954795,2.8082851680954795,-2.6199999999999997,372248.6058470589,19.701408166163176,7.729476737667058,4.718858609761886,155.74079454366102,0.0,0.0,0.0,0.0,11.814359458703011,0.0,15.01486576525403,5.008912523954531,0.0,0.0,36.249741388469445,70.86842738692255,11.126902983393991,5.538925252383345,9.589074368143644,11.814359458703011,0.0,10.434703921064916,0.0,53.50217007345309,0.0,70.28182693771626,0.0,0.0,5.425791397110385,0.0,0.0,0.0,22.362197235040888,6.4208216229260096,13.847474399381248,65.10128062539111,42.46456947923127,0.0,0.0,0.0,49.410000000000004,5.538925252383345,9.589074368143644,0.0,11.814359458703011,11.126902983393991,17.54772460632,10.572364015651527,12.13273413692322,64.95052134076116,12.349528596801008,0.0,0.0,0.0,25.740444469084444,1.4139670729402871,6.5334682430844255,-0.5109894389854703,13.148183496626233,0.9178674873494289,11.67372533656732,0.0,0.36363636363636365,26,1,4,0,0,0,2,2,0,2,0,0,2,1,4,0,3,0,0,0,0,0,5.856983696909311,2,4.451540000000004,105.12470000000006,0,0,0,0,0,0,0,0,0,0,2,2,0,0,0,1,1,0,0,0,0,0,0,0,0,0,0,2,0,0,3,0,0,0,2,0,0,0,0,0,0,0,0,0,0,1,0,0,0,0,0,0,0,0,0,0,0,0,0,0,0,0,0,0,0,0,0,0,0,0,0,0,0,0,0,0,0,0,0,0,0,0,0,0,0
alphaEndosulfan,insecticide,C1[C@@H]2[C@H](COS(=O)O1)[C@@]3(C(=C([C@]2(C3(Cl)Cl)Cl)Cl)Cl)Cl,1.0,2.0,<rdkit.Chem.rdchem.Mol object at 0x16833a9d0>,11.316003401360547,11.316003401360547,0.010740740740741161,-1.860735071806501,0.575408708605736,52.21052631578947,406.92899999999986,400.88099999999986,403.816881132,108,0,0.3041188211590116,-0.26809646872656767,0.3041188211590116,0.26809646872656767,0.9473684210526315,1.3157894736842106,1.6842105263157894,35.54030974828978,9.828011504319115,2.820580394458581,-2.333009036578108,2.758819827869707,-2.451620456731275,7.747130331701795,0.20728941350055474,2.5435556914189767,2.1877260443323916,470.1834139056276,14.215178470694319,8.96969410066316,14.32176435770162,8.686411174470248,5.188423871667992,8.456210709723358,4.612036033430883,8.767340034641697,3.9406736809015626,8.946869492336543,2.959223851433213,6.598894658410821,1.55,17026.56179835863,15.445865802036371,4.526742855893185,1.5894427466458492,141.7906412262262,0.0,9.748344582882218,4.33335411348544,0.0,0.0,11.361316488136412,8.366170865299415,0.0,4.208898492164469,23.20187978046503,46.40375956093006,0.0,11.835812092322787,23.27833663325303,12.575069357463885,80.9669558295315,0.0,0.0,11.835812092322787,14.081698696367658,13.213763929025836,10.064572704227194,0.0,0.0,0.0,0.0,0.0,69.60563934139509,31.504361117557963,19.727487353435826,11.835812092322787,0.0,10.064572704227194,0.0,0.0,0.0,35.53,37.27882727682686,4.208898492164469,0.0,23.27833663325303,0.0,0.0,0.0,0.0,0.0,0.0,77.9718102066945,19.746629818594105,36.35136589821113,-2.7796296296296297,0.2099363819601927,0.0,-0.9108950617283962,0.0,0.0,0.021481481481482323,0.0,0.7777777777777778,19,0,3,2,1,3,0,0,0,0,5,2,3,0,10,1,0,1,1,2,0,1,3.67997171960279,3,3.689800000000001,77.36340000000001,0,0,0,0,0,0,0,0,0,0,0,0,0,0,0,0,0,0,0,0,0,0,0,0,0,4,2,0,0,0,0,0,0,0,0,0,5,0,0,0,0,0,0,0,6,0,0,0,0,0,0,0,0,0,0,0,0,0,0,0,0,0,0,0,0,0,0,0,0,0,0,0,0,0,0,0,0,0,0,0,0,0,0,0,0
betaEndosulfan,insecticide,[2H]C1([C@@H]2[C@@H]([C@]3(C(=C([C@@]2(C3(Cl)Cl)Cl)Cl)Cl)Cl)C(OS(=O)O1)([2H])[2H])[2H],1.0,2.0,<rdkit.Chem.rdchem.Mol object at 0x16833a1f0>,11.667253401360544,11.667253401360544,0.3212586608717549,-2.7732870370370373,0.5711885142717946,60.63157894736842,410.95340711200004,400.88100000000014,407.8419881159999,108,0,0.3041188211590116,-0.26809646872656767,0.3041188211590116,0.26809646872656767,1.0526315789473684,1.4210526315789473,1.7894736842105263,35.540309748289786,9.828011504319122,2.8205803944585814,-2.333009036578104,2.7588198278697096,-2.451620456731276,7.747130331701797,0.20728941350055477,2.5181248762664,2.3792484703153445,609.1975059575527,17.800964908321227,12.555480538290064,13.907550795328522,10.154371643918696,6.78017558120413,8.047962419259495,4.187725023437465,8.204957837190584,3.4221292855504664,8.14548619756738,2.4805311905480543,5.710542181749776,1.55,60057.27829895364,11.142337238128679,4.526742855893185,1.5894427466458492,147.41052322689745,0.0,9.748344582882218,4.33335411348544,0.0,0.0,11.361316488136412,8.366170865299415,0.0,4.208898492164469,23.20187978046503,46.40375956093006,0.0,11.835812092322787,28.66557741474065,18.058103582144764,80.9669558295315,0.0,0.0,11.835812092322787,14.081698696367658,13.117970485832576,10.064572704227194,0.0,0.0,0.0,0.0,0.0,69.60563934139509,31.4085676743647,19.727487353435826,11.835812092322787,5.483034224680881,10.064572704227194,0.0,0.0,0.0,35.53,50.39679776265943,4.208898492164469,0.0,10.064572704227194,0.0,0.0,0.0,0.0,0.0,8.366170865299415,75.08867356607597,50.85717057193247,34.977769589317205,-4.230324074074073,-0.6425173217435101,0.0,-3.276635802469136,0.0,0.0,-5.546574074074074,0.0,0.7777777777777778,19,0,3,2,1,3,0,0,0,0,5,2,3,0,10,1,0,1,1,2,0,1,2.654657657402716,3,3.6898,77.36340000000001,0,0,0,0,0,0,0,0,0,0,0,0,0,0,0,0,0,0,0,0,0,0,0,0,0,4,2,0,0,0,0,0,0,0,0,0,5,0,0,0,0,0,0,0,6,0,0,0,0,0,0,0,0,0,0,0,0,0,0,0,0,0,0,0,0,0,0,0,0,0,0,0,0,0,0,0,0,0,0,0,0,0,0,0,0
Aluminium,metal,[Al],1.0,,<rdkit.Chem.rdchem.Mol object at 0x16833a960>,0.0,0.0,0.0,0.0,0.31700132909320244,0.0,26.982,26.982,26.98153863,3,3,0.0,0.0,0.0,0.0,1.0,1.0,1.0,26.982,26.982,0.0,0.0,-0.3808,-0.3808,5.754,5.754,0.0,0.0,0.0,0.0,0.5773502691896258,1.7320508075688774,0.0,0.0,0.0,0.0,0.0,0.0,0.0,0.0,0.0,0.5324675324675323,0.0,1.5324675324675323,0.41051631295533775,4.0446626544187545,18.241990751890413,0.0,0.0,0.0,0.0,0.0,0.0,0.0,0.0,0.0,0.0,0.0,0.0,17.36106511960754,0.0,0.0,17.36106511960754,0.0,0.0,0.0,0.0,0.0,0.0,0.0,0.0,0.0,0.0,0.0,0.0,17.36106511960754,0.0,0.0,0.0,0.0,0.0,0.0,0.0,0.0,0.0,0.0,0.0,17.36106511960754,0.0,0.0,0.0,0.0,0.0,0.0,0.0,0.0,0.0,0.0,0.0,0.0,0.0,0.0,0.0,0.0,0.0,0.0,1,0,0,0,0,0,0,0,0,0,0,0,0,0,1,0,0,0,0,0,0,0,0.6291029211523357,0,-0.3808,5.754,0,0,0,0,0,0,0,0,0,0,0,0,0,0,0,0,0,0,0,0,0,0,0,0,0,0,0,0,0,0,0,0,0,0,0,0,0,0,0,0,0,0,0,0,0,0,0,0,0,0,0,0,0,0,0,0,0,0,0,0,0,0,0,0,0,0,0,0,0,0,0,0,0,0,0,0,0,0,0,0,0,0,0,0,0
Cobalt,metal,[Co],1.0,,<rdkit.Chem.rdchem.Mol object at 0x16833ae30>,0.0,0.0,0.0,0.0,0.3680502207685233,0.0,58.933,58.933,58.933195,9,1,0.0,0.0,0.0,0.0,1.0,1.0,1.0,0.0,0.0,0.0,0.0,0.0,0.0,0.0,0.0,0.0,0.0,0.0,0.0,0.3333333333333333,1.3743685418725535,0.0,0.0,0.0,0.0,0.0,0.0,0.0,0.0,0.0,0.5064935064935063,0.0,1.5064935064935063,0.48085248085248133,4.403929403929406,17.68851124136627,0.0,0.0,0.0,0.0,0.0,0.0,0.0,0.0,0.0,0.0,0.0,0.0,16.77879776869357,0.0,16.77879776869357,0.0,0.0,0.0,0.0,0.0,0.0,0.0,0.0,0.0,0.0,0.0,0.0,0.0,0.0,16.77879776869357,0.0,0.0,0.0,0.0,0.0,0.0,0.0,0.0,0.0,0.0,16.77879776869357,0.0,0.0,0.0,0.0,0.0,0.0,0.0,0.0,0.0,0.0,0.0,0.0,0.0,0.0,0.0,0.0,0.0,0.0,1,0,0,0,0,0,0,0,0,0,0,0,0,0,1,0,0,0,0,0,0,0,0.7244011399855562,0,-0.0025,0.0,0,0,0,0,0,0,0,0,0,0,0,0,0,0,0,0,0,0,0,0,0,0,0,0,0,0,0,0,0,0,0,0,0,0,0,0,0,0,0,0,0,0,0,0,0,0,0,0,0,0,0,0,0,0,0,0,0,0,0,0,0,0,0,0,0,0,0,0,0,0,0,0,0,0,0,0,0,0,0,0,0,0,0,0,0
Copper,metal,[Cu],1.0,,<rdkit.Chem.rdchem.Mol object at 0x168339d20>,0.0,0.0,0.0,0.0,0.3472819583833593,0.0,63.546,63.546,62.9295975,11,1,0.0,0.0,0.0,0.0,1.0,1.0,1.0,0.0,0.0,0.0,0.0,0.0,0.0,0.0,0.0,0.0,0.0,0.0,0.0,0.30151134457776363,1.243163121016122,0.0,0.0,0.0,0.0,0.0,0.0,0.0,0.0,0.0,0.5194805194805194,0.0,1.5194805194805197,0.4444805194805197,4.21948051948052,17.964098032124472,0.0,0.0,0.0,0.0,0.0,0.0,0.0,0.0,0.0,0.0,0.0,0.0,17.068678152405656,0.0,17.068678152405656,0.0,0.0,0.0,0.0,0.0,0.0,0.0,0.0,0.0,0.0,0.0,0.0,0.0,0.0,17.068678152405656,0.0,0.0,0.0,0.0,0.0,0.0,0.0,0.0,0.0,0.0,17.068678152405656,0.0,0.0,0.0,0.0,0.0,0.0,0.0,0.0,0.0,0.0,0.0,0.0,0.0,0.0,0.0,0.0,0.0,0.0,1,0,0,0,0,0,0,0,0,0,0,0,0,0,1,0,0,0,0,0,0,0,0.6753794906392313,0,-0.0025,0.0,0,0,0,0,0,0,0,0,0,0,0,0,0,0,0,0,0,0,0,0,0,0,0,0,0,0,0,0,0,0,0,0,0,0,0,0,0,0,0,0,0,0,0,0,0,0,0,0,0,0,0,0,0,0,0,0,0,0,0,0,0,0,0,0,0,0,0,0,0,0,0,0,0,0,0,0,0,0,0,0,0,0,0,0,0
Mercury,metal,[Hg],1.0,,<rdkit.Chem.rdchem.Mol object at 0x1683395b0>,0.0,0.0,0.0,0.0,0.4831359768521075,0.0,200.59,200.59,201.970643,2,0,0.0,0.0,0.0,0.0,1.0,1.0,1.0,0.0,0.0,0.0,0.0,0.0,0.0,0.0,0.0,0.0,0.0,0.0,0.0,0.7071067811865475,6.2048368229954285,0.0,0.0,0.0,0.0,0.0,0.0,0.0,0.0,0.0,0.9350649350649349,0.0,1.935064935064935,0.004509379509379528,1.2128427128427133,28.00040585247103,0.0,0.0,0.0,0.0,0.0,0.0,0.0,0.0,0.0,0.0,0.0,0.0,27.668928229640674,0.0,27.668928229640674,0.0,0.0,0.0,0.0,0.0,0.0,0.0,0.0,0.0,0.0,0.0,0.0,0.0,0.0,27.668928229640674,0.0,0.0,0.0,0.0,0.0,0.0,0.0,0.0,0.0,0.0,27.668928229640674,0.0,0.0,0.0,0.0,0.0,0.0,0.0,0.0,0.0,0.0,0.0,0.0,0.0,0.0,0.0,0.0,0.0,0.0,1,0,0,0,0,0,0,0,0,0,0,0,0,0,1,0,0,0,0,0,0,0,0.008725942167500644,0,-0.0025,0.0,0,0,0,0,0,0,0,0,0,0,0,0,0,0,0,0,0,0,0,0,0,0,0,0,0,0,0,0,0,0,0,0,0,0,0,0,0,0,0,0,0,0,0,0,0,0,0,0,0,0,0,0,0,0,0,0,0,0,0,0,0,0,0,0,0,0,0,0,0,0,0,0,0,0,0,0,0,0,0,0,0,0,0,0,0
Zinc,metal,[O-]S(=O)(=O)[O-].[Zn+2],1.0,,<rdkit.Chem.rdchem.Mol object at 0x168339770>,8.520833333333334,8.520833333333334,0.0,-5.166666666666666,0.250172219594178,9.666666666666666,161.45299999999997,161.45299999999997,159.88087167999998,32,0,2.0,-0.7587686166726576,2.0,0.7587686166726576,1.1666666666666667,1.1666666666666667,1.1666666666666667,0.0,0.0,0.0,0.0,0.0,0.0,0.0,0.0,0.7219280948873623,0.0,90.7164928725825,4.5,2.7483482335058627,6.531972647421808,2.0,0.6666666666666669,2.0,0.40824829046386324,1.2247448713915892,0.0,0.0,0.0,0.0,0.49337662337662336,3.6096404744368114,9.705182360074453,2.6305334691955937,225.27163146815272,47.88951059429245,9.105499747380728,0.0,0.0,0.0,0.0,19.477968898871303,8.417796984328938,0.0,0.0,0.0,0.0,0.0,10.399000581649608,0.0,37.00126563058097,10.399000581649608,0.0,0.0,0.0,0.0,0.0,0.0,0.0,0.0,0.0,0.0,0.0,0.0,17.523296731709664,29.876969480520913,0.0,0.0,0.0,0.0,0.0,0.0,80.25999999999999,10.399000581649608,0.0,0.0,19.477968898871303,0.0,0.0,0.0,0.0,0.0,0.0,17.523296731709664,34.083333333333336,0.0,0.0,0.0,0.0,0.0,0.0,0.0,0.0,-5.166666666666666,0.0,6,0,4,0,0,0,0,0,0,0,0,0,4,0,6,0,0,0,0,0,0,0,4.254967837137088,0,-1.3404999999999996,10.4746,0,0,0,0,0,0,0,0,0,0,0,0,0,0,0,0,0,0,0,0,0,0,0,0,0,0,0,0,0,0,0,0,0,0,0,0,0,0,0,0,0,0,0,0,0,0,0,0,0,0,0,0,0,0,0,0,0,0,0,0,0,0,0,0,0,0,0,0,0,0,0,0,0,0,0,0,0,0,0,0,0,0,0,0,0
1-chlorodecane,other,CCCCCCCCCCCl,1.0,,<rdkit.Chem.rdchem.Mol object at 0x168339fc0>,5.564062941755792,5.564062941755792,0.8422222222222223,0.8422222222222223,0.3808291599057807,10.363636363636363,176.731,155.563,176.133178352,68,0,0.022295574346744947,-0.12671696964452742,0.12671696964452742,0.022295574346744947,0.7272727272727273,1.1818181818181819,1.6363636363636365,35.4956627255872,10.0923459652067,1.8889759534336714,-1.9811812120893055,2.0776370102518076,-1.800533061780838,6.173407228702908,0.5857648712114191,2.0339309928768716,2.6909155266923976,53.89311688209828,8.36396103067893,7.741925503688156,8.497854449706612,5.414213562373096,4.974368023098972,5.50889050692382,3.163855970657529,3.541820443666756,1.9871840115494857,2.25444525346191,1.2283745947354905,1.4173568312401041,0.29,292.8860629742695,11.289999999999997,10.289999999999997,10.29,76.3269962842807,0.0,0.0,0.0,0.0,0.0,0.0,0.0,0.0,0.0,11.600939890232516,51.8694885601727,6.4208216229260096,5.880003444970339,0.0,0.0,11.600939890232516,0.0,0.0,0.0,58.29031018309871,5.880003444970339,0.0,0.0,0.0,0.0,0.0,0.0,11.600939890232516,5.880003444970339,0.0,0.0,58.29031018309871,0.0,0.0,0.0,0.0,0.0,0.0,0.0,0.0,0.0,0.0,5.880003444970339,51.36657298340809,0.0,0.0,6.923737199690624,11.600939890232516,0.0,5.564062941755792,0.0,0.0,0.0,0.8422222222222223,0.0,10.947389280815207,2.257436666317889,0.0,1.0,11,0,0,0,0,0,0,0,0,0,0,0,0,0,1,0,8,0,0,0,0,0,10.561281818181813,0,4.365900000000004,53.33000000000005,0,0,0,0,0,0,0,0,0,0,0,0,0,0,0,0,0,0,0,0,0,0,0,0,0,1,0,0,0,0,0,0,0,0,0,0,0,0,0,0,0,0,0,0,1,0,0,0,0,0,0,0,0,0,0,0,0,0,0,0,0,0,0,0,0,0,0,0,0,0,0,0,0,0,0,0,0,0,0,0,0,0,0,7,0
2A1,other,C[C@@H](CO)N,1.0,,<rdkit.Chem.rdchem.Mol object at 0x16833a570>,8.018518518518519,8.018518518518519,0.06018518518518534,-0.06018518518518534,0.4337552925789797,15.0,75.111,66.039,75.068413908,32,0,0.057931553917577996,-0.39477568265926627,0.39477568265926627,0.057931553917577996,2.0,2.2,2.2,16.251800155972372,10.408391820218489,1.8075405750417275,-1.9084390192052194,1.6219355399615796,-2.182049913429427,4.429166558893617,0.2734819810346206,1.3787834934861756,2.5395388613593908,20.854752972273346,4.284457050376173,3.309020915065757,3.309020915065757,2.270055610029662,1.6351596590036603,1.6351596590036603,1.1598580700277676,1.1598580700277676,0.2879834411740013,0.2879834411740013,0.0,0.0,-0.08,9.65148445440323,4.920000000000001,2.1751020408163266,3.92,31.603259705831498,10.84019487200289,0.0,0.0,0.0,0.0,0.0,0.0,0.0,0.0,0.0,0.0,6.923737199690624,6.041840829147961,6.606881964512918,5.106527394840706,0.0,0.0,0.0,5.733667477162185,12.965578028838586,6.606881964512918,0.0,0.0,0.0,5.733667477162185,0.0,0.0,0.0,17.755250188501584,0.0,0.0,6.923737199690624,0.0,0.0,0.0,0.0,46.25,0.0,0.0,0.0,12.648722793660879,0.0,0.0,0.0,6.923737199690624,0.0,0.0,10.84019487200289,0.0,0.0,0.0,8.018518518518519,5.041666666666667,0.0,-0.06018518518518534,0.0,1.8333333333333335,0.0,1.0,5,3,2,0,0,0,0,0,0,0,1,0,2,2,2,0,1,0,0,0,0,0,2.1403004081632657,0,-0.6741000000000001,20.735200000000003,0,1,1,0,0,0,0,0,0,0,0,0,0,0,0,0,0,1,0,0,0,0,0,0,0,0,0,0,0,0,0,0,0,0,0,0,0,0,0,0,0,0,0,0,0,0,0,0,0,0,0,0,0,0,0,0,0,0,0,0,0,0,0,0,0,0,0,0,0,0,0,0,0,0,0,0,0,0,0,0,0,0,0,0,0
4-octylphenol,other,CCCCCCCCC1=CC=C(C=C1)O,1.0,,<rdkit.Chem.rdchem.Mol object at 0x168339cb0>,9.12536906750287,9.12536906750287,0.36268129158866924,0.36268129158866924,0.65954269739969,10.466666666666667,206.32900000000004,184.15299999999996,206.167065324,84,0,0.11509484011770364,-0.5079666452523371,0.5079666452523371,0.11509484011770364,0.8666666666666667,1.4666666666666666,2.1333333333333333,16.25463560155537,10.050382206508266,1.9388431926487424,-2.0159161193139705,2.1288440500393238,-1.851871109879556,5.25282210295115,0.4747395984326501,2.2571220027383974,2.0706728961148544,250.54613980420214,10.932875131431278,9.706362140564297,9.706362140564297,7.325698502695488,6.1056341745757186,6.1056341745757186,4.1842141331773925,4.1842141331773925,2.7553455255066424,2.7553455255066424,1.7720688280772456,1.7720688280772456,-0.98,2717.5748912970303,12.091326676176887,7.329846773929591,5.458270590623322,93.14517378686587,5.106527394840706,5.749511833283905,0.0,0.0,0.0,0.0,0.0,0.0,0.0,0.0,51.16057945124389,30.537828874472233,0.0,0.0,5.106527394840706,0.0,0.0,0.0,0.0,51.8694885601727,0.0,29.828919765543436,0.0,5.749511833283905,0.0,0.0,5.749511833283905,0.0,5.106527394840706,6.4208216229260096,0.0,51.01211842894368,24.26546827384644,0.0,0.0,0.0,20.23,0.0,0.0,0.0,0.0,5.749511833283905,6.4208216229260096,44.08838122925306,12.13273413692322,12.13273413692322,6.923737199690624,5.106527394840706,0.0,0.0,0.0,9.12536906750287,1.3363810416141768,0.36268129158866924,7.571016943814563,9.191412560636946,2.2464724281761064,0.0,0.5714285714285714,15,1,1,0,0,0,0,1,0,1,0,0,1,1,1,0,7,0,0,0,0,0,5.908504788660265,1,4.295200000000005,65.18680000000005,0,0,0,0,0,0,0,1,0,0,0,0,0,0,0,0,0,0,0,0,0,0,0,0,0,0,0,0,0,0,1,0,0,0,1,0,0,0,0,0,0,0,0,0,0,0,0,0,0,0,0,0,0,0,0,0,0,0,0,0,0,0,0,0,0,1,1,0,0,0,0,0,0,0,0,0,0,0,0,0,0,0,0,5,0
A736,other,CCN1C2=C3C=C(C=C2)C4=CSC(=N4)C[C@@H](C(=O)N5CCC[C@H](N5)C(=O)OCC(CC3=C1C6=C(N=CC=C6)[C@H](C)OC)(C)C)NC(=O)[C@H](C(C)C)N(C)C(=O)N7CCN([C@@H]8[C@H]7C8)C(=O)C=C,1.0,,<rdkit.Chem.rdchem.Mol object at 0x16833a2d0>,14.652744241404331,14.652744241404331,0.07456229140620718,-1.0823988298848162,0.15573368138320814,22.833333333333332,922.1659999999998,858.6619999999997,921.4571163559999,352,0,0.3244809840053296,-0.46389579998749897,0.46389579998749897,0.3244809840053296,1.121212121212121,1.878787878787879,2.606060606060606,32.133483914717274,9.83813507040465,2.52823953659991,-2.390994669851559,2.4226829852717553,-2.6259655464007077,7.095148669551164,-0.15518948769622867,3.8878224249855244,1.143738377132944,2533.974757019422,47.18877652859392,39.33491012310701,40.15140670403473,31.547283389977114,23.142241178376036,24.02189398963093,19.153636046281793,20.0962898875027,13.583771513142999,14.454912710467267,10.082692508914324,10.933092567172222,-5.65,358101557534423.0,46.864449608660465,18.918272732826235,9.084010606759316,390.20010535955845,34.057343351949214,18.12552248744388,0.0,11.814359458703011,5.907179729351506,12.00041980028992,29.171039781189023,15.204307102129412,0.0,11.336785877934735,40.3402515508226,81.353606809624,85.77904149748184,46.88393769195529,33.4464118279592,51.96166979836023,0.0,44.98627840730844,11.332896515558172,116.50445825217446,40.398620706205364,70.82870065821764,0.0,22.514758973090913,10.742580001116716,4.794537184071822,0.0,11.336785877934735,134.57348224648135,48.03827429565198,11.332896515558172,83.17385763806828,54.56369747481942,0.0,33.41768390517197,0.0,171.54000000000002,41.324177703495515,23.97268592035911,0.0,49.07155192133411,56.8699358122071,44.67506339171742,27.321628239573624,30.154132557268756,32.2176414379994,66.92529520542489,19.441682949494513,14.24025005468818,1.409202165408953,84.43365215113229,8.124796798038222,9.269637860866897,-1.8242852949711374,7.107904639054137,5.159200048453199,17.53100915604603,3.2986324212832336,0.5306122448979592,66,2,16,1,3,4,5,1,3,4,6,6,12,2,17,6,9,1,2,3,0,0,13.433249078339855,8,5.750000000000005,251.9183999999992,0,0,0,0,0,3,0,0,0,0,5,5,0,0,0,7,2,0,0,1,0,0,0,0,0,0,0,5,0,0,1,0,0,0,1,0,7,0,0,0,1,2,0,0,0,1,0,0,0,0,0,0,0,0,1,1,0,0,0,0,0,0,0,0,0,0,0,0,0,0,1,0,0,1,0,0,0,0,0,0,1,0,0,0,1
Biphenyl,other,C1=CC=C(C=C1)C2=CC=CC=C2,1.0,1.0,<rdkit.Chem.rdchem.Mol object at 0x16833af10>,2.1203703703703702,2.1203703703703702,1.2760185185185187,1.2760185185185187,0.5905018880213778,9.666666666666666,154.21199999999996,144.13199999999998,154.07825032,58,0,-0.018404256076149473,-0.062225394893666276,0.062225394893666276,0.018404256076149473,0.4166666666666667,0.75,1.0833333333333333,13.961331628236497,10.068819284791342,1.9123006747664757,-1.9807071412546904,2.1656688596491174,-1.7312579020506635,5.62192401149373,1.620063319774303,2.2067946744792137,2.457149480139045,297.4313204906765,8.22576835024473,6.77350269189626,6.77350269189626,5.966326495188786,4.071367205045919,4.071367205045919,2.732050807568879,2.732050807568879,1.880911470030613,1.880911470030613,1.2612058845650993,1.2612058845650993,-1.5599999999999996,1023.9527289583551,7.108736857548047,3.2249464015776437,1.3739359404482387,72.48849732556099,0.0,0.0,0.0,0.0,0.0,0.0,0.0,0.0,0.0,0.0,60.6636706846161,11.126902983393991,0.0,0.0,0.0,0.0,0.0,0.0,0.0,0.0,0.0,60.6636706846161,0.0,11.126902983393991,0.0,0.0,0.0,0.0,0.0,0.0,0.0,0.0,60.6636706846161,0.0,11.126902983393991,0.0,0.0,0.0,0.0,0.0,0.0,0.0,0.0,11.126902983393991,0.0,12.13273413692322,48.53093654769288,0.0,0.0,0.0,0.0,0.0,2.5520370370370373,0.0,20.781296296296297,0.0,0.0,0.0,0.0,12,0,0,0,0,0,0,2,0,2,0,0,0,0,0,0,1,0,0,0,0,0,1.9104412790426617,2,3.353600000000002,51.87800000000003,0,0,0,0,0,0,0,0,0,0,0,0,0,0,0,0,0,0,0,0,0,0,0,0,0,0,0,0,0,0,0,0,0,0,2,0,0,0,0,0,0,0,0,0,0,0,0,0,0,0,0,0,0,0,0,0,0,0,0,0,0,0,0,0,0,0,0,0,0,0,0,0,0,0,0,0,0,0,0,0,0,0,0,0,0
H40,other,C1=CC(=CC=C1NC(=O)CCS)SC2=CC(=NC(=C2)Br)NCCO,1.0,,<rdkit.Chem.rdchem.Mol object at 0x16833a8f0>,11.547578976419057,11.547578976419057,0.03882693055783837,-0.03882693055783837,0.3816441665836123,10.458333333333334,428.37700000000007,410.2330000000001,427.00238091600005,128,0,0.2246911565831246,-0.39454503701155497,0.39454503701155497,0.2246911565831246,1.25,2.0,2.6666666666666665,79.9187312751653,10.283473186594753,2.0469832267135124,-2.0844329222732436,2.3106648630387236,-2.1087979397201475,9.102411220504104,-0.11532877073871946,2.543579738945543,2.0255603976554073,683.5227825457847,17.363596551749424,12.828630580320775,16.12555089136312,11.600886748174156,7.314198324345761,9.556148706864514,4.809417780655289,7.216041934719075,2.8981627274095896,4.507280519196942,1.8743074266284763,3.552027606747349,-1.22,226175.11038703765,19.10934362579321,9.926856202668247,6.350639280292179,158.73406039235473,15.740104602853368,10.421058796818908,0.0,5.907179729351506,0.0,0.0,4.794537184071822,4.983978520947208,12.628789148012991,0.0,11.761884949391115,58.0809999154658,28.443931254557697,6.606881964512918,9.901064578912528,57.73304677722356,0.0,4.983978520947208,0.0,16.21178857396156,29.538069185184945,41.00139842975354,0.0,0.0,10.633577208012662,11.50524905251859,0.0,40.32061799535346,34.902177622311704,4.794537184071822,0.0,6.4208216229260096,50.79236538078909,0.0,0.0,0.0,74.25,0.0,4.794537184071822,0.0,12.514061693864424,24.536294413420404,20.08154924470299,0.0,11.761884949391115,36.39820241076966,44.17628877492221,5.106527394840706,0.7255354410875281,9.024610687345694,17.919382873008537,14.754924089950396,0.7706886349581156,1.19741494704314,11.510636125955841,0.39709484732572786,0.5052679088805723,0.0,0.25,24,3,5,0,0,0,1,1,1,2,0,0,6,4,8,1,8,0,0,0,0,0,7.90398776252601,2,3.657900000000002,105.17720000000003,0,1,1,0,0,1,0,0,0,0,1,1,0,0,0,1,2,0,0,0,0,0,1,0,0,0,0,1,0,2,0,0,0,0,1,0,0,0,0,0,0,0,0,0,1,0,0,0,0,0,0,0,0,0,0,0,0,0,0,0,0,0,0,0,0,0,0,0,0,0,0,0,0,1,0,0,0,0,0,0,0,0,0,0,0
L1000,other,CCO,1.0,,<rdkit.Chem.rdchem.Mol object at 0x16833a420>,7.569444444444445,7.569444444444445,0.25,0.25,0.40680796565539457,6.0,46.069,40.021,46.041864812,20,0,0.040220581749086416,-0.3966637147812598,0.3966637147812598,0.040220581749086416,2.0,2.0,2.0,16.248991329327918,10.90816803508637,1.3402935186707778,-1.52235869276019,1.2962426382141041,-1.568363547035574,3.835802335589486,0.3184056131739115,0.9182958340544897,1.6329931618554523,2.754887502163469,2.7071067811865475,2.1543203766865053,2.1543203766865053,1.4142135623730951,1.0233345472033855,1.0233345472033855,0.3162277660168379,0.3162277660168379,0.0,0.0,0.0,0.0,-0.04,2.754887502163469,2.9600000000000004,1.96,1.9600000000000033,19.89842689442217,5.106527394840706,0.0,0.0,0.0,0.0,0.0,0.0,0.0,0.0,0.0,0.0,6.923737199690624,6.606881964512918,0.0,5.106527394840706,0.0,0.0,0.0,0.0,6.923737199690624,6.606881964512918,0.0,0.0,0.0,0.0,0.0,0.0,0.0,11.713409359353623,0.0,0.0,6.923737199690624,0.0,0.0,0.0,0.0,20.23,0.0,0.0,0.0,6.606881964512918,0.0,0.0,0.0,6.923737199690624,0.0,0.0,5.106527394840706,0.0,0.0,0.0,7.569444444444445,0.0,0.0,0.0,0.0,1.9305555555555556,0.0,1.0,3,1,1,0,0,0,0,0,0,0,0,0,1,1,1,0,0,0,0,0,0,0,1.9338666666666668,0,-0.0014000000000000123,12.759800000000002,0,1,1,0,0,0,0,0,0,0,0,0,0,0,0,0,0,0,0,0,0,0,0,0,0,0,0,0,0,0,0,0,0,0,0,0,0,0,0,0,0,0,0,0,0,0,0,0,0,0,0,0,0,0,0,0,0,0,0,0,0,0,0,0,0,0,0,0,0,0,0,0,0,0,0,0,0,0,0,0,0,0,0,0,0
PiperonylButoxide,other,CCCCOCCOCCOCC1=CC2=C(C=C1CCC)OCO2,1.0,4.0,<rdkit.Chem.rdchem.Mol object at 0x1683399a0>,5.7493962532977685,5.7493962532977685,0.3049363797661617,0.3049363797661617,0.5130604440913922,12.75,338.44400000000013,308.204,338.2093240599999,136,0,0.2308006434911979,-0.45358472603826744,0.45358472603826744,0.2308006434911979,0.7916666666666666,1.4166666666666667,2.0833333333333335,16.696930085781094,10.025871892229489,2.164059030890006,-2.1129959651259194,2.3506771836504816,-2.098375207319165,5.482388014713298,0.010075809753777308,3.0376745307837045,1.6321742102088128,475.0701059180237,17.037323138116363,14.974116583750593,14.974116583750593,11.846866552750667,8.993670249161262,8.993670249161262,5.855063875007728,5.855063875007728,3.8579616008891455,3.8579616008891455,2.5309453027170665,2.5309453027170665,-1.3,374214.1631217753,19.030431376738058,11.288510240503102,6.3032766047595485,144.73754560065805,23.684314769000245,0.0,11.49902366656781,6.792942306099827,0.0,0.0,0.0,0.0,0.0,0.0,26.689117645233267,36.10128036616923,6.606881964512918,33.03440982256459,23.684314769000245,0.0,0.0,0.0,0.0,46.1376428555982,39.827352128664415,23.259637120317212,0.0,11.49902366656781,9.473725907600098,0.0,11.49902366656781,0.0,39.827352128664415,27.238292448839076,0.0,44.23684225155327,12.13273413692322,0.0,0.0,0.0,46.150000000000006,0.0,0.0,0.0,0.0,39.827352128664415,43.78919212278477,11.126902983393991,0.0,6.06636706846161,19.913841467842857,23.684314769000245,27.60799664607838,0.0,0.0,0.0,2.440732839870855,1.65512722863759,4.115497714590081,4.377014216137228,8.47029802135253,0.0,0.6842105263157895,24,0,5,0,1,1,0,1,0,1,0,0,5,0,5,1,13,0,0,0,0,0,8.951050811562462,2,3.7177000000000024,92.76200000000007,0,0,0,0,0,0,0,0,0,0,0,0,0,0,0,0,0,0,0,0,0,0,0,0,0,0,0,0,0,0,1,0,0,0,1,0,1,0,0,0,0,5,0,0,0,0,0,0,0,0,0,0,0,0,0,0,0,0,0,0,0,0,0,0,0,0,0,0,0,0,0,0,0,0,0,0,0,0,0,0,0,0,0,1,0
Chlorothalonil,other pesticide,C(#N)C1=C(C(=C(C(=C1Cl)Cl)Cl)C#N)Cl,1.0,1.0,<rdkit.Chem.rdchem.Mol object at 0x16833a6c0>,8.704536407155455,8.704536407155455,0.03626543209876476,-0.07462962962962916,0.5249703621195863,9.285714285714286,265.914,265.914,263.88155872,70,0,0.10237867887400381,-0.1923229001143206,0.1923229001143206,0.10237867887400381,0.6428571428571429,1.0,1.2857142857142858,35.50069559863489,10.132631376421894,2.1917384017738093,-2.05369567614446,2.3977344786455763,-1.8875487969415878,6.503035179724944,1.4460403234362809,2.1641757289633556,3.7817196239994977,440.5804759440678,10.878315177510851,6.406285083036824,9.430000867110643,6.540111220059324,3.203142541518412,4.715000433555321,2.229535743768433,3.741393635805343,1.486982078692391,3.1923040691486455,0.8298680485500368,1.899925919328703,-0.6399999999999999,1177.3115965560655,11.434850299401196,4.255635544020216,1.6287921069730855,100.1595116187543,0.0,12.138442625584547,0.0,0.0,0.0,0.0,0.0,0.0,10.523783109476973,0.0,46.40375956093006,0.0,0.0,31.217436238359298,0.0,46.40375956093006,10.523783109476973,0.0,0.0,0.0,0.0,31.217436238359298,0.0,12.138442625584547,0.0,0.0,0.0,46.40375956093006,0.0,0.0,22.66222573506152,11.126902983393991,0.0,20.090533254965305,0.0,0.0,47.58,0.0,0.0,0.0,31.217436238359298,0.0,0.0,0.0,12.138442625584547,0.0,0.0,56.92754267040704,0.0,22.811976568405136,0.0,17.220708616780048,-0.08466049382715957,0.0,3.49641975308642,0.0,0.0,0.0,0.0,14,0,2,0,0,0,0,1,0,1,0,0,2,0,6,0,0,0,0,0,0,0,3.4758968124772816,1,4.04356,55.912000000000006,0,0,0,0,0,0,0,0,0,0,0,0,0,0,0,2,0,0,0,0,0,0,0,0,0,0,0,0,0,0,0,0,0,0,1,0,0,0,0,0,0,0,0,0,4,0,0,0,0,0,0,0,0,0,0,0,0,2,0,0,0,0,0,0,0,0,0,0,0,0,0,0,0,0,0,0,0,0,0,0,0,0,0,0,0
Pentachlorophenol,other pesticide,C1(=C(C(=C(C(=C1Cl)Cl)Cl)Cl)Cl)O,1.0,1.0,<rdkit.Chem.rdchem.Mol object at 0x168338970>,9.200987654320986,9.200987654320986,0.009043209876542502,-0.36320987654320924,0.5346401235008617,10.416666666666666,266.33799999999997,265.33,263.847003052,66,0,0.1554578230276599,-0.5047430525360218,0.5047430525360218,0.1554578230276599,0.5833333333333334,0.8333333333333334,1.1666666666666667,35.502568113069785,10.314709771715224,2.17495916143332,-2.0582719017673337,2.4675927772086603,-1.7848574746363615,6.55208347634766,0.4757325841893683,2.0815718239857546,3.6035674514745475,230.20322477240757,9.464101615137753,5.3370359605460935,9.116680690638367,5.464101615137754,2.668517980273047,4.558340345319183,1.9185179802730468,3.808340345319184,1.1866315584665184,3.4434307347924333,0.5933157792332591,1.7217153673962167,0.4699999999999999,416.3143647971509,10.550192461908578,3.68572552572852,1.5681178591367897,93.74196800610133,5.106527394840706,10.045266627482652,5.749511833283905,0.0,0.0,0.0,0.0,0.0,0.0,0.0,58.00469945116258,0.0,0.0,15.067899941223978,5.106527394840706,58.00469945116258,0.0,0.0,0.0,0.0,0.0,25.11316656870663,0.0,5.749511833283905,0.0,0.0,5.749511833283905,58.00469945116258,5.106527394840706,0.0,0.0,0.0,0.0,25.11316656870663,0.0,0.0,20.23,0.0,5.106527394840706,0.0,30.86267840199054,0.0,0.0,0.0,0.0,0.0,0.0,58.00469945116258,0.0,27.90413580246913,0.0,9.014629629629631,0.0,-0.36320987654320924,0.0,0.0,0.0,0.0,0.0,12,1,1,0,0,0,0,1,0,1,0,0,1,1,6,0,0,0,0,0,0,0,3.2404261381837554,1,4.6592,53.15680000000001,0,0,0,0,0,0,0,1,0,0,0,0,0,0,0,0,0,0,0,0,0,0,0,0,0,0,0,0,0,0,0,0,0,0,1,0,0,0,0,0,0,0,0,0,5,0,0,0,0,0,0,0,0,0,0,0,0,0,0,0,0,0,0,0,0,1,1,0,0,0,0,0,0,0,0,0,0,0,0,0,0,0,0,0,0
Quinoxyfen,other pesticide,C1=CC(=CC=C1OC2=C3C(=CC(=CC3=NC=C2)Cl)Cl)F,1.0,3.0,<rdkit.Chem.rdchem.Mol object at 0x16833aa40>,12.885649368435262,12.885649368435262,0.3178234998638436,-0.3178234998638436,0.6257420278237984,10.75,308.13899999999995,300.075,306.996697456,100,0,0.1393661555358449,-0.45654814231430296,0.45654814231430296,0.1393661555358449,1.0,1.75,2.5,35.49683537166785,10.173876989365414,2.095649695091704,-2.0963712306634292,2.352445506620468,-1.8865048755954639,6.385107725357089,0.4854661767278622,2.40622052046577,2.0944528914451297,774.675566551701,14.112519696192859,10.10815745850851,11.62001535054542,9.631030293135236,5.805076898828161,6.561005844846616,4.146808036609997,4.990443943822588,2.761563399866154,3.2778724717247565,1.8890154923515852,2.464813235065289,-1.8399999999999992,42917.34920302747,13.157378117913831,5.270174036252378,2.550486487436766,124.27542292443916,4.736862953800049,17.316244507613703,0.0,0.0,0.0,0.0,4.983978520947208,4.39041504767482,0.0,0.0,23.20187978046503,42.46456947923127,11.219476885354403,15.925558245822383,9.127278001474869,34.10480471254609,0.0,4.983978520947208,0.0,0.0,0.0,64.52390051937289,0.0,11.49902366656781,4.736862953800049,4.39041504767482,11.49902366656781,23.20187978046503,4.983978520947208,0.0,5.817220841045894,0.0,48.66141305084435,10.045266627482652,10.902924932081056,0.0,22.12,0.0,4.39041504767482,0.0,5.817220841045894,32.44721522613152,0.0,12.13273413692322,36.52867891392113,0.0,4.983978520947208,27.938742734265084,18.618779564958317,12.141452125182282,4.210379083732258,1.6338291945948884,0.6408441463004957,0.7453167747645266,10.79328028330674,1.6050077160493827,0.0,0.0,0.0,20,0,2,0,0,0,0,2,1,3,0,0,2,0,5,1,2,0,0,0,0,0,3.4670836271092327,3,5.4730000000000025,78.23700000000002,0,0,0,0,0,1,0,0,0,0,0,0,0,0,0,1,0,0,0,0,0,0,0,0,0,0,0,0,0,0,0,0,0,0,2,0,1,0,0,0,0,1,0,0,3,0,0,0,0,0,0,0,0,0,0,0,0,0,0,0,0,0,0,0,0,0,0,0,0,0,0,0,0,1,0,0,0,0,0,0,0,0,0,0,0
Trifluralin,other pesticide,CCCN(CCC)C1=C(C=C(C=C1[N+](=O)[O-])C(F)(F)F)[N+](=O)[O-],1.0,3.0,<rdkit.Chem.rdchem.Mol object at 0x16833ab20>,12.844830089443185,12.844830089443185,0.26476639266817825,-4.908340655706728,0.5514127435955851,11.347826086956522,335.28200000000004,319.154,335.10929065199997,128,0,0.41641444365577207,-0.3603649404227578,0.41641444365577207,0.3603649404227578,1.0,1.391304347826087,1.6521739130434783,19.413182079957522,10.090056498341953,2.384602951581411,-2.2326056736201148,2.4270120746551997,-2.266414185763967,5.76023818832512,-0.3925979096432907,2.4402512812373476,3.6993779362256016,563.6129198986837,17.78409257144667,12.59165503050845,12.59165503050845,10.628446183176258,6.919433478890023,6.919433478890023,4.86213135417773,4.86213135417773,3.093677114331587,3.093677114331587,2.245438727014827,2.245438727014827,-2.3900000000000006,62314.25671767691,18.65852013585638,7.2484255198207075,4.299219696317904,129.54838924425488,4.899909730850477,0.0,5.687386274683562,0.0,11.374772549367124,6.176298517443475,20.228636537531145,0.0,13.171245143024459,0.0,13.847474399381248,12.841643245852019,25.22224694874837,15.410073589332338,23.0178672406598,17.062158824050687,0.0,0.0,0.0,32.865416162676745,17.989422542675626,37.92482216615136,0.0,0.0,4.899909730850477,30.233403967075148,0.0,0.0,22.936134909460492,6.176298517443475,20.228636537531145,32.25256913693026,12.13273413692322,0.0,0.0,0.0,89.52,32.961144656142935,33.3998816805556,0.0,18.776899086508713,24.974377382775238,0.0,4.899909730850477,13.847474399381248,0.0,0.0,0.0,38.534490268329556,0.0,21.704739229024945,22.355326908541194,-3.6054195011337864,0.0,0.6957407407407405,-3.8342715419501143,4.066060563114134,0.0,0.5384615384615384,23,0,7,0,0,0,0,1,0,1,0,0,5,0,10,0,7,0,0,0,0,0,5.880212761514344,1,4.148200000000004,77.54780000000001,0,0,0,0,0,0,0,0,0,0,0,0,0,0,0,3,0,0,0,0,0,0,0,0,0,3,0,0,0,1,0,0,0,0,1,0,0,0,0,0,0,0,0,0,3,0,0,0,0,0,0,0,0,0,0,0,0,0,2,2,0,0,0,0,0,0,0,0,0,0,0,0,0,0,0,0,0,0,0,0,0,0,0,0,0
Anthracene,PAH,C1=CC=C2C=C3C=CC=CC3=CC2=C1,1.0,1.0,<rdkit.Chem.rdchem.Mol object at 0x16833b370>,2.2407407407407405,2.2407407407407405,1.3112962962962964,1.3112962962962964,0.4564102473768608,10.857142857142858,178.23399999999995,168.15399999999997,178.07825032,66,0,-0.01776516776969768,-0.061629349784588755,0.061629349784588755,0.01776516776969768,0.42857142857142855,0.7142857142857143,1.0,13.991352165126289,10.041217094255412,1.9465697763062875,-2.003902281770427,2.2145351441983565,-1.7403762758928052,5.974985320549642,1.764859750005029,2.2605062195621475,2.5237326453890008,488.75909858914036,9.38046888862398,7.77350269189626,7.77350269189626,6.932652990377571,4.809401076758505,4.809401076758505,3.5465093652269,3.5465093652269,2.61403104906987,2.61403104906987,1.882638631877587,1.882638631877587,-1.8199999999999994,3255.1289561694925,7.571439103526888,2.8450836230123144,1.080316882093769,82.79473218296737,0.0,0.0,0.0,0.0,0.0,0.0,0.0,0.0,0.0,0.0,48.53093654769288,33.677630994782405,0.0,0.0,0.0,21.544896857859182,0.0,0.0,0.0,0.0,0.0,60.6636706846161,0.0,0.0,0.0,0.0,0.0,0.0,0.0,0.0,0.0,0.0,60.6636706846161,0.0,21.544896857859182,0.0,0.0,0.0,0.0,0.0,0.0,0.0,0.0,21.544896857859182,0.0,0.0,60.6636706846161,0.0,0.0,0.0,0.0,5.245185185185186,0.0,0.0,21.421481481481482,0.0,0.0,0.0,0.0,14,0,0,0,0,0,0,3,0,3,0,0,0,0,0,0,0,0,0,0,0,0,1.5386698140056707,3,3.993000000000002,61.45400000000003,0,0,0,0,0,0,0,0,0,0,0,0,0,0,0,0,0,0,0,0,0,0,0,0,0,0,0,0,0,0,0,0,0,0,3,0,2,0,0,0,0,0,0,0,0,0,0,0,0,0,0,0,0,0,0,0,0,0,0,0,0,0,0,0,0,0,0,0,0,0,0,0,0,0,0,0,0,0,0,0,0,0,0,0,0
Benzo(a)pyrene,PAH,C1=CC=C2C3=C4C(=CC2=C1)C=CC5=C4C(=CC=C5)C=C3,1.0,4.0,<rdkit.Chem.rdchem.Mol object at 0x16833ac00>,2.309074074074074,2.309074074074074,1.3179454837490554,1.3179454837490554,0.24345418372476169,12.0,252.316,240.21999999999994,252.093900384,92,0,-0.002035148344146874,-0.06162863921924358,0.06162863921924358,0.002035148344146874,0.4,1.1,2.0,14.126846279404477,9.910302212042632,2.094115295590412,-2.1228891175133775,2.375276775749175,-1.846005824737543,6.2828822351626625,1.7826781613557425,2.518598159082093,2.230840176230173,1069.7218869027129,13.10408352775558,10.928203230275514,10.928203230275514,9.915816237971965,6.970084679281463,6.970084679281463,5.453738644055911,5.453738644055911,4.37090389940122,4.37090389940122,3.489493840691964,3.489493840691964,-2.5999999999999988,105539.33725817603,10.21902349550179,3.486521567643158,1.1630091486510117,116.13708612657338,0.0,0.0,0.0,0.0,0.0,0.0,0.0,0.0,0.0,0.0,66.73003775307771,49.156160784179974,0.0,0.0,0.0,43.089793715718365,0.0,0.0,0.0,0.0,0.0,72.79640482153933,0.0,0.0,0.0,0.0,0.0,0.0,0.0,0.0,0.0,0.0,72.79640482153933,0.0,43.089793715718365,0.0,0.0,0.0,0.0,0.0,0.0,0.0,0.0,43.089793715718365,0.0,0.0,72.79640482153933,0.0,0.0,0.0,0.0,10.82069397203326,0.0,0.0,26.512639361300074,0.0,0.0,0.0,0.0,20,0,0,0,0,0,0,5,0,5,0,0,0,0,0,0,0,0,0,0,0,0,1.7814422908659584,5,5.737200000000003,87.65200000000003,0,0,0,0,0,0,0,0,0,0,0,0,0,0,0,0,0,0,0,0,0,0,0,0,0,0,0,0,0,0,0,0,0,0,5,0,2,0,0,0,0,0,0,0,0,0,0,0,0,0,0,0,0,0,0,0,0,0,0,0,0,0,0,0,0,0,0,0,0,0,0,0,0,0,0,0,0,0,0,0,0,0,0,0,0
Ibuprofen,PPCP,CC(C)CC1=CC=C(C=C1)C(C)C(=O)O,1.0,1.0,<rdkit.Chem.rdchem.Mol object at 0x16833ac70>,10.762425070336777,10.762425070336777,0.4184259259259262,-0.7716577958343829,0.8215995486924976,12.8,206.28499999999997,188.14099999999996,206.130679816,82,0,0.3101853515323108,-0.4807885019257389,0.4807885019257389,0.3101853515323108,1.2,1.7333333333333334,2.1333333333333333,16.36640479713451,9.96847176089875,2.123540108955398,-2.0857579653870717,2.1688935075416427,-2.068800465423949,5.749768182058132,-0.13786206865191,2.1655069394400757,2.7590371332701524,324.8941190021566,11.422285251880869,9.526670282288125,9.526670282288125,7.002907755397974,5.320300905843471,5.320300905843471,4.3994781236223774,4.3994781236223774,2.4940956097181957,2.4940956097181957,1.556376775771452,1.556376775771452,-1.31,1862.335967918465,11.763046018991963,4.964460295417243,3.387630631562938,90.94175377251301,5.106527394840706,0.0,0.0,0.0,0.0,5.9693052879518484,4.794537184071822,0.0,0.0,0.0,38.112942673227685,30.38936785217202,0.0,5.917906046161393,9.901064578912528,5.9693052879518484,0.0,0.0,5.917906046161393,33.10993926815928,0.0,35.392371257240434,0.0,0.0,0.0,0.0,0.0,0.0,11.075832682792555,11.21535880699783,5.917906046161393,37.81602062862726,24.26546827384644,0.0,0.0,0.0,37.3,11.887211334113243,4.794537184071822,0.0,0.0,5.917906046161393,11.984273114623004,5.563451491696996,6.923737199690624,24.26546827384644,13.847474399381248,5.106527394840706,0.0,0.0,10.762425070336777,8.850157339170236,2.1401341647770225,-0.5579103678508441,7.871574074074074,1.0433852985638699,6.056901087595532,0.0,0.46153846153846156,15,1,2,0,0,0,0,1,0,1,1,0,1,1,2,0,4,0,0,0,0,1,3.8931449942967644,1,3.073200000000001,61.03480000000004,1,0,0,0,0,0,0,0,1,1,1,0,0,0,0,0,0,0,0,0,0,0,0,0,0,0,0,0,0,0,0,0,0,0,1,0,0,0,0,0,0,0,0,0,0,0,0,0,0,0,0,0,0,0,0,0,0,0,0,0,0,0,0,0,0,0,0,0,0,0,0,0,0,0,0,0,0,0,0,0,0,0,0,0,0
Verapamil,PPCP,CC(C)C(CCCN(C)CCC1=CC(=C(C=C1)OC)OC)(C#N)C2=CC(=C(C=C2)OC)OC,1.0,,<rdkit.Chem.rdchem.Mol object at 0x16833b1b0>,10.2421053405546,10.2421053405546,0.16451030641364595,-0.5796218690994226,0.41990487617646394,12.848484848484848,454.6110000000003,416.30700000000024,454.283157696,180,0,0.16054431752689396,-0.4928699786635633,0.4928699786635633,0.16054431752689396,0.8484848484848485,1.4242424242424243,1.9696969696969697,16.512200901098844,9.694752867535845,2.3593277045457106,-2.3227917977454844,2.4007298107357418,-2.323057175160692,5.471867144281715,0.2922567453199359,2.840656625635782,2.0233334188492673,938.2039770028957,24.432510652501765,21.10440614311549,21.10440614311549,15.842432787502403,11.379315865652575,11.379315865652575,8.653784144576882,8.653784144576882,6.424875284976213,6.424875284976213,4.225326818167966,4.225326818167966,-2.9099999999999997,15777873.299051952,26.343179198047235,12.362155765232773,6.326433951969804,198.56922331120978,23.847361546050674,0.0,22.99804733313562,0.0,0.0,0.0,0.0,0.0,5.261891554738487,0.0,25.980208536304467,74.16517056076962,6.544756405912575,39.92340194729918,18.947451815200196,0.0,5.261891554738487,4.899909730850477,5.917906046161393,38.52492973755605,48.576374959612465,47.52510539416365,0.0,29.067268645927893,18.947451815200196,0.0,22.99804733313562,0.0,53.47628469046295,11.835812092322788,17.249018913692154,37.81602062862726,36.39820241076966,0.0,0.0,0.0,63.95,5.414990469396779,5.261891554738487,0.0,5.917906046161393,11.49902366656781,49.41445283886799,5.563451491696996,28.439190165110134,30.33183534230805,37.9306444941628,18.947451815200196,21.583324082126502,0.0,2.3132679568741077,10.2421053405546,1.6046474762988465,2.9873437787268267,14.511702267869502,2.611084525448425,6.060729342286187,8.669128563148337,0.5185185185185185,33,0,6,0,0,0,0,2,0,2,1,0,6,0,6,0,13,0,0,0,0,1,9.86843892720302,2,5.093080000000005,131.656,0,0,0,0,0,0,0,0,0,0,0,0,0,0,0,2,0,0,0,1,0,0,0,0,0,0,0,0,0,0,0,0,0,0,2,0,0,0,0,0,0,4,0,0,0,0,0,0,0,0,0,0,0,0,0,4,0,1,0,0,0,0,0,0,0,0,0,0,0,0,0,0,0,0,0,0,0,0,0,0,0,0,0,0,0
1-2Dichloroethane,solvent,C(CCl)Cl,1.0,,<rdkit.Chem.rdchem.Mol object at 0x16833b5a0>,5.054012345679012,5.054012345679012,0.5570987654320989,0.5570987654320989,0.4363042365257152,7.5,98.96000000000001,94.928,97.969005488,26,0,0.035889203448099614,-0.12542343074881615,0.12542343074881615,0.035889203448099614,1.0,1.25,1.25,35.498558017336876,10.970234924568343,1.612704084033165,-1.6285173297622817,1.745902114921951,-1.6333332020997315,6.254551773714507,1.5224887609926128,1.3709505944546687,1.9747448713915894,6.0,3.414213562373095,2.1701425083915495,3.682000400428458,1.914213562373095,1.0345224838248486,2.103567451474546,0.3779644730092271,1.1338934190276815,0.07142857142857141,0.6428571428571428,0.0,0.0,0.58,6.854752972273344,4.58,3.5799999999999996,2.58,35.71072559598951,0.0,0.0,0.0,0.0,0.0,0.0,0.0,0.0,0.0,23.20187978046503,0.0,0.0,11.760006889940678,0.0,0.0,23.20187978046503,0.0,0.0,0.0,0.0,11.760006889940678,0.0,0.0,0.0,0.0,0.0,0.0,23.20187978046503,11.760006889940678,0.0,0.0,0.0,0.0,0.0,0.0,0.0,0.0,0.0,0.0,0.0,0.0,11.760006889940678,0.0,0.0,0.0,0.0,0.0,23.20187978046503,0.0,10.108024691358024,0.0,0.0,0.0,1.1141975308641978,0.0,0.0,0.0,0.0,1.0,4,0,0,0,0,0,0,0,0,0,0,0,0,0,2,0,1,0,0,0,0,0,4.0991,0,1.464,21.439999999999994,0,0,0,0,0,0,0,0,0,0,0,0,0,0,0,0,0,0,0,0,0,0,0,0,0,2,0,0,0,0,0,0,0,0,0,0,0,0,0,0,0,0,0,0,2,0,0,0,0,0,0,0,0,0,0,0,0,0,0,0,0,0,0,0,0,0,0,0,0,0,0,0,0,0,0,0,0,0,0,0,0,0,0,0,0
124-Trichlorobenzene,solvent,C1=CC(=C(C=C1Cl)Cl)Cl,1.0,,<rdkit.Chem.rdchem.Mol object at 0x168339a10>,5.5975617283950605,5.5975617283950605,0.4899691358024696,0.4899691358024696,0.5361021552744022,9.666666666666666,181.44899999999998,178.42499999999998,179.930033136,48,0,0.06066130485936487,-0.08428709445773132,0.08428709445773132,0.06066130485936487,0.8888888888888888,1.5555555555555556,2.0,35.499014189005436,10.35889204397731,1.9444450934060398,-1.9221996547994895,2.238868415858722,-1.659379504092596,6.4263588622458006,1.7045968675602419,1.7965675742516065,3.1716780304409156,219.5429995478469,6.85337115112852,4.365944226596559,6.633731064651922,4.198377302757662,2.304980581226426,3.4388740002541076,1.558430718868818,2.8092667528220145,0.8816474954669951,1.85577387699275,0.4704998499972052,0.9965423302231506,0.08999999999999991,104.20091930659318,7.200011001100109,2.7822002817304186,1.751071234522005,68.34120180014197,0.0,0.0,0.0,0.0,0.0,0.0,0.0,0.0,0.0,0.0,34.802819670697545,18.19910120538483,5.022633313741326,10.045266627482652,0.0,34.802819670697545,0.0,0.0,0.0,0.0,0.0,33.267001146608806,0.0,0.0,0.0,0.0,0.0,34.802819670697545,0.0,0.0,0.0,0.0,18.19910120538483,15.067899941223978,0.0,0.0,0.0,0.0,0.0,0.0,0.0,15.067899941223978,0.0,0.0,18.19910120538483,0.0,0.0,34.802819670697545,0.0,16.76148148148148,0.0,1.620030864197532,0.0,0.0,4.951820987654321,0.0,0.0,0.0,0.0,9,0,0,0,0,0,0,1,0,1,0,0,0,0,3,0,0,0,0,0,0,0,2.2257636261914264,1,3.6468000000000007,41.47200000000001,0,0,0,0,0,0,0,0,0,0,0,0,0,0,0,0,0,0,0,0,0,0,0,0,0,0,0,0,0,0,0,0,0,0,1,0,0,0,0,0,0,0,0,0,3,0,0,0,0,0,0,0,0,0,0,0,0,0,0,0,0,0,0,0,0,0,0,0,0,0,0,0,0,0,0,0,0,0,0,0,0,0,0,0,0
Acetone,solvent,CC(=O)C,1.0,,<rdkit.Chem.rdchem.Mol object at 0x168339150>,9.444444444444445,9.444444444444445,0.16666666666666696,0.16666666666666696,0.3982369618339747,6.5,58.08,52.032,58.041864812,24,0,0.12626794356014373,-0.30034390268719197,0.30034390268719197,0.12626794356014373,1.5,1.5,1.5,16.136528004376032,10.55082225459374,1.6191254887288413,-1.55783636544892,1.500722222389012,-1.6913205217908889,5.717069246232807,-0.11449259533352302,0.8112781244591328,2.8030394876740514,26.264662506490403,3.5773502691896257,2.908248290463863,2.908248290463863,1.7320508075688772,1.2041241452319316,1.2041241452319316,0.9082482904638631,0.9082482904638631,0.0,0.0,0.0,0.0,-0.33,3.2451124978365313,3.67,1.0445318352059925,6.883957759412302,25.63065735666653,4.794537184071822,5.783244946364939,0.0,0.0,0.0,0.0,0.0,0.0,0.0,0.0,0.0,13.847474399381248,0.0,0.0,4.794537184071822,5.783244946364939,0.0,0.0,0.0,13.847474399381248,0.0,0.0,0.0,0.0,0.0,0.0,0.0,0.0,5.783244946364939,4.794537184071822,0.0,13.847474399381248,0.0,0.0,0.0,0.0,17.07,0.0,4.794537184071822,0.0,5.783244946364939,0.0,0.0,13.847474399381248,0.0,0.0,0.0,0.0,0.0,0.0,9.444444444444445,0.0,0.0,0.16666666666666696,0.0,0.0,3.0555555555555554,0.0,0.6666666666666666,4,0,1,0,0,0,0,0,0,0,0,0,1,0,1,0,0,0,0,0,0,0,0.9583579588014981,0,0.5952999999999999,16.355,0,0,0,0,0,0,0,0,0,0,1,1,0,0,0,0,0,0,0,0,0,0,0,0,0,0,0,0,0,0,0,0,0,0,0,0,0,0,0,0,0,0,0,0,0,0,0,0,0,0,0,1,1,0,0,0,0,0,0,0,0,0,0,0,0,0,0,0,0,0,0,0,0,0,0,0,0,0,0,0,0,0,0,0,0
Acide Acrylique,solvent,C=CC(=O)O,1.0,,<rdkit.Chem.rdchem.Mol object at 0x16833a110>,9.25,9.25,0.8333333333333333,-0.9814814814814812,0.4508580596042506,6.4,72.06299999999999,68.031,72.021129368,28,0,0.32719811224525835,-0.4780891485530972,0.4780891485530972,0.32719811224525835,2.0,2.2,2.2,16.364473207101216,10.68151440868254,1.7299978202955715,-1.6399993695600228,1.5417772905202745,-1.815186808716104,5.783563706313226,-0.13090317328999626,1.3787834934861756,3.204805417886435,55.91340299823497,4.284457050376173,2.639918936339994,2.639918936339994,2.270055610029662,1.1246543680405865,1.1246543680405865,0.5423618132207977,0.5423618132207977,0.17462042625086102,0.17462042625086102,0.0,0.0,-0.79,9.65148445440323,4.21,1.5215264797507788,3.21,29.735288076678287,5.106527394840706,0.0,0.0,0.0,0.0,5.9693052879518484,0.0,4.794537184071822,0.0,0.0,6.578935683598497,0.0,6.076020106833881,0.0,9.901064578912528,5.9693052879518484,0.0,0.0,0.0,0.0,0.0,12.654955790432378,0.0,0.0,0.0,0.0,0.0,0.0,11.075832682792555,4.794537184071822,0.0,0.0,12.654955790432378,0.0,0.0,0.0,37.3,5.9693052879518484,4.794537184071822,0.0,0.0,0.0,6.076020106833881,0.0,0.0,0.0,6.578935683598497,5.106527394840706,0.0,0.0,9.25,7.604166666666666,0.0,-0.9814814814814812,0.0,0.8333333333333333,2.960648148148148,0.0,0.0,5,1,2,0,0,0,0,0,0,0,0,0,1,1,2,0,1,0,0,0,0,0,1.2811252959501558,0,0.25699999999999995,17.8328,1,0,0,0,0,0,0,0,1,1,1,0,0,0,0,0,0,0,0,0,0,0,0,0,0,0,0,0,0,0,0,0,0,0,0,0,0,0,0,0,0,0,0,0,0,0,0,0,0,0,0,0,0,0,0,0,0,0,0,0,0,0,0,0,0,0,0,0,0,0,0,0,0,0,0,0,0,0,0,0,0,0,0,0,0
Benzene,solvent,C1=CC=CC=C1,1.0,,<rdkit.Chem.rdchem.Mol object at 0x168339850>,2.0,2.0,2.0,2.0,0.4426283718993647,8.0,78.11399999999999,72.06599999999999,78.046950192,30,0,-0.062268570782092456,-0.062268570782092456,0.062268570782092456,0.062268570782092456,0.3333333333333333,0.5,0.6666666666666666,13.646993161855452,10.379006838144559,1.5737245910733595,-1.6942617326375444,1.794093161855451,-1.4738931618554545,4.985993161855451,1.718006838144549,1.719973094021975,3.000000000000001,71.96100505779535,4.242640687119286,3.464101615137755,3.464101615137755,3.0,2.0000000000000004,2.0000000000000004,1.1547005383792521,1.1547005383792521,0.6666666666666671,0.6666666666666671,0.38490017945975075,0.38490017945975075,-0.78,34.3994618804395,3.4115708812260532,1.6057694396735218,0.5823992601400448,37.43140311949697,0.0,0.0,0.0,0.0,0.0,0.0,0.0,0.0,0.0,0.0,36.39820241076966,0.0,0.0,0.0,0.0,0.0,0.0,0.0,0.0,0.0,0.0,36.39820241076966,0.0,0.0,0.0,0.0,0.0,0.0,0.0,0.0,0.0,0.0,36.39820241076966,0.0,0.0,0.0,0.0,0.0,0.0,0.0,0.0,0.0,0.0,0.0,0.0,36.39820241076966,0.0,0.0,0.0,0.0,0.0,0.0,0.0,0.0,12.0,0.0,0.0,0.0,0.0,6,0,0,0,0,0,0,1,0,1,0,0,0,0,0,0,0,0,0,0,0,0,0.9130327103921437,1,1.6866,26.441999999999993,0,0,0,0,0,0,0,0,0,0,0,0,0,0,0,0,0,0,0,0,0,0,0,0,0,0,0,0,0,0,0,0,0,0,1,0,0,0,0,0,0,0,0,0,0,0,0,0,0,0,0,0,0,0,0,0,0,0,0,0,0,0,0,0,0,0,0,0,0,0,0,0,0,0,0,0,0,0,0,0,0,0,0,0,0
Hydrazine,solvent,NN,1.0,,<rdkit.Chem.rdchem.Mol object at 0x16833a340>,4.0,4.0,4.0,4.0,0.2606589485634476,3.0,32.046,28.014,32.037448128,14,0,-0.27413882810857587,-0.27413882810857587,0.27413882810857587,0.27413882810857587,1.0,1.0,1.0,15.006999999999998,13.006999999999998,0.7258611718914241,-1.2741388281085757,-0.018999999999999892,-2.019,3.2619999999999996,1.2619999999999998,1.0,1.0,0.0,2.0,1.1547005383792517,1.1547005383792517,1.0,0.3333333333333334,0.3333333333333334,0.0,0.0,0.0,0.0,0.0,0.0,-0.08,2.0,1.9199999999999995,0.9200000000000015,-14.580000000000016,13.024226327693349,0.0,0.0,0.0,0.0,0.0,0.0,11.685340540532478,0.0,0.0,0.0,0.0,0.0,0.0,0.0,0.0,0.0,0.0,0.0,11.685340540532478,0.0,0.0,0.0,0.0,0.0,11.685340540532478,0.0,0.0,0.0,0.0,0.0,0.0,0.0,0.0,0.0,0.0,0.0,52.04,0.0,0.0,0.0,0.0,0.0,0.0,0.0,0.0,0.0,11.685340540532478,0.0,0.0,0.0,0.0,0.0,0.0,8.0,0.0,0.0,0.0,0.0,0.0,2,4,2,0,0,0,0,0,0,0,0,0,2,2,2,0,0,0,0,0,0,0,0.8832000000000012,0,-1.1812,8.3748,0,0,0,0,0,0,0,0,0,0,0,0,0,0,0,0,0,2,0,0,0,0,0,0,0,0,0,0,0,0,0,0,0,0,0,0,0,0,0,0,0,0,0,0,0,1,0,0,0,0,0,0,0,0,0,0,0,0,0,0,0,0,0,0,0,0,0,0,0,0,0,0,0,0,0,0,0,0,0,0,0,0,0,0,0
Nitric Acid,solvent,[N+](=O)(O)[O-],1.0,,<rdkit.Chem.rdchem.Mol object at 0x16833a260>,8.36111111111111,8.36111111111111,1.5,-1.5,0.3085061818114063,6.0,63.01200000000001,62.004000000000005,62.995642892000006,24,0,0.2912954790944709,-0.32775202492854333,0.32775202492854333,0.2912954790944709,2.0,2.0,2.0,16.87317440486154,13.134757125847125,1.6506178161317808,-1.556407554087673,1.3780625324686728,-1.809588415731418,3.831460780433154,-0.7424608904065827,0.8112781244591328,2.8030394876740514,26.264662506490403,3.5773502691896257,1.710923771927642,1.710923771927642,1.7320508075688772,0.5651483716701108,0.5651483716701108,0.23783491543553822,0.23783491543553822,0.0,0.0,0.0,0.0,-0.8,3.2451124978365313,3.2,0.6545454545454547,0.07500000000000012,21.775556887606736,5.20725302477729,0.0,0.0,0.0,5.086619042932543,0.0,0.0,0.0,0.0,10.114318268765572,0.0,0.0,0.0,0.0,10.293872067709833,0.0,0.0,0.0,0.0,0.0,0.0,10.114318268765572,0.0,0.0,0.0,0.0,0.0,0.0,10.293872067709833,0.0,10.114318268765572,0.0,0.0,0.0,0.0,0.0,63.370000000000005,5.086619042932543,0.0,0.0,0.0,0.0,0.0,0.0,0.0,0.0,0.0,15.321571293542863,0.0,0.0,8.36111111111111,13.63888888888889,0.0,0.0,0.0,0.0,0.0,0.0,0.0,4,1,4,0,0,0,0,0,0,0,0,0,2,1,4,0,0,0,0,0,0,0,0.5236363636363638,0,-0.34770000000000006,8.7809,0,0,0,0,0,0,0,0,0,0,0,0,0,0,0,1,0,0,0,0,0,0,0,0,0,0,0,0,0,0,0,0,0,0,0,0,0,0,0,0,0,0,0,0,0,0,0,0,0,0,0,0,0,0,0,0,0,0,0,0,0,0,0,0,0,0,0,0,0,0,0,0,0,0,0,0,0,0,0,0,0,0,0,0,0
Tetrachloroethylene,solvent,C(=C(Cl)Cl)(Cl)Cl,1.0,,<rdkit.Chem.rdchem.Mol object at 0x16833a0a0>,4.993827160493827,4.993827160493827,0.09876543209876476,-0.09876543209876498,0.51797640201532,8.0,165.834,165.834,163.87541072,36,0,0.13644179327201345,-0.06822089663600672,0.13644179327201345,0.06822089663600672,0.6666666666666666,0.8333333333333334,0.8333333333333334,35.543795903521655,11.221517558122912,1.8759279385243848,-1.754816993950027,2.195521962341773,-1.4747103791520777,6.672996403618484,2.251521850095896,1.3609640474436813,3.675948764555208,55.61727061434748,5.1547005383792515,2.5118578920369092,5.535573676110726,2.6427344100918364,1.0059289460184544,2.5177868380553634,0.52082161586637,2.4196077047419675,0.14285714285714282,1.2857142857142858,0.0,0.0,0.8999999999999999,13.609640474436812,6.900000000000001,2.975404326822096,3.104081632653062,55.6276550175686,0.0,8.982936348315857,0.0,0.0,0.0,0.0,0.0,0.0,0.0,0.0,46.40375956093006,0.0,0.0,0.0,0.0,46.40375956093006,0.0,0.0,0.0,0.0,0.0,8.982936348315857,0.0,0.0,0.0,0.0,0.0,46.40375956093006,0.0,0.0,0.0,0.0,8.982936348315857,0.0,0.0,0.0,0.0,0.0,0.0,0.0,8.982936348315857,0.0,0.0,0.0,0.0,0.0,0.0,46.40375956093006,-0.19753086419752974,19.975308641975307,0.0,0.0,0.0,0.0,0.0,0.0,0.0,0.0,0.0,6,0,0,0,0,0,0,0,0,0,0,0,0,0,4,0,0,0,0,0,0,0,3.4217149758454113,0,3.0682,30.438000000000002,0,0,0,0,0,0,0,0,0,0,0,0,0,0,0,0,0,0,0,0,0,0,0,0,0,0,0,0,0,0,0,0,0,0,0,0,0,0,0,0,0,0,0,0,4,0,0,0,0,0,0,0,0,0,0,0,0,0,0,0,0,0,0,0,0,0,0,0,0,0,0,0,0,0,0,0,0,0,0,0,0,0,0,0,0
Trichlorobenzene(123),solvent,C1=CC(=C(C(=C1)Cl)Cl)Cl,1.0,,<rdkit.Chem.rdchem.Mol object at 0x168339c40>,5.613765432098765,5.613765432098765,0.41743827160493874,0.41743827160493874,0.5361021552744022,9.666666666666666,181.44899999999998,178.42499999999998,179.930033136,48,0,0.07779504102309424,-0.08265556792103128,0.08265556792103128,0.07779504102309424,0.8888888888888888,1.3333333333333333,1.6666666666666667,35.49994069905176,10.358676907309334,1.9822844948465514,-1.9384671092892396,2.280657345189872,-1.6723829156712866,6.4741478437772555,1.7045030686844014,1.8289585849367003,3.2478347337367026,199.29299954784688,6.85337115112852,4.365944226596559,6.633731064651922,4.21521405516327,2.3109636453701334,3.444857064397815,1.5356409209032413,2.7280056473936805,0.9044711161625654,2.1350761296712277,0.4774825582937496,1.0009153974292928,0.08999999999999991,109.73751509620202,7.200011001100109,2.7822002817304186,1.5113363246814933,68.34120180014199,0.0,0.0,0.0,0.0,0.0,0.0,0.0,0.0,0.0,0.0,40.86918673915916,12.13273413692322,0.0,15.067899941223978,0.0,34.802819670697545,0.0,0.0,0.0,0.0,0.0,33.26700114660881,0.0,0.0,0.0,0.0,0.0,34.802819670697545,0.0,0.0,0.0,0.0,18.19910120538483,15.067899941223978,0.0,0.0,0.0,0.0,0.0,0.0,0.0,15.067899941223978,0.0,0.0,18.19910120538483,0.0,0.0,34.802819670697545,0.0,16.808888888888887,0.0,1.397376543209878,0.0,0.0,5.127067901234568,0.0,0.0,0.0,0.0,9,0,0,0,0,0,0,1,0,1,0,0,0,0,3,0,0,0,0,0,0,0,2.2257636261914264,1,3.6468000000000007,41.47200000000001,0,0,0,0,0,0,0,0,0,0,0,0,0,0,0,0,0,0,0,0,0,0,0,0,0,0,0,0,0,0,0,0,0,0,1,0,0,0,0,0,0,0,0,0,3,0,0,0,0,0,0,0,0,0,0,0,0,0,0,0,0,0,0,0,0,0,0,0,0,0,0,0,0,0,0,0,0,0,0,0,0,0,0,0,0
Trichloroethylene,solvent,C(=C(Cl)Cl)Cl,1.0,,<rdkit.Chem.rdchem.Mol object at 0x168338e40>,4.9567901234567895,4.9567901234567895,0.08950617283950679,0.08950617283950679,0.47377505861481944,7.0,131.389,130.381,129.914383072,30,0,0.1176031867403948,-0.0903590844896965,0.1176031867403948,0.0903590844896965,1.4,1.6,1.6,35.53934101259008,11.24175916168245,1.70133481820837,-1.6398831051025773,2.0542662292372333,-1.3339745863707677,6.578145152858435,2.3625631189483385,1.3787834934861756,3.1431973062780685,42.854752972273346,4.284457050376173,2.2112436882173077,4.479030526272671,2.270055610029662,0.8848574978400325,2.077222224330472,0.39875540678256,1.6248376489191085,0.08247860988423225,0.7423074889580903,0.0,0.0,0.6099999999999999,9.65148445440323,5.609999999999999,2.826919739696312,4.6099999999999985,45.324388790686925,0.0,4.491468174157928,0.0,0.0,0.0,0.0,0.0,0.0,0.0,0.0,34.802819670697545,0.0,5.535201928878213,0.0,0.0,34.802819670697545,0.0,0.0,0.0,0.0,0.0,10.026670103036142,0.0,0.0,0.0,0.0,0.0,34.802819670697545,0.0,0.0,0.0,0.0,10.026670103036142,0.0,0.0,0.0,0.0,0.0,0.0,0.0,4.491468174157928,0.0,5.535201928878213,0.0,0.0,0.0,0.0,34.802819670697545,0.08950617283950679,14.824074074074073,0.0,0.0,1.08641975308642,0.0,0.0,0.0,0.0,0.0,0.0,5,0,0,0,0,0,0,0,0,0,0,0,0,0,3,0,0,0,0,0,0,0,3.1718039479392615,0,2.5017000000000005,25.642,0,0,0,0,0,0,0,0,0,0,0,0,0,0,0,0,0,0,0,0,0,0,0,0,0,0,0,0,0,0,0,0,0,0,0,0,0,0,0,0,0,0,0,0,3,0,0,0,0,0,0,0,0,0,0,0,0,0,0,0,0,0,0,0,0,0,0,0,0,0,0,0,0,0,0,0,0,0,0,0,0,0,0,0,0
